timestamp,pair,action,full_signal,price,rsi_status,rsi_value,ema20_status,ema20_value,ema50_status,ema50_value,ema200_status,ema200_value,macd_status,macd_value,macd_signal_status,macd_signal_value,stoch_k_status,stoch_k_value,stoch_d_status,stoch_d_value,bb_status,bb_high_value,bb_low_value,cci_status,cci_value,adx_status,adx_value,willr_status,willr_value,atr_status,atr_value,obv_status,obv_value,buy_score,sell_score,hold_score,htf_bias,base_bias,quote_bias
2025-10-23T06:24:05.029823-04:00,AUD/CAD,BUY,"BUY (score=5, HTF=NEUTRAL)",0.91094,BUY,45.28282875280088,HOLD,0.9109992557412063,HOLD,0.9109690403021485,HOLD,0.9104316788707886,SELL,-2.3405068528492556e-05,SELL,-4.367334350609277e-06,BUY,13.636363636352167,BUY,4.5454545454507365,BUY,0.9111729795762992,0.9108180204237007,HOLD,-48.716260697813794,SELL,13.008103528630132,BUY,-86.36363636364783,HOLD,5.040444062643131e-05,HOLD,,5,4,6,NEUTRAL,NEUTRAL,NEUTRAL
2025-10-23T06:24:09.125656-04:00,AUD/CHF,BUY,"BUY (score=10, HTF=NEUTRAL)",0.51948,BUY,47.41997080968551,HOLD,0.5195296669722416,HOLD,0.5194334414504573,BUY,0.5189376036801074,BUY,1.0670681991231667e-05,BUY,3.708829158785553e-05,BUY,15.000000000044409,BUY,10.000000000029615,BUY,0.5196870979501259,0.5194139020498741,BUY,-80.41060735668644,BUY,12.73786047262251,BUY,-84.99999999995559,HOLD,5.074265808967947e-05,HOLD,,10,1,4,NEUTRAL,NEUTRAL,NEUTRAL
2025-10-23T06:24:12.545982-04:00,AUD/JPY,BUY,"BUY (score=5, HTF=NEUTRAL)",99.348,BUY,48.5962544832218,HOLD,99.35112057131116,HOLD,99.34515911519908,HOLD,99.26121977496973,SELL,-0.001593547174806531,BUY,0.0007074371049732778,BUY,25.641025641037785,BUY,14.529914529922655,BUY,99.37677394637403,99.32872605362594,HOLD,-31.905961377003976,HOLD,9.670099716330409,HOLD,-74.35897435896221,HOLD,0.007689119675040094,HOLD,,5,2,8,NEUTRAL,NEUTRAL,NEUTRAL
2025-10-23T06:24:16.065350-04:00,AUD/USD,BUY,"BUY (score=10, HTF=NEUTRAL)",0.65117,BUY,42.267506870964986,HOLD,0.6512941773242956,HOLD,0.6512047222059756,BUY,0.6504087585254649,BUY,1.3256729443633652e-05,BUY,4.2276509681372384e-05,BUY,0.0,BUY,7.575757575756831,BUY,0.6515057035418013,0.6511922964581986,BUY,-191.85423365483157,BUY,12.184737734612705,BUY,-100.0,HOLD,5.4845003662999246e-05,HOLD,,10,1,4,NEUTRAL,NEUTRAL,NEUTRAL
2025-10-23T06:24:21.862352-04:00,CAD/CHF,BUY,"BUY (score=4, HTF=NEUTRAL)",0.57026,SELL,52.95134223802184,HOLD,0.57023025685167,HOLD,0.570138979482691,HOLD,0.5699349661759449,BUY,3.5141181214393136e-05,BUY,4.903658663850182e-05,HOLD,50.0,BUY,25.75757575759714,BUY,0.57033943117639,0.5701905688236101,HOLD,-11.494252873635826,HOLD,9.433639119498768,HOLD,-50.0,HOLD,6.691714204804879e-05,HOLD,,4,2,9,NEUTRAL,NEUTRAL,NEUTRAL
2025-10-23T06:24:26.512794-04:00,CHF/JPY,SELL,"SELL (score=9, HTF=NEUTRAL)",191.22701,SELL,54.00311340505372,HOLD,191.21338754837828,HOLD,191.2341498403997,HOLD,191.25381515633813,SELL,-0.0041470102526375285,SELL,-0.009335637257789237,SELL,97.79999999999723,SELL,95.29142267714097,BUY,191.23578157236503,191.184624427635,SELL,107.72682113883795,SELL,14.22293639335588,SELL,-2.200000000002779,HOLD,0.009363508223182767,HOLD,,1,9,5,NEUTRAL,NEUTRAL,NEUTRAL
2025-10-23T06:24:29.603956-04:00,EUR/AUD,SELL,"SELL (score=7, HTF=NEUTRAL)",1.78079,SELL,58.383780131688084,HOLD,1.780574475589516,HOLD,1.7807347644683038,HOLD,1.7820567944306427,BUY,4.9586222341080344e-05,SELL,-3.142300120692475e-05,SELL,90.90909090910009,SELL,95.45454545455006,BUY,1.780937274626113,1.7800667253738875,SELL,99.89594172755109,BUY,19.146460628031402,SELL,-9.090909090899915,HOLD,9.460270828844574e-05,HOLD,,3,7,5,NEUTRAL,NEUTRAL,NEUTRAL
2025-10-23T06:24:33.355251-04:00,EUR/CAD,SELL,"SELL (score=7, HTF=NEUTRAL)",1.62231,SELL,54.74545777541309,HOLD,1.6222267239536603,HOLD,1.6223122634279366,HOLD,1.6225600809659446,BUY,1.1376684908359636e-05,SELL,-2.8652425539717138e-05,SELL,81.818181818139,SELL,81.53743315504691,BUY,1.622413012569629,1.6218759874303708,SELL,95.60947429232262,BUY,13.451560590377872,SELL,-18.181818181861,HOLD,5.9323593602496165e-05,HOLD,,3,7,5,NEUTRAL,NEUTRAL,NEUTRAL
2025-10-23T06:24:38.651829-04:00,EUR/GBP,SELL,"SELL (score=3, HTF=NEUTRAL)",0.86843,BUY,48.694734060205484,HOLD,0.8684278493522696,HOLD,0.8684787415829388,HOLD,0.8686517579338041,SELL,-2.4021262397866394e-05,SELL,-2.6856514109329993e-05,HOLD,54.16666666669365,HOLD,48.61111111113296,BUY,0.8685778404874969,0.8683021595125031,HOLD,-10.752688171994874,HOLD,11.240468894896406,HOLD,-45.83333333330635,HOLD,2.9048860670283788e-05,HOLD,,2,3,10,NEUTRAL,NEUTRAL,NEUTRAL
2025-10-23T06:24:41.859211-04:00,EUR/JPY,SELL,"SELL (score=6, HTF=NEUTRAL)",176.93401,SELL,57.46428106480802,HOLD,176.91702821852826,HOLD,176.91996823521066,HOLD,176.90152681880778,BUY,0.004641125736242202,BUY,0.00025234242515757475,SELL,93.89795918365154,SELL,92.53741496595812,BUY,176.9446822893466,176.8795257106534,SELL,108.25315404813865,BUY,12.396954777239001,SELL,-6.102040816348465,HOLD,0.009061187275894403,HOLD,,4,6,5,NEUTRAL,NEUTRAL,NEUTRAL
2025-10-23T06:24:45.458167-04:00,EUR/USD,BUY,"BUY (score=5, HTF=NEUTRAL)",1.1593,BUY,44.40720397087221,HOLD,1.1593409130689274,HOLD,1.1594295058833515,HOLD,1.1596526029465852,SELL,-2.255749443302868e-05,SELL,-3.0357412974039647e-05,BUY,16.66666666664611,BUY,20.370370370324704,BUY,1.1594347434485017,1.1591962565514982,HOLD,-21.915871332546967,SELL,14.82844975761831,BUY,-83.33333333335389,HOLD,3.9777260543466165e-05,HOLD,,5,4,6,NEUTRAL,NEUTRAL,NEUTRAL
2025-10-23T06:24:49.394757-04:00,GBP/AUD,SELL,"SELL (score=6, HTF=NEUTRAL)",2.05079,SELL,64.37955693576762,HOLD,2.050249094918004,HOLD,2.0502834844581703,HOLD,2.0513741868025415,BUY,0.0001440870020914531,BUY,4.548114297953474e-05,SELL,100.0,SELL,93.93939393940074,BUY,2.0508528277805205,2.04940717221948,SELL,139.24050632910652,BUY,20.2427257421436,SELL,-0.0,BUY,0.00015246297663992013,HOLD,,5,6,4,NEUTRAL,NEUTRAL,NEUTRAL
2025-10-23T06:24:53.462918-04:00,GBP/CAD,SELL,"SELL (score=5, HTF=NEUTRAL)",1.868,SELL,54.158456602691956,HOLD,1.867920685453437,HOLD,1.867909860492481,HOLD,1.8678222988802056,BUY,6.290275645692844e-05,BUY,2.6121961534030904e-05,SELL,75.86206896554232,SELL,83.03229337713026,BUY,1.868327819892333,1.8672841801076667,HOLD,51.322751322820274,BUY,15.44825297370063,SELL,-24.137931034457676,HOLD,8.63846574960729e-05,HOLD,,4,5,6,NEUTRAL,NEUTRAL,NEUTRAL
2025-10-23T06:24:56.582244-04:00,GBP/CHF,BUY,"BUY (score=4, HTF=NEUTRAL)",1.0653,SELL,55.159717477188686,HOLD,1.0652691548637185,HOLD,1.06511527324419,HOLD,1.06467607165746,BUY,7.358623004183329e-05,BUY,7.819084123374638e-05,HOLD,54.838709677414734,SELL,63.7341153470313,BUY,1.065502312309432,1.0649896876905678,HOLD,30.50847457626853,BUY,18.295834371318502,HOLD,-45.161290322585266,HOLD,5.060476704822757e-05,HOLD,,4,3,8,NEUTRAL,NEUTRAL,NEUTRAL
2025-10-23T06:25:00.745055-04:00,GBP/JPY,SELL,"SELL (score=6, HTF=NEUTRAL)",203.73199,SELL,58.23799513879216,HOLD,203.7114228368975,HOLD,203.70293509383404,HOLD,203.64029102120784,BUY,0.010833737576348312,BUY,0.006278190700010834,SELL,89.6242674939561,SELL,92.5025853154126,BUY,203.75265396993373,203.65324103006625,SELL,93.28788189049158,BUY,13.455590473476022,SELL,-10.375732506043901,HOLD,0.011212384423221264,HOLD,,4,6,5,NEUTRAL,NEUTRAL,NEUTRAL
2025-10-23T06:25:04.485186-04:00,GBP/USD,BUY,"BUY (score=9, HTF=NEUTRAL)",1.33481,BUY,40.9012808389842,HOLD,1.33497381202536,HOLD,1.3350040948550723,HOLD,1.334999288644317,BUY,2.6983029768334887e-06,BUY,3.6531828618657647e-06,BUY,12.195121951244609,BUY,40.44242768011205,BUY,1.3352303688991503,1.3346336311008498,HOLD,-59.8039215686044,BUY,14.207930800798911,BUY,-87.80487804875538,BUY,7.079022964164137e-05,HOLD,,9,1,5,NEUTRAL,NEUTRAL,NEUTRAL
2025-10-23T06:25:08.040656-04:00,USD/CAD,SELL,"SELL (score=6, HTF=NEUTRAL)",1.3997,SELL,57.335929002110156,HOLD,1.3994350658468078,HOLD,1.3993996839734677,HOLD,1.399340722613484,BUY,3.1760107346956445e-05,BUY,9.933157773607326e-06,SELL,100.0,SELL,80.27210884353933,BUY,1.3996922204569326,1.3990977795430672,SELL,207.48299319716526,HOLD,6.724054976127974,SELL,-0.0,BUY,0.00014461254538261642,HOLD,,4,6,5,NEUTRAL,NEUTRAL,NEUTRAL
2025-10-23T06:25:11.677320-04:00,USD/CHF,SELL,"SELL (score=6, HTF=NEUTRAL)",0.79812,SELL,62.153456368549364,HOLD,0.7980203752426118,HOLD,0.7978896323107112,HOLD,0.7975674243246244,BUY,5.172625638061312e-05,BUY,5.550045466158113e-05,SELL,100.0,SELL,85.71428571427437,BUY,0.7981263314877423,0.7979306685122578,SELL,166.4392905865986,BUY,21.083438603124968,SELL,-0.0,HOLD,4.0765122575798754e-05,HOLD,,4,6,5,NEUTRAL,NEUTRAL,NEUTRAL
2025-10-23T06:25:15.227887-04:00,USD/JPY,SELL,"SELL (score=6, HTF=NEUTRAL)",152.636,SELL,64.09417920464725,HOLD,152.602909740104,HOLD,152.5928594357428,HOLD,152.54683149893737,BUY,0.008278947105083034,BUY,0.004382290396376627,SELL,100.0,SELL,100.0,BUY,152.63497128842744,152.5664267115726,SELL,168.1120080004755,HOLD,11.449900389089946,SELL,-0.0,HOLD,0.009882958543650608,HOLD,,3,6,6,NEUTRAL,NEUTRAL,NEUTRAL
2025-10-23T06:39:53.703953-04:00,AUD/CAD,BUY,"BUY (score=7, HTF=NEUTRAL)",0.91058,BUY,35.01017489234819,HOLD,0.910766859961885,HOLD,0.9108595338938087,HOLD,0.9104791165745773,SELL,-0.00010161130273500518,SELL,-7.945586748790783e-05,BUY,11.363636363635218,BUY,8.83838383838381,BUY,0.9110431824736239,0.9105388175263761,BUY,-127.99514710340189,SELL,20.72505774930706,BUY,-88.63636363636478,BUY,5.8108789552447484e-05,HOLD,,7,4,4,NEUTRAL,NEUTRAL,NEUTRAL
2025-10-23T06:39:57.835480-04:00,AUD/CHF,BUY,"BUY (score=6, HTF=SELL)",0.51872,BUY,22.096331829229143,SELL,0.5193610911408212,SELL,0.5193923680046688,HOLD,0.5189999444813359,SELL,-8.253997544793723e-05,SELL,-3.883292944778146e-05,BUY,0.0,HOLD,47.36842105262442,BUY,0.5197123982175427,0.5190616017824574,BUY,-505.8778915437293,SELL,14.85852927840468,BUY,-100.0,BUY,9.192703015713437e-05,HOLD,,6,5,4,SELL,NEUTRAL,NEUTRAL
2025-10-23T06:40:01.159514-04:00,AUD/JPY,BUY,"BUY (score=6, HTF=NEUTRAL)",99.321,BUY,41.58656909851366,HOLD,99.33345122434595,HOLD,99.33838255421415,HOLD,99.27164995378696,SELL,-0.0071943200571240595,SELL,-0.0057944766697612055,BUY,8.333333333313597,BUY,18.055555555542426,BUY,99.35289638927499,99.316203610725,BUY,-111.5915173977816,SELL,12.479438188761447,BUY,-91.66666666668641,HOLD,0.006947148869619464,HOLD,,6,4,5,NEUTRAL,NEUTRAL,NEUTRAL
2025-10-23T06:40:04.241652-04:00,AUD/USD,BUY,"BUY (score=7, HTF=NEUTRAL)",0.651,BUY,39.31132844817176,HOLD,0.6511694415853174,HOLD,0.6511688085447601,HOLD,0.6504601025374953,SELL,-6.173144777210648e-05,SELL,-2.9129109722605264e-05,BUY,0.0,BUY,7.017543859647604,BUY,0.6515052995741858,0.6509417004258141,BUY,-116.8627450980115,SELL,15.041179878986895,BUY,-100.0,BUY,6.705388416382214e-05,HOLD,,7,4,4,NEUTRAL,NEUTRAL,NEUTRAL
2025-10-23T06:40:07.701729-04:00,CAD/JPY,SELL,"SELL (score=6, HTF=NEUTRAL)",109.063,SELL,54.91228282558005,HOLD,109.05630230391085,HOLD,109.05113592520442,HOLD,109.0233034587704,BUY,0.0035423038525124184,BUY,0.0026987459656535465,SELL,84.61538461541825,SELL,87.1794871795152,BUY,109.06872442870988,109.04137557129013,SELL,93.72236958439967,HOLD,7.944052422706031,SELL,-15.38461538458175,HOLD,0.00640506757191419,HOLD,,3,6,6,NEUTRAL,NEUTRAL,NEUTRAL
2025-10-23T06:40:11.338095-04:00,CAD/CHF,BUY,"BUY (score=7, HTF=SELL)",0.56961,BUY,27.779652540897175,SELL,0.5701902128883999,HOLD,0.570164821031841,HOLD,0.5699739516456738,SELL,-2.7279286407111414e-05,BUY,9.136713580309967e-06,BUY,0.0,SELL,62.121212121199086,BUY,0.5704997182945971,0.5699142817054029,BUY,-538.5656292290411,HOLD,10.630453927519593,BUY,-100.0,BUY,0.00010096104896426538,HOLD,,7,3,5,SELL,NEUTRAL,NEUTRAL
2025-10-23T06:40:14.978630-04:00,CHF/JPY,BUY,"BUY (score=7, HTF=NEUTRAL)",191.188,BUY,37.87566737301278,HOLD,191.2174067674193,HOLD,191.22789336341341,HOLD,191.24910788461708,SELL,-0.0035112152385181616,BUY,0.00024616833401014935,BUY,0.0,BUY,0.0,BUY,191.25123736903504,191.19346663096496,BUY,-209.08731245634374,SELL,12.304407927855733,BUY,-100.0,HOLD,0.00978696093174546,HOLD,,7,3,5,NEUTRAL,NEUTRAL,NEUTRAL
2025-10-23T06:40:22.343985-04:00,EUR/CAD,BUY,"BUY (score=6, HTF=NEUTRAL)",1.62203,BUY,39.991340237184026,HOLD,1.622200837181584,HOLD,1.6222707402762964,HOLD,1.6225147289577564,SELL,-3.951115076072931e-05,SELL,-1.2572193329561054e-05,BUY,0.0,BUY,1.66666666665927,BUY,1.622507033973413,1.6220139660265869,BUY,-159.24006908464517,HOLD,11.483261404567783,BUY,-100.0,HOLD,7.118646050408938e-05,HOLD,,6,3,6,NEUTRAL,NEUTRAL,NEUTRAL
2025-10-23T06:40:25.772932-04:00,EUR/CHF,SELL,"SELL (score=6, HTF=NEUTRAL)",0.92525,SELL,57.863902569875826,HOLD,0.9251843643192379,HOLD,0.9251252685872314,HOLD,0.9249212573943931,BUY,2.9799294491539285e-05,BUY,2.02517856146078e-05,SELL,85.0000000000111,SELL,90.00000000000739,BUY,0.9252839766329355,0.9250700233670646,SELL,114.7798742138408,HOLD,11.547833495405254,SELL,-14.999999999988898,HOLD,3.863891198376719e-05,HOLD,,3,6,6,NEUTRAL,NEUTRAL,NEUTRAL
2025-10-23T06:40:30.062204-04:00,EUR/GBP,SELL,"SELL (score=8, HTF=NEUTRAL)",0.86842,SELL,54.84977774642292,HOLD,0.8683833836656089,HOLD,0.8684252194607379,HOLD,0.8686089589824552,SELL,-8.132386631110045e-06,SELL,-1.9220146717504122e-05,SELL,100.0,SELL,92.59259259262001,BUY,0.868443999999948,0.8683000000000518,SELL,103.89610389616007,HOLD,11.080144656340364,SELL,-0.0,BUY,2.311263209708314e-05,HOLD,,2,8,5,NEUTRAL,NEUTRAL,NEUTRAL
2025-10-23T06:40:33.735787-04:00,EUR/JPY,BUY,"BUY (score=8, HTF=NEUTRAL)",176.918,BUY,47.62169882033975,HOLD,176.92322937506353,HOLD,176.92281703452522,HOLD,176.90522871746984,BUY,0.0006283125671018297,BUY,0.002698668744240179,BUY,6.666666666698246,BUY,2.22222222223272,BUY,176.9427824906876,176.91222250931241,BUY,-102.15270499073245,HOLD,8.679554996803104,BUY,-93.33333333330175,HOLD,0.007440776581400023,HOLD,,8,1,6,NEUTRAL,NEUTRAL,NEUTRAL
2025-10-23T06:40:37.074305-04:00,EUR/USD,BUY,"BUY (score=4, HTF=NEUTRAL)",1.15927,BUY,47.85259397080781,HOLD,1.159286164426465,HOLD,1.15935517551088,HOLD,1.159596390060245,SELL,-1.9624674329365988e-05,SELL,-2.3971312321289045e-05,BUY,42.857142857142854,BUY,44.44444444442096,BUY,1.1593989833322191,1.1591590166677808,HOLD,-12.499999999901698,HOLD,9.94106920286421,HOLD,-57.142857142857146,HOLD,5.0885209619110466e-05,HOLD,,4,3,8,NEUTRAL,NEUTRAL,NEUTRAL
2025-10-23T06:40:41.299688-04:00,GBP/AUD,SELL,"SELL (score=6, HTF=NEUTRAL)",2.0512,SELL,62.25705810939344,HOLD,2.0508304596877087,HOLD,2.0505990096421027,HOLD,2.0513095235527223,BUY,0.00020905608752253002,BUY,0.0002082669801951261,SELL,100.0,SELL,85.03401360543786,BUY,2.051262179959842,2.050461820040158,SELL,139.2665842605215,BUY,21.236996825313735,SELL,-0.0,BUY,0.00014490642875186936,HOLD,,5,6,4,NEUTRAL,NEUTRAL,NEUTRAL
2025-10-23T06:40:45.349354-04:00,GBP/CAD,BUY,"BUY (score=7, HTF=NEUTRAL)",1.86774,BUY,41.387957754198034,HOLD,1.8679409373681546,HOLD,1.8679498544151956,HOLD,1.8678514743100296,SELL,-4.403526453544693e-05,BUY,9.971270550970509e-06,BUY,5.263157894741455,BUY,1.7543859649138371,BUY,1.8683928076415524,1.8676651923584475,BUY,-143.88847398549268,SELL,12.77564085487486,BUY,-94.73684210525855,HOLD,9.297203326495114e-05,HOLD,,7,3,5,NEUTRAL,NEUTRAL,NEUTRAL
2025-10-23T06:40:52.056243-04:00,GBP/JPY,BUY,"BUY (score=9, HTF=NEUTRAL)",203.713,BUY,43.774680812588294,HOLD,203.7280210884483,HOLD,203.7180911857713,HOLD,203.65448957416933,BUY,0.002466058865593368,BUY,0.007434592466123039,BUY,0.0,BUY,0.0,BUY,203.75753514369035,203.7135628563097,BUY,-174.87775464080397,BUY,13.194781065569419,BUY,-100.0,HOLD,0.007814719142392302,HOLD,,9,1,5,NEUTRAL,NEUTRAL,NEUTRAL
2025-10-23T06:40:55.799505-04:00,GBP/USD,BUY,"BUY (score=6, HTF=NEUTRAL)",1.33495,BUY,47.729370918962516,HOLD,1.3349984352829043,HOLD,1.3350096407162662,HOLD,1.3350025982698495,SELL,-6.450070264785168e-06,BUY,4.692985089280937e-06,BUY,11.53846153845497,BUY,14.957264957238095,BUY,1.3351906290750473,1.3348263709249528,HOLD,-58.91238670715841,HOLD,7.837280727614816,BUY,-88.46153846154503,HOLD,8.401224730535281e-05,HOLD,,6,2,7,NEUTRAL,NEUTRAL,NEUTRAL
2025-10-23T06:41:00.822849-04:00,USD/CAD,SELL,"SELL (score=3, HTF=NEUTRAL)",1.39939,BUY,48.96581071995871,HOLD,1.3994295079182009,HOLD,1.399425271891491,HOLD,1.3993595268211412,SELL,-2.5434144855118745e-05,SELL,-3.529003495960914e-06,HOLD,47.54098360654127,HOLD,47.05525197328288,BUY,1.3998623540831967,1.3991086459168032,HOLD,-39.44650970684059,HOLD,6.659070066508353,HOLD,-52.45901639345873,HOLD,0.00016472284817862977,HOLD,,2,3,10,NEUTRAL,NEUTRAL,NEUTRAL
2025-10-23T06:41:04.453924-04:00,USD/CHF,BUY,"BUY (score=5, HTF=NEUTRAL)",0.79812,SELL,54.53047279207349,HOLD,0.7980759066773967,HOLD,0.7979803753406239,HOLD,0.7976428599317092,BUY,3.5455675411855125e-05,BUY,3.170284246109289e-05,SELL,70.00000000002221,SELL,80.0000000000148,BUY,0.7981964090567075,0.7979545909432926,HOLD,54.434250764669095,BUY,13.915578623373717,HOLD,-29.999999999977796,BUY,5.328270976210581e-05,HOLD,,5,4,6,NEUTRAL,NEUTRAL,NEUTRAL
2025-10-23T07:00:09.955109-04:00,AUD/CAD,SELL,"SELL (score=7, HTF=NEUTRAL)",0.91031,BUY,47.05069793640635,HOLD,0.9102966649345441,HOLD,0.9105174850207265,HOLD,0.9104374692222735,SELL,-0.00011796573244560182,SELL,-0.0001465713940025929,SELL,100.0,SELL,77.19298245616908,BUY,0.9104945207459985,0.9100124792540014,HOLD,41.92172138751276,SELL,28.697698328238598,SELL,-0.0,HOLD,6.511123646299198e-05,HOLD,,2,7,6,NEUTRAL,NEUTRAL,NEUTRAL
2025-10-23T07:00:13.687836-04:00,AUD/CHF,SELL,"SELL (score=8, HTF=NEUTRAL)",0.51935,SELL,53.28875687489125,HOLD,0.5192395022872204,HOLD,0.5192953745099901,HOLD,0.5190391894834295,SELL,-2.1252097038182427e-05,SELL,-4.685549469525835e-05,SELL,100.0,SELL,93.42105263157465,BUY,0.5195416598219363,0.5188923401780637,SELL,103.10077519373436,HOLD,7.972786138853729,SELL,-0.0,HOLD,0.00010951272093000286,HOLD,,0,8,7,NEUTRAL,NEUTRAL,NEUTRAL
2025-10-23T07:00:17.119869-04:00,AUD/JPY,SELL,"SELL (score=6, HTF=NEUTRAL)",99.368,SELL,63.169708533033244,HOLD,99.3345354151884,HOLD,99.3333508465132,HOLD,99.28159785891373,BUY,0.006478256223260814,BUY,0.0005632735357063757,SELL,100.0,SELL,95.454545454545,BUY,99.36169039399688,99.28960960600311,SELL,191.0239061795034,BUY,13.689622330604452,SELL,-0.0,BUY,0.010151223031702376,HOLD,,5,6,4,NEUTRAL,NEUTRAL,NEUTRAL
2025-10-23T07:00:20.419010-04:00,AUD/USD,BUY,"BUY (score=6, HTF=NEUTRAL)",0.6507,BUY,38.01326837742847,HOLD,0.6508751427365791,HOLD,0.6510185614848738,HOLD,0.6504846569612008,SELL,-0.00015220724927500484,SELL,-0.00013109806409785992,BUY,23.999999999982236,BUY,15.75757575756434,BUY,0.6513243940441554,0.6504916059558447,BUY,-71.77363699106216,SELL,23.890820892494055,BUY,-76.00000000001776,HOLD,7.568424991423747e-05,HOLD,,6,3,6,NEUTRAL,NEUTRAL,NEUTRAL
2025-10-23T07:00:25.402600-04:00,CAD/JPY,SELL,"SELL (score=6, HTF=NEUTRAL)",109.153,SELL,73.10352393087923,HOLD,109.11488986583532,HOLD,109.08672406846613,BUY,109.03924460118927,BUY,0.02200157798735347,BUY,0.01845438408503172,SELL,100.0,SELL,92.411642411633,BUY,109.16515845292274,109.05424154707727,SELL,128.29629629629366,BUY,33.35174842584437,SELL,-0.0,BUY,0.007878033934589865,HOLD,,5,6,4,NEUTRAL,NEUTRAL,NEUTRAL
2025-10-23T07:00:28.480499-04:00,CAD/CHF,SELL,"SELL (score=6, HTF=NEUTRAL)",0.57052,SELL,56.4639795119022,HOLD,0.5703726792138104,HOLD,0.5702841775551866,HOLD,0.5700459822383807,BUY,5.987156186892939e-05,BUY,4.865312033776497e-05,SELL,100.0,SELL,98.01587301587335,BUY,0.5707198863452754,0.5700161136547246,SELL,120.63492063492022,HOLD,8.689036807715244,SELL,-0.0,HOLD,0.00010258580373027409,HOLD,,2,6,7,NEUTRAL,NEUTRAL,NEUTRAL
2025-10-23T07:00:32.565907-04:00,CHF/JPY,SELL,"SELL (score=6, HTF=NEUTRAL)",191.312,SELL,65.1861645466017,HOLD,191.2748478955826,HOLD,191.25246048472843,HOLD,191.2522247565,BUY,0.02440738520564878,BUY,0.01863512564718763,SELL,80.48780487805809,SELL,91.99797592853571,BUY,191.33979898489625,191.1885990151038,SELL,101.42081650540975,BUY,24.28120554346892,SELL,-19.51219512194192,BUY,0.011786069730482922,HOLD,,5,6,4,NEUTRAL,NEUTRAL,NEUTRAL
2025-10-23T07:00:37.450536-04:00,EUR/AUD,BUY,"BUY (score=10, HTF=NEUTRAL)",1.78124,BUY,43.20702055742931,HOLD,1.7815339834150228,HOLD,1.7812835172483514,HOLD,1.7818500641239448,BUY,0.0001269928382485741,BUY,0.00018808788866558608,BUY,0.0,BUY,17.78206778207318,BUY,1.7819642401430507,1.7812477598569494,BUY,-164.8648648650501,BUY,21.504815209953307,BUY,-100.0,BUY,0.000124150244300363,HOLD,,10,1,4,NEUTRAL,NEUTRAL,NEUTRAL
2025-10-23T07:00:40.941334-04:00,EUR/CAD,BUY,"BUY (score=6, HTF=NEUTRAL)",1.62157,BUY,37.3094562886497,HOLD,1.6218276878719335,HOLD,1.6220091762585123,HOLD,1.6223847266743663,SELL,-0.00011982723351056102,SELL,-9.964283418226831e-05,BUY,5.999999999995559,BUY,1.9999999999985196,BUY,1.6221242863483551,1.6215207136516447,BUY,-141.75438596493157,SELL,16.739921651293976,BUY,-94.00000000000445,HOLD,9.398181244521936e-05,HOLD,,6,4,5,NEUTRAL,NEUTRAL,NEUTRAL
2025-10-23T07:00:45.164937-04:00,EUR/CHF,BUY,"BUY (score=7, HTF=NEUTRAL)",0.92518,BUY,48.26289385239705,HOLD,0.9252001819949182,HOLD,0.9251695593702479,HOLD,0.9249730016011659,BUY,1.2743521690117277e-06,BUY,9.664098885815222e-06,BUY,19.999999999985196,BUY,15.555555555560483,BUY,0.9252935101149764,0.9251204898850236,HOLD,-50.99150141665601,HOLD,7.064499479938976,BUY,-80.00000000001481,HOLD,3.671208545844679e-05,HOLD,,7,1,7,NEUTRAL,NEUTRAL,NEUTRAL
2025-10-23T07:00:50.351818-04:00,EUR/JPY,SELL,"SELL (score=6, HTF=NEUTRAL)",177.02,SELL,66.90087038894251,HOLD,176.9830965486601,HOLD,176.95559762762605,HOLD,176.9181837426394,BUY,0.023627756769940333,BUY,0.019938374915200903,SELL,93.83874552414939,SELL,87.66925957937882,BUY,177.0467717679889,176.9027252320111,SELL,95.24230470319775,BUY,22.971344301893176,SELL,-6.16125447585061,HOLD,0.010604928478443831,HOLD,,4,6,5,NEUTRAL,NEUTRAL,NEUTRAL
2025-10-23T07:00:53.858329-04:00,EUR/USD,BUY,"BUY (score=7, HTF=NEUTRAL)",1.1588,BUY,37.03020227100722,HOLD,1.1590026177929071,HOLD,1.1591522124468485,HOLD,1.1594885464353226,SELL,-9.677033911281718e-05,SELL,-7.974707380116382e-05,BUY,14.705882352971908,BUY,12.594268476627292,BUY,1.1592729038288092,1.1587400961711904,BUY,-131.29868065476063,SELL,17.41054663002003,BUY,-85.29411764702809,BUY,7.259572440885752e-05,HOLD,,7,4,4,NEUTRAL,NEUTRAL,NEUTRAL
2025-10-23T07:00:58.349796-04:00,GBP/AUD,BUY,"BUY (score=6, HTF=NEUTRAL)",2.05011,BUY,34.39167133180274,HOLD,2.050667366255284,HOLD,2.0506908911739963,HOLD,2.0512223465177364,SELL,-0.00016675068875526833,SELL,-4.094643765028345e-05,BUY,7.1428571428656396,BUY,2.3809523809552133,BUY,2.051631761777469,2.0500662382225316,BUY,-152.01069628723806,SELL,18.908207778857882,BUY,-92.85714285713436,HOLD,0.00014648542790032484,HOLD,,6,4,5,NEUTRAL,NEUTRAL,NEUTRAL
2025-10-23T07:01:02.044766-04:00,GBP/CAD,BUY,"BUY (score=6, HTF=NEUTRAL)",1.8664,BUY,29.31234580701461,HOLD,1.8668900013279264,HOLD,1.8673486110615367,HOLD,1.867684599467134,SELL,-0.0003707423884113936,SELL,-0.00032104971783494265,BUY,16.12903225807299,BUY,5.376344086024349,BUY,1.8678493786271155,1.8660616213728844,BUY,-102.16091954029605,SELL,35.90095291257167,BUY,-83.87096774192702,HOLD,0.00012001408761581846,HOLD,,6,4,5,NEUTRAL,NEUTRAL,NEUTRAL
2025-10-23T07:01:07.500265-04:00,GBP/JPY,SELL,"SELL (score=6, HTF=NEUTRAL)",203.743,SELL,55.650276620059046,HOLD,203.72616556325195,HOLD,203.7218955521323,HOLD,203.66719776257483,BUY,0.0012322075368160768,BUY,0.0004190721962797868,SELL,100.0,SELL,69.44386586125245,BUY,203.74895908868106,203.69993991131892,SELL,125.67578553727768,HOLD,8.317119531563819,SELL,-0.0,BUY,0.01189178237084045,HOLD,,4,6,5,NEUTRAL,NEUTRAL,NEUTRAL
2025-10-23T07:01:11.288338-04:00,GBP/USD,BUY,"BUY (score=7, HTF=NEUTRAL)",1.33376,BUY,29.676875380849168,HOLD,1.3341915467437533,HOLD,1.3345469857485357,HOLD,1.3348619262592398,SELL,-0.00028689689789063166,SELL,-0.00024159059956845087,BUY,18.666666666669826,BUY,6.222222222223285,BUY,1.3349573761311755,1.3335346238688246,BUY,-118.5944363103349,SELL,31.729597099922405,BUY,-81.33333333333017,BUY,0.00010424155237149253,HOLD,,7,3,5,NEUTRAL,NEUTRAL,NEUTRAL
2025-10-23T07:01:14.369658-04:00,USD/CAD,SELL,"SELL (score=6, HTF=NEUTRAL)",1.39961,SELL,54.532837723187455,HOLD,1.3995307220349922,HOLD,1.3994830909734373,HOLD,1.3993887001049377,BUY,3.641268411147536e-05,BUY,2.8822700333572526e-05,SELL,76.47058823527107,SELL,68.62745098036147,BUY,1.399756591318757,1.3992774086812427,SELL,75.70207570216243,HOLD,5.790918232975851,SELL,-23.52941176472893,HOLD,7.973218245071319e-05,HOLD,,3,6,6,NEUTRAL,NEUTRAL,NEUTRAL
2025-10-23T07:01:17.669028-04:00,USD/CHF,SELL,"SELL (score=6, HTF=NEUTRAL)",0.79842,SELL,60.57407689104895,HOLD,0.798294005467309,HOLD,0.7981618172669473,HOLD,0.797761958564195,BUY,7.11027421123056e-05,BUY,6.539565236393634e-05,SELL,87.50000000001157,SELL,85.22727272727427,BUY,0.7984750805140393,0.7981179194859607,SELL,113.56321839084949,BUY,16.60334523892216,SELL,-12.499999999988436,HOLD,5.794225429309449e-05,HOLD,,4,6,5,NEUTRAL,NEUTRAL,NEUTRAL
2025-10-23T07:20:47.340884-04:00,AUD/CAD,BUY,"BUY (score=7, HTF=NEUTRAL)",0.91017,BUY,42.8245847551979,HOLD,0.9102774201123577,HOLD,0.9103843912247394,HOLD,0.91040898757054,SELL,-2.8903591599349632e-05,SELL,-2.6616893756244853e-05,BUY,0.0,BUY,25.925925925935644,BUY,0.9104101611855685,0.9101618388144318,BUY,-143.7422552664255,HOLD,11.66579828348848,BUY,-100.0,BUY,6.739713126757104e-05,HOLD,,7,3,5,NEUTRAL,NEUTRAL,NEUTRAL
2025-10-23T07:20:51.078537-04:00,AUD/CHF,SELL,"SELL (score=7, HTF=NEUTRAL)",0.51937,SELL,53.906778785916025,HOLD,0.5192188408534686,HOLD,0.5192623620151074,HOLD,0.5190767010619207,SELL,-3.090956906304232e-05,SELL,-1.8848959071682687e-05,SELL,100.0,HOLD,53.84615384615165,BUY,0.5195288904078162,0.5189701095921838,SELL,103.38910338909429,HOLD,7.962004133151886,SELL,-0.0,BUY,0.0001365990344303975,HOLD,,2,7,6,NEUTRAL,NEUTRAL,NEUTRAL
2025-10-23T07:20:54.034013-04:00,AUD/JPY,SELL,"SELL (score=4, HTF=NEUTRAL)",99.357,SELL,52.05278487034084,HOLD,99.35411329208154,HOLD,99.3470801934796,HOLD,99.29609566280824,BUY,0.004010758609410914,BUY,0.004225717316169139,SELL,62.79069767441169,SELL,78.29457364339859,BUY,99.38185061473393,99.33304938526607,HOLD,-3.2085561496362804,HOLD,10.786933065908485,HOLD,-37.20930232558831,HOLD,0.009325891421649388,HOLD,,3,4,8,NEUTRAL,NEUTRAL,NEUTRAL
2025-10-23T07:21:07.114212-04:00,AUD/USD,BUY,"BUY (score=5, HTF=NEUTRAL)",0.65062,BUY,40.235852331984916,HOLD,0.6507335195411701,HOLD,0.6509001540319559,HOLD,0.650501696060958,SELL,-0.00011360762204182251,SELL,-0.0001206166078503983,BUY,40.9090909090565,BUY,31.58508158506466,BUY,0.6508804228565275,0.6505045771434725,BUY,-72.13930348264128,SELL,23.04528319942468,HOLD,-59.0909090909435,HOLD,6.646123151433656e-05,HOLD,,5,4,6,NEUTRAL,NEUTRAL,NEUTRAL
2025-10-23T07:21:10.499539-04:00,CAD/JPY,SELL,"SELL (score=6, HTF=NEUTRAL)",109.152,SELL,58.318319826605446,HOLD,109.13509909265962,HOLD,109.11499053382354,HOLD,109.05720556310415,BUY,0.007630229688359691,BUY,0.007651293008493194,SELL,97.82608695651166,SELL,97.60869565216285,BUY,109.16540533343553,109.11149466656448,SELL,86.81723530349579,BUY,18.41062102966818,SELL,-2.173913043488335,HOLD,0.009848264880377018,HOLD,,4,6,5,NEUTRAL,NEUTRAL,NEUTRAL
2025-10-23T07:21:14.017380-04:00,CAD/CHF,SELL,"SELL (score=7, HTF=NEUTRAL)",0.57057,SELL,56.09343112865637,HOLD,0.5703621764772114,HOLD,0.5703282571359153,HOLD,0.5701046180751774,BUY,9.47835424658372e-06,SELL,-8.595650770426865e-06,SELL,100.0,SELL,98.80952380952048,BUY,0.5707451455539602,0.5699978544460399,SELL,128.0438638929186,HOLD,8.978940859703465,SELL,-0.0,HOLD,0.00013384329066923084,HOLD,,1,7,7,NEUTRAL,NEUTRAL,NEUTRAL
2025-10-23T07:21:17.397154-04:00,CHF/JPY,BUY,"BUY (score=9, HTF=NEUTRAL)",191.28999,BUY,44.85856364331557,HOLD,191.30790575850966,HOLD,191.2871921611836,HOLD,191.26388644123526,BUY,0.00556857080320583,BUY,0.011983748518171003,BUY,0.0,BUY,11.854195574005134,BUY,191.35093140262535,191.28276559737463,BUY,-120.70408657385853,BUY,16.52421802114671,BUY,-100.0,HOLD,0.009818559846425141,HOLD,,9,1,5,NEUTRAL,NEUTRAL,NEUTRAL
2025-10-23T07:21:20.492963-04:00,EUR/AUD,BUY,"BUY (score=4, HTF=NEUTRAL)",1.78138,BUY,50.41360947952076,HOLD,1.7813726199253284,HOLD,1.7813080131997612,HOLD,1.7817533202472218,BUY,1.970069353429693e-06,BUY,1.5741476587390561e-06,HOLD,52.70270270269054,HOLD,45.94594594593921,BUY,1.7816827079930275,1.7809432920069728,HOLD,34.65218515624008,HOLD,11.795133702660285,HOLD,-47.29729729730946,HOLD,0.00012252985783695663,HOLD,,4,1,10,NEUTRAL,NEUTRAL,NEUTRAL
2025-10-23T07:21:23.492847-04:00,EUR/CAD,BUY,"BUY (score=5, HTF=NEUTRAL)",1.62156,BUY,44.920097422096646,HOLD,1.6216712027448672,HOLD,1.621805319934658,HOLD,1.6222484058703412,SELL,-4.1477971631342925e-05,SELL,-4.8798444259941954e-05,BUY,15.555555555514985,BUY,31.347517730482895,BUY,1.6218859584114278,1.6213750415885726,HOLD,-46.719681908728255,SELL,12.28198714524622,BUY,-84.44444444448501,HOLD,0.00010431512116724303,HOLD,,5,4,6,NEUTRAL,NEUTRAL,NEUTRAL
2025-10-23T07:21:26.708160-04:00,EUR/CHF,SELL,"SELL (score=7, HTF=NEUTRAL)",0.92526,SELL,58.44832394581391,HOLD,0.925131594161097,HOLD,0.9251293152504962,HOLD,0.9249936255275343,BUY,2.2645264684317823e-05,SELL,-1.3469747189310601e-05,SELL,80.43478260868883,SELL,93.47826086956293,BUY,0.9253342318924407,0.9248337681075594,SELL,113.69509043935155,BUY,13.583575211988329,SELL,-19.56521739131117,BUY,5.941915581860461e-05,HOLD,,4,7,4,NEUTRAL,NEUTRAL,NEUTRAL
2025-10-23T07:21:30.324884-04:00,EUR/GBP,BUY,"BUY (score=7, HTF=NEUTRAL)",0.86864,BUY,42.23030879551314,HOLD,0.8687367100204194,HOLD,0.8686744988943182,HOLD,0.8686454161112714,SELL,-1.26314258286353e-06,BUY,3.161042655789954e-05,BUY,3.225806451597885,BUY,4.301075268809127,BUY,0.8689342233826355,0.8685937766173645,BUY,-122.65084075175247,SELL,21.705592730308716,BUY,-96.77419354840211,HOLD,4.279506500218196e-05,HOLD,,7,3,5,NEUTRAL,NEUTRAL,NEUTRAL
2025-10-23T07:21:34.624845-04:00,EUR/JPY,SELL,"SELL (score=6, HTF=NEUTRAL)",177.011,SELL,58.47248983500422,HOLD,176.99676178500005,HOLD,176.9785100686628,HOLD,176.93239628412448,BUY,0.007889447735465183,BUY,0.007274007048426129,SELL,83.31349678646184,SELL,94.43783226215392,BUY,177.01759765416105,176.97520134583894,SELL,115.34898786706809,BUY,13.791580492800597,SELL,-16.68650321353816,HOLD,0.00840063666373508,HOLD,,4,6,5,NEUTRAL,NEUTRAL,NEUTRAL
2025-10-23T07:21:37.645157-04:00,EUR/USD,BUY,"BUY (score=7, HTF=NEUTRAL)",1.15859,BUY,39.62033861134165,HOLD,1.1587391741187822,HOLD,1.1589129047148117,HOLD,1.1593506872606114,SELL,-8.805815120971339e-05,SELL,-8.853834211895822e-05,BUY,14.285714285725614,BUY,30.9523809523923,BUY,1.158907111393115,1.158556888606885,BUY,-133.3333333333959,SELL,18.891451156611332,BUY,-85.71428571427438,BUY,7.156831124878666e-05,HOLD,,7,4,4,NEUTRAL,NEUTRAL,NEUTRAL
2025-10-23T07:21:40.741839-04:00,GBP/AUD,SELL,"SELL (score=7, HTF=NEUTRAL)",2.05067,SELL,55.777581042231446,HOLD,2.0504143811380295,HOLD,2.0504734481276983,HOLD,2.051042693604612,BUY,3.25698434746613e-05,SELL,-5.479713707249302e-05,SELL,93.00000000004219,SELL,97.66666666668073,BUY,2.0508319529290135,2.049706047070986,SELL,113.22885782875338,BUY,14.11474734693093,SELL,-6.9999999999578115,HOLD,0.0001639818974428666,HOLD,,3,7,5,NEUTRAL,NEUTRAL,NEUTRAL
2025-10-23T07:21:44.063230-04:00,GBP/CAD,SELL,"SELL (score=9, HTF=NEUTRAL)",1.86677,SELL,54.0909268380288,HOLD,1.8666106539117118,HOLD,1.8668828964819337,HOLD,1.8674619263902188,SELL,-3.134901030743542e-05,SELL,-0.00010976473887682598,SELL,93.74999999999349,SELL,92.70833333333155,BUY,1.8668494691162394,1.8661695308837607,SELL,126.25711862353168,SELL,19.161003586710375,SELL,-6.250000000006505,HOLD,0.00010615125184169765,HOLD,,1,9,5,NEUTRAL,NEUTRAL,NEUTRAL
2025-10-23T07:21:47.083935-04:00,GBP/CHF,BUY,"BUY (score=5, HTF=NEUTRAL)",1.06472,BUY,47.86301091736781,HOLD,1.0648052560945322,HOLD,1.0648858287470466,HOLD,1.0647972491391182,BUY,2.2457086984895014e-05,SELL,-4.165116840424443e-05,HOLD,54.20560747664269,SELL,81.6199376947065,BUY,1.0652632409549612,1.0641507590450385,HOLD,3.939393939473612,BUY,13.740134387474564,HOLD,-45.79439252335731,BUY,0.00017305441945872862,HOLD,,5,3,7,NEUTRAL,NEUTRAL,NEUTRAL
2025-10-23T07:21:51.079712-04:00,GBP/JPY,SELL,"SELL (score=5, HTF=NEUTRAL)",203.75,SELL,55.611660328019894,HOLD,203.7316941023709,HOLD,203.72464835198053,HOLD,203.6780471257336,BUY,0.009717307236968509,BUY,0.0024951091605378665,SELL,73.867219169443,SELL,87.68279134011783,BUY,203.78368292042316,203.6639170795768,SELL,72.53297897378988,BUY,13.222880455128424,HOLD,-26.132780830556996,HOLD,0.01443169223015917,HOLD,,4,5,6,NEUTRAL,NEUTRAL,NEUTRAL
2025-10-23T07:21:54.332421-04:00,GBP/USD,SELL,"SELL (score=7, HTF=NEUTRAL)",1.33387,BUY,49.900280470769914,HOLD,1.3338130477812011,HOLD,1.3340943354054389,HOLD,1.3346511152487386,SELL,-7.839871248438435e-05,SELL,-0.00013664355259649386,SELL,100.0,SELL,92.06349206347697,BUY,1.3340299444883557,1.3334670555116444,HOLD,68.76061120537395,SELL,18.19041637596886,SELL,-0.0,HOLD,9.056524227892701e-05,HOLD,,2,7,6,NEUTRAL,NEUTRAL,NEUTRAL
2025-10-23T07:21:57.325294-04:00,USD/CAD,BUY,"BUY (score=9, HTF=NEUTRAL)",1.3994,BUY,46.127555283149505,HOLD,1.3996226037557422,HOLD,1.3995612844444214,HOLD,1.3994306154909286,BUY,2.9478927848991532e-05,BUY,4.595811642036435e-05,BUY,15.873015873016433,BUY,41.26984126984748,BUY,1.3999717547056476,1.3992412452943528,BUY,-85.77362409145658,HOLD,7.455182383170458,BUY,-84.12698412698357,BUY,0.00020473477754033665,HOLD,,9,1,5,NEUTRAL,NEUTRAL,NEUTRAL
2025-10-23T07:22:00.656508-04:00,USD/CHF,SELL,"SELL (score=6, HTF=NEUTRAL)",0.79858,SELL,64.42396924534013,HOLD,0.7984256085094299,HOLD,0.7983023529526863,HOLD,0.7978814428464711,BUY,7.797903706729947e-05,BUY,5.404906259807326e-05,SELL,92.49999999997988,SELL,94.99999999998657,BUY,0.7986300726031605,0.7981479273968395,SELL,132.7771984705669,BUY,17.143231935392947,SELL,-7.500000000020123,HOLD,4.9765890239333527e-05,HOLD,,4,6,5,NEUTRAL,NEUTRAL,NEUTRAL
2025-10-23T07:45:08.746239-04:00,AUD/CAD,BUY,"BUY (score=6, HTF=NEUTRAL)",0.91,BUY,42.04298388485448,HOLD,0.9101508718577971,HOLD,0.9102281850285284,HOLD,0.9103477768584634,SELL,-2.7942292383564826e-05,SELL,-1.1546284794741874e-05,BUY,0.0,BUY,2.3809523809552227,BUY,0.9103395224623134,0.9099944775376867,BUY,-159.04761904742676,HOLD,8.427112406905477,BUY,-100.0,HOLD,7.921159845941212e-05,HOLD,,6,3,6,NEUTRAL,NEUTRAL,NEUTRAL
2025-10-23T07:45:13.267452-04:00,AUD/CHF,BUY,"BUY (score=5, HTF=NEUTRAL)",0.51914,BUY,47.76335285818536,HOLD,0.5191986585481118,HOLD,0.5192238440468268,HOLD,0.5191030717895877,SELL,-1.3173956933454356e-05,SELL,-4.549766376868251e-06,BUY,16.000000000017764,BUY,12.909090909096065,BUY,0.5195986970050169,0.5187673029949832,HOLD,-21.799746514579287,HOLD,4.377106255661046,BUY,-83.99999999998224,HOLD,0.00011006974761187123,HOLD,,5,2,8,NEUTRAL,NEUTRAL,NEUTRAL
2025-10-23T07:45:20.967436-04:00,AUD/JPY,BUY,"BUY (score=7, HTF=NEUTRAL)",99.314,BUY,37.616447919406404,HOLD,99.33988738058937,HOLD,99.34358861011422,HOLD,99.30607197772792,SELL,-0.0057136123545973305,SELL,-0.003355729282885588,BUY,0.0,BUY,19.44444444445763,BUY,99.36505955167398,99.32134044832601,BUY,-232.29912490049696,HOLD,9.367759127078017,BUY,-100.0,BUY,0.008638201989669156,HOLD,,7,3,5,NEUTRAL,NEUTRAL,NEUTRAL
2025-10-23T07:45:24.502238-04:00,AUD/USD,BUY,"BUY (score=5, HTF=NEUTRAL)",0.65053,BUY,40.21724146037272,HOLD,0.6506422899278121,HOLD,0.6507813073174261,HOLD,0.6505144293988541,SELL,-5.750948375327081e-05,SELL,-6.983610176009696e-05,BUY,19.047619047644222,HOLD,47.6190476190577,BUY,0.6507527050669866,0.6504842949330134,BUY,-115.79980372912628,SELL,16.801321359882717,BUY,-80.95238095235578,HOLD,5.7759252072727275e-05,HOLD,,5,4,6,NEUTRAL,NEUTRAL,NEUTRAL
2025-10-23T07:45:28.681145-04:00,CAD/JPY,SELL,"SELL (score=6, HTF=NEUTRAL)",109.138,BUY,51.09906108293588,HOLD,109.1361440616499,HOLD,109.12922166481879,HOLD,109.07468972896847,SELL,-0.0007956709062568734,SELL,-0.00041434941533381763,SELL,76.92307692308533,SELL,69.1480562448268,BUY,109.16300181151429,109.11469818848572,HOLD,-6.223686619173706,HOLD,7.280815157022352,SELL,-23.076923076914667,HOLD,0.007384222707947349,HOLD,,2,6,7,NEUTRAL,NEUTRAL,NEUTRAL
2025-10-23T07:45:33.167629-04:00,CAD/CHF,SELL,"SELL (score=3, HTF=NEUTRAL)",0.57041,BUY,49.93311056305783,HOLD,0.5704107185386448,HOLD,0.5703916767965836,HOLD,0.5701757930321861,SELL,-9.662606555105313e-06,SELL,-1.9068320074216385e-06,HOLD,50.0,HOLD,45.25252525252344,BUY,0.570659279582699,0.5702557204173011,HOLD,-34.703196347097744,HOLD,5.586632188388491,HOLD,-50.0,HOLD,7.187894605988941e-05,HOLD,,2,3,10,NEUTRAL,NEUTRAL,NEUTRAL
2025-10-23T07:45:37.789979-04:00,CHF/JPY,SELL,"SELL (score=6, HTF=NEUTRAL)",191.32401,SELL,58.36655826420032,HOLD,191.30735621937066,HOLD,191.2971986649189,HOLD,191.27189335247775,BUY,0.005210372917701989,BUY,0.003078483448648059,SELL,96.09880415603463,SELL,83.66986865321927,BUY,191.33388696310925,191.27081203689073,SELL,112.67821773793727,HOLD,11.068465222281807,SELL,-3.901195843965361,HOLD,0.00862692828926653,HOLD,,3,6,6,NEUTRAL,NEUTRAL,NEUTRAL
2025-10-23T07:45:44.919845-04:00,EUR/CAD,BUY,"BUY (score=4, HTF=NEUTRAL)",1.622,SELL,57.28336148721558,HOLD,1.62184573187978,HOLD,1.6218093061289964,HOLD,1.6221446419026604,BUY,6.506407290762795e-05,BUY,6.532949657388144e-05,HOLD,47.61904761906776,BUY,38.984126984126334,BUY,1.6222428303976104,1.6214101696023901,SELL,70.31408307996043,HOLD,11.352933127840329,HOLD,-52.38095238093224,HOLD,9.512319702161607e-05,HOLD,,4,3,8,NEUTRAL,NEUTRAL,NEUTRAL
2025-10-23T07:45:49.036713-04:00,EUR/CHF,BUY,"BUY (score=7, HTF=NEUTRAL)",0.92506,BUY,38.03105179248008,HOLD,0.9251841426833683,HOLD,0.9251829896844629,HOLD,0.9250452595311048,SELL,-2.4358071625707467e-05,BUY,6.825393404101515e-07,BUY,0.0,BUY,5.555555555552124,BUY,0.9253711964769877,0.9250618035230123,BUY,-160.02044989754904,SELL,12.917994666682137,BUY,-100.0,HOLD,4.132106116151059e-05,HOLD,,7,3,5,NEUTRAL,NEUTRAL,NEUTRAL
2025-10-23T07:45:53.036405-04:00,EUR/GBP,SELL,"SELL (score=6, HTF=NEUTRAL)",0.86894,SELL,62.518768744457475,HOLD,0.868840573338173,HOLD,0.8687644829500237,HOLD,0.8686792830817506,BUY,5.2060530702613406e-05,BUY,4.186415363614468e-05,SELL,95.2380952381179,SELL,88.41269841270105,BUY,0.8690030547414237,0.8686239452585761,SELL,96.38095238079174,BUY,17.57300155179968,SELL,-4.761904761882104,HOLD,3.7107564605366145e-05,HOLD,,4,6,5,NEUTRAL,NEUTRAL,NEUTRAL
2025-10-23T07:45:57.036750-04:00,EUR/JPY,BUY,"BUY (score=8, HTF=NEUTRAL)",177.00101,BUY,44.8932827135637,HOLD,177.01281450338053,HOLD,177.00101130453208,HOLD,176.95040377812384,BUY,0.0023638829477476975,BUY,0.0048013946742845575,BUY,5.314390949789922,BUY,29.28958411978922,BUY,177.0359311166855,176.9925698833145,BUY,-103.83972895990098,HOLD,10.617517266806557,BUY,-94.68560905021008,HOLD,0.00741012410695335,HOLD,,8,1,6,NEUTRAL,NEUTRAL,NEUTRAL
2025-10-23T07:46:01.339473-04:00,EUR/USD,SELL,"SELL (score=5, HTF=NEUTRAL)",1.15911,SELL,60.27287603044364,HOLD,1.1589669995539564,HOLD,1.1589322669012887,HOLD,1.159254531666046,BUY,6.782880153410886e-05,BUY,6.166399969891171e-05,SELL,59.37500000002385,SELL,59.92772108845629,BUY,1.1592819431248402,1.1586270568751595,SELL,75.89067837973931,BUY,15.974242203959628,HOLD,-40.62499999997615,HOLD,6.323116891153883e-05,HOLD,,4,5,6,NEUTRAL,NEUTRAL,NEUTRAL
2025-10-23T07:46:04.848018-04:00,GBP/AUD,SELL,"SELL (score=6, HTF=NEUTRAL)",2.05094,SELL,56.7770209152029,HOLD,2.0506879137980674,HOLD,2.0506230778306165,HOLD,2.050973707394621,BUY,5.03668052833639e-05,BUY,3.967190701705788e-05,SELL,94.82758620693748,SELL,68.96551724139516,BUY,2.0510019401240718,2.050384059875928,SELL,129.0491118079669,HOLD,9.716209145241674,SELL,-5.172413793062525,BUY,0.00015590090122606653,HOLD,,4,6,5,NEUTRAL,NEUTRAL,NEUTRAL
2025-10-23T07:46:09.646745-04:00,GBP/CAD,BUY,"BUY (score=5, HTF=NEUTRAL)",1.86653,BUY,46.92338820349711,HOLD,1.8665971037624156,HOLD,1.8667164409840582,HOLD,1.867281689165737,SELL,-3.98005879234109e-05,SELL,-1.3703497830419655e-05,BUY,24.285714285717457,BUY,15.714285714284676,BUY,1.8669796819347324,1.8662883180652678,HOLD,-50.46094129057885,SELL,12.021427800252306,BUY,-75.71428571428254,HOLD,0.00010420905952023622,HOLD,,5,4,6,NEUTRAL,NEUTRAL,NEUTRAL
2025-10-23T07:46:13.557662-04:00,GBP/CHF,BUY,"BUY (score=6, HTF=NEUTRAL)",1.06455,BUY,39.860881111866455,HOLD,1.0648018028952122,HOLD,1.0648686129010654,HOLD,1.0648164829867435,SELL,-6.91830933794435e-05,SELL,-2.9548196863198156e-05,BUY,0.0,BUY,0.0,BUY,1.0652262929960012,1.064506707003999,BUY,-138.9986824769648,HOLD,9.762282220853749,BUY,-100.0,HOLD,0.0001037525683669992,HOLD,,6,3,6,NEUTRAL,NEUTRAL,NEUTRAL
2025-10-23T07:46:17.937596-04:00,GBP/JPY,BUY,"BUY (score=6, HTF=NEUTRAL)",203.692,BUY,36.59459689445841,HOLD,203.72526085433188,HOLD,203.72927950574893,HOLD,203.69044959800402,SELL,-0.009294879058273864,SELL,-0.004351972816366356,BUY,0.0,BUY,10.897435897434873,BUY,203.77706221886888,203.68963778113118,BUY,-142.23552276291144,SELL,13.068204875522559,BUY,-100.0,HOLD,0.010311007063638236,HOLD,,6,4,5,NEUTRAL,NEUTRAL,NEUTRAL
2025-10-23T07:46:23.948010-04:00,GBP/USD,BUY,"BUY (score=6, HTF=NEUTRAL)",1.33392,BUY,49.6340754932666,HOLD,1.3339267977175524,HOLD,1.3339971393370331,HOLD,1.3344977639648001,BUY,3.2433540113618875e-06,BUY,1.209246553030654e-05,BUY,33.33333333331792,BUY,38.19444444442968,BUY,1.3342486796063684,1.3336583203936316,HOLD,-18.37378307968069,HOLD,11.289604998250834,HOLD,-66.66666666668209,HOLD,7.822918958800758e-05,HOLD,,6,1,8,NEUTRAL,NEUTRAL,NEUTRAL
2025-10-23T07:46:28.408902-04:00,USD/CAD,SELL,"SELL (score=4, HTF=NEUTRAL)",1.3994,BUY,45.44099152564377,HOLD,1.3995517909015593,HOLD,1.399552148767713,HOLD,1.3994564453565785,SELL,-1.218634879651681e-05,SELL,-3.166147373977674e-06,HOLD,51.72413793102656,SELL,67.81609195401778,BUY,1.3999007333509674,1.3992062666490328,BUY,-73.38353053671229,HOLD,5.5801506207463865,HOLD,-48.27586206897344,HOLD,0.0001312782515091314,HOLD,,3,4,8,NEUTRAL,NEUTRAL,NEUTRAL
2025-10-23T07:46:32.881791-04:00,USD/CHF,BUY,"BUY (score=6, HTF=NEUTRAL)",0.79813,BUY,35.49990172255988,HOLD,0.7982957382212332,HOLD,0.7983221236663748,HOLD,0.7979878050514572,SELL,-6.748370339682008e-05,SELL,-4.392459860336401e-05,BUY,0.0,BUY,0.0,BUY,0.7986319473638537,0.7980240526361462,BUY,-100.91743119266991,SELL,19.45757651059869,BUY,-100.0,HOLD,4.9863462121975005e-05,HOLD,,6,4,5,NEUTRAL,NEUTRAL,NEUTRAL
2025-10-23T08:01:56.304141-04:00,AUD/CHF,BUY,"BUY (score=5, HTF=NEUTRAL)",0.51892,BUY,43.76715231148174,HOLD,0.5189891094602812,HOLD,0.5190872359944857,HOLD,0.5190800037141812,SELL,-6.45304394002455e-05,SELL,-6.137264557106539e-05,BUY,31.250000000008672,BUY,10.41666666666956,BUY,0.5191162350908578,0.5188437649091422,BUY,-75.47169811312322,HOLD,10.765675233249269,HOLD,-68.74999999999133,HOLD,6.0695735009007584e-05,HOLD,,5,3,7,NEUTRAL,NEUTRAL,NEUTRAL
2025-10-23T08:02:02.785699-04:00,AUD/JPY,BUY,"BUY (score=6, HTF=NEUTRAL)",99.264,BUY,32.162742274962696,HOLD,99.29366883126976,HOLD,99.31621134227667,HOLD,99.30363589458614,SELL,-0.018565133082120155,SELL,-0.015264483708622757,BUY,11.594202898543859,BUY,3.864734299514648,BUY,99.33998028896343,99.25311971103656,BUY,-130.33033033036085,SELL,24.321897109134625,BUY,-88.40579710145614,HOLD,0.008063761815320614,HOLD,,6,4,5,NEUTRAL,NEUTRAL,NEUTRAL
2025-10-23T08:02:08.790475-04:00,AUD/USD,BUY,"BUY (score=6, HTF=NEUTRAL)",0.65045,BUY,37.73247055663714,HOLD,0.6505445612017804,HOLD,0.6506954926377386,HOLD,0.6505109657360326,SELL,-7.55199430623188e-05,SELL,-7.18094295431296e-05,BUY,13.79310344825606,BUY,4.597701149418706,BUY,0.6507181275633782,0.6503828724366216,BUY,-89.8725687457871,SELL,20.911502188289862,BUY,-86.20689655174394,HOLD,4.1600475276663316e-05,HOLD,,6,4,5,NEUTRAL,NEUTRAL,NEUTRAL
2025-10-23T08:02:14.249040-04:00,CAD/JPY,BUY,"BUY (score=6, HTF=NEUTRAL)",109.089,BUY,32.6313882800856,HOLD,109.11319577746067,HOLD,109.12046784021676,HOLD,109.0811419198168,SELL,-0.01005101685902332,SELL,-0.00695855478386594,BUY,0.0,BUY,0.0,BUY,109.14571045421918,109.08758954578083,BUY,-161.90894451764981,SELL,15.768965347353102,BUY,-100.0,HOLD,0.006189661302747164,HOLD,,6,4,5,NEUTRAL,NEUTRAL,NEUTRAL
2025-10-23T08:02:20.339202-04:00,CAD/CHF,BUY,"BUY (score=7, HTF=NEUTRAL)",0.57021,BUY,42.59159989007697,HOLD,0.5703124597871362,HOLD,0.5703426774710282,HOLD,0.5701958717807922,SELL,-2.947437226274996e-05,SELL,-2.659179409716675e-05,BUY,0.0,BUY,33.33333333333331,BUY,0.5704085186549583,0.5702074813450417,BUY,-159.34959349606046,HOLD,7.268626561709605,BUY,-100.0,BUY,5.98465011360371e-05,HOLD,,7,3,5,NEUTRAL,NEUTRAL,NEUTRAL
2025-10-23T08:02:25.953801-04:00,CHF/JPY,BUY,"BUY (score=6, HTF=NEUTRAL)",191.278,BUY,40.67016092649121,HOLD,191.30089971056918,HOLD,191.3016823593541,HOLD,191.27801943116467,SELL,-0.008669211449301883,SELL,-0.002513317685267875,BUY,11.227242076858392,BUY,3.742414025619459,BUY,191.3604745391992,191.2624264608008,BUY,-116.73458633568735,SELL,14.904450222501051,BUY,-88.77275792314161,HOLD,0.010340936475839202,HOLD,,6,4,5,NEUTRAL,NEUTRAL,NEUTRAL
2025-10-23T08:02:29.414177-04:00,EUR/AUD,BUY,"BUY (score=5, HTF=NEUTRAL)",1.78213,SELL,55.56373682571151,HOLD,1.7820308447062254,HOLD,1.7818497157349489,HOLD,1.7818079988961772,BUY,6.197173499078446e-05,BUY,8.354018107387327e-05,BUY,43.39622641509197,BUY,34.59119496854793,BUY,1.782368253611486,1.7818317463885145,HOLD,18.867924528298595,HOLD,11.663347374618072,HOLD,-56.60377358490803,HOLD,9.590779709954738e-05,HOLD,,5,2,8,NEUTRAL,NEUTRAL,NEUTRAL
2025-10-23T08:02:34.020002-04:00,EUR/CAD,SELL,"SELL (score=7, HTF=NEUTRAL)",1.62187,SELL,55.81713347550598,HOLD,1.6216877505944933,HOLD,1.6217425001518035,HOLD,1.6220732702590634,SELL,-4.8504247226688335e-05,SELL,-4.928533931479451e-05,SELL,100.0,HOLD,50.84745762712439,BUY,1.6220848460945507,1.621362153905449,HOLD,62.667094428328795,SELL,13.188197822447233,SELL,-0.0,BUY,0.00010862810458188303,HOLD,,2,7,6,NEUTRAL,NEUTRAL,NEUTRAL
2025-10-23T08:02:38.187201-04:00,EUR/CHF,SELL,"SELL (score=5, HTF=NEUTRAL)",0.92488,BUY,42.49954044010226,HOLD,0.9249318747764096,HOLD,0.9250391973256461,HOLD,0.925022634101002,SELL,-8.48799919829224e-05,SELL,-8.29576424893414e-05,SELL,56.52173913045157,BUY,35.19668737061818,BUY,0.9251285378751528,0.9247324621248472,HOLD,-42.860173986817735,SELL,24.62919881796586,HOLD,-43.47826086954843,HOLD,4.567638969493112e-05,HOLD,,3,5,7,NEUTRAL,NEUTRAL,NEUTRAL
2025-10-23T08:02:46.550270-04:00,EUR/GBP,SELL,"SELL (score=6, HTF=NEUTRAL)",0.86893,SELL,57.212580139869985,HOLD,0.8688455434162426,HOLD,0.8688061662119537,HOLD,0.868706239106253,BUY,1.0263435428203849e-05,BUY,5.546688041299875e-06,SELL,87.09677419353683,SELL,78.49462365590666,BUY,0.8690149303119356,0.8687100696880644,SELL,73.4693877552123,BUY,12.82674321928394,SELL,-12.903225806463166,HOLD,4.842684135399538e-05,HOLD,,4,6,5,NEUTRAL,NEUTRAL,NEUTRAL
2025-10-23T08:02:50.295898-04:00,EUR/JPY,BUY,"BUY (score=5, HTF=NEUTRAL)",176.933,BUY,39.15605846329351,HOLD,176.95526092029715,HOLD,176.97653218989348,HOLD,176.9513282207812,SELL,-0.024362205313707364,SELL,-0.01912371787768744,BUY,33.02752293577838,BUY,16.24290155210005,BUY,177.04340119923816,176.88790480076185,HOLD,-64.94949223718348,SELL,26.487824323437813,HOLD,-66.97247706422162,BUY,0.011169076650567083,HOLD,,5,4,6,NEUTRAL,NEUTRAL,NEUTRAL
2025-10-23T08:02:53.845186-04:00,EUR/USD,SELL,"SELL (score=7, HTF=NEUTRAL)",1.15897,SELL,54.40580157605356,HOLD,1.1588883522071567,HOLD,1.1589104501079464,HOLD,1.1591989485865988,SELL,-2.6203609150732277e-05,SELL,-2.0280604189090556e-05,SELL,93.10344827589111,HOLD,50.854302578441015,BUY,1.1591784880474991,1.158676511952501,HOLD,26.856240126344236,SELL,14.129896994272832,SELL,-6.896551724108888,BUY,6.504124722910695e-05,HOLD,,2,7,6,NEUTRAL,NEUTRAL,NEUTRAL
2025-10-23T08:02:58.613486-04:00,GBP/AUD,BUY,"BUY (score=4, HTF=NEUTRAL)",2.05106,SELL,53.84858808543371,HOLD,2.0509483251429654,HOLD,2.0508123219612,HOLD,2.05097882259435,BUY,7.301696652683987e-05,BUY,8.928584074960733e-05,SELL,72.34042553192093,HOLD,46.537717601532755,BUY,2.0513163098015603,2.05063169019844,HOLD,42.28121927237358,HOLD,9.74565296885751,HOLD,-27.659574468079075,BUY,0.00015012274462862253,HOLD,,4,3,8,NEUTRAL,NEUTRAL,NEUTRAL
2025-10-23T08:03:06.218964-04:00,GBP/CHF,BUY,"BUY (score=6, HTF=NEUTRAL)",1.06431,BUY,36.67485941690706,HOLD,1.0645177262739545,HOLD,1.0646744292366488,HOLD,1.064764638573205,SELL,-0.00011012472685645314,SELL,-9.413709377962072e-05,BUY,8.571428571482949,BUY,2.8571428571609734,BUY,1.0647394350557575,1.0642775649442426,BUY,-134.14428112853213,SELL,15.907522292861552,BUY,-91.42857142851705,HOLD,7.378528181839421e-05,HOLD,,6,4,5,NEUTRAL,NEUTRAL,NEUTRAL
2025-10-23T08:03:10.720008-04:00,GBP/JPY,BUY,"BUY (score=6, HTF=NEUTRAL)",203.604,BUY,32.642833811140505,HOLD,203.65730942349435,HOLD,203.69133467634458,HOLD,203.68531870039476,SELL,-0.03109475394154515,SELL,-0.02343530485122402,BUY,12.500000000011843,BUY,4.166666666670641,BUY,203.7468199816139,203.58547801838608,BUY,-126.18791642424672,SELL,23.717727097425325,BUY,-87.49999999998816,HOLD,0.014536563611999679,HOLD,,6,4,5,NEUTRAL,NEUTRAL,NEUTRAL
2025-10-23T08:03:14.528986-04:00,GBP/USD,BUY,"BUY (score=6, HTF=NEUTRAL)",1.33369,BUY,43.23982605724107,HOLD,1.333815068662135,HOLD,1.3339035653989888,HOLD,1.3343912028325495,SELL,-5.122907982402225e-05,SELL,-3.198531938648798e-05,BUY,20.0,BUY,13.983739837391774,BUY,1.334071497863282,1.333603502136718,BUY,-92.11553473848427,HOLD,10.422005604073664,BUY,-80.0,HOLD,8.219382445764436e-05,HOLD,,6,3,6,NEUTRAL,NEUTRAL,NEUTRAL
2025-10-23T08:03:18.617682-04:00,USD/CAD,SELL,"SELL (score=8, HTF=NEUTRAL)",1.39963,SELL,53.86992073320518,HOLD,1.3994789012810134,HOLD,1.3995070793098918,HOLD,1.3994565161121013,SELL,-1.2010687301611256e-05,SELL,-3.178281633327835e-05,SELL,100.0,SELL,69.16666666666487,BUY,1.3997344324868939,1.3991975675131059,SELL,94.09064830748356,HOLD,6.316581389102693,SELL,-0.0,BUY,0.00014112094397957225,HOLD,,2,8,5,NEUTRAL,NEUTRAL,NEUTRAL
2025-10-23T08:03:23.782123-04:00,USD/CHF,BUY,"BUY (score=6, HTF=NEUTRAL)",0.79802,BUY,36.61535575375426,HOLD,0.7981438277021224,HOLD,0.7982225285264654,HOLD,0.798006427274614,SELL,-6.087673260202209e-05,SELL,-5.889013272045195e-05,BUY,0.0,BUY,11.11111111112754,BUY,0.7982260588065364,0.7980219411934635,BUY,-192.59259259312483,SELL,19.821707094794704,BUY,-100.0,HOLD,4.3774328544675635e-05,HOLD,,6,4,5,NEUTRAL,NEUTRAL,NEUTRAL
2025-10-23T08:17:31.313150-04:00,AUD/CAD,BUY,"BUY (score=4, HTF=NEUTRAL)",0.90983,BUY,45.89844738884664,HOLD,0.909870445278465,HOLD,0.9099743515130119,HOLD,0.9102202060450821,SELL,-4.8963417005443155e-05,SELL,-4.518367391677629e-05,BUY,27.586206896578126,BUY,20.689655172433604,BUY,0.9100274056323823,0.9097095943676181,HOLD,-40.96834264424506,HOLD,11.728355146637378,HOLD,-72.41379310342187,HOLD,6.036352752660424e-05,HOLD,,4,3,8,NEUTRAL,NEUTRAL,NEUTRAL
2025-10-23T08:17:35.180351-04:00,AUD/CHF,SELL,"SELL (score=7, HTF=NEUTRAL)",0.51876,BUY,48.02739050607646,HOLD,0.5187746835955309,HOLD,0.5189181393484622,HOLD,0.5190291144734194,SELL,-7.651162493171881e-05,SELL,-8.88097997328191e-05,SELL,78.02197802197963,SELL,74.35897435897624,BUY,0.5191346013557699,0.5184043986442303,HOLD,-6.11030712340198,SELL,12.282603631655999,SELL,-21.97802197802037,HOLD,0.00010495488797921543,HOLD,,2,7,6,NEUTRAL,NEUTRAL,NEUTRAL
2025-10-23T08:17:40.371411-04:00,AUD/JPY,SELL,"SELL (score=9, HTF=NEUTRAL)",99.283,SELL,54.703978665828764,HOLD,99.26406487605836,HOLD,99.28770921308227,HOLD,99.29656008321524,SELL,-0.009638005530632654,SELL,-0.014636512412992131,SELL,100.0,SELL,81.06060606060657,BUY,99.2814948554123,99.23290514458769,SELL,178.7941787942258,SELL,21.652956146316928,SELL,-0.0,BUY,0.010599457171629004,HOLD,,2,9,4,NEUTRAL,NEUTRAL,NEUTRAL
2025-10-23T08:17:44.803171-04:00,AUD/USD,SELL,"SELL (score=6, HTF=NEUTRAL)",0.65049,BUY,47.04523687019219,HOLD,0.6505020477036931,HOLD,0.6506332528815405,HOLD,0.6505077148588709,SELL,-5.116225943924135e-05,SELL,-5.998259702025671e-05,SELL,76.47058823527107,BUY,43.13725490193775,BUY,0.6506202949331419,0.6503657050668583,HOLD,-4.4247787611939975,SELL,17.428114050767075,SELL,-23.52941176472893,BUY,5.3746489831250454e-05,HOLD,,4,6,5,NEUTRAL,NEUTRAL,NEUTRAL
2025-10-23T08:17:49.282070-04:00,CAD/JPY,SELL,"SELL (score=9, HTF=NEUTRAL)",109.116,SELL,62.33005478574091,HOLD,109.08937840232234,HOLD,109.10173328466001,HOLD,109.08094056629275,SELL,-0.004447478448497577,SELL,-0.010161818875371818,SELL,100.0,SELL,100.0,BUY,109.1089209351161,109.05587906488391,SELL,205.88235294122194,SELL,23.584651642440146,SELL,-0.0,BUY,0.007226549250619507,HOLD,,2,9,4,NEUTRAL,NEUTRAL,NEUTRAL
2025-10-23T08:17:53.277931-04:00,CAD/CHF,BUY,"BUY (score=5, HTF=NEUTRAL)",0.5701,BUY,41.65749753656074,HOLD,0.5701587088098599,HOLD,0.5702402843646204,HOLD,0.5701861179864384,SELL,-5.337967175367275e-05,SELL,-5.656370676564009e-05,BUY,22.222222222249634,BUY,27.777777777801735,BUY,0.5703081174033895,0.5700098825966105,HOLD,-60.69958847728588,SELL,13.557683980587333,BUY,-77.77777777775036,HOLD,3.887970155113753e-05,HOLD,,5,4,6,NEUTRAL,NEUTRAL,NEUTRAL
2025-10-23T08:17:57.408772-04:00,CHF/JPY,SELL,"SELL (score=6, HTF=NEUTRAL)",191.37,SELL,69.33960504939898,HOLD,191.31203314618628,HOLD,191.30468828542308,HOLD,191.28197347276745,BUY,0.010809015416896273,BUY,0.0015390963773846654,SELL,100.0,SELL,100.0,BUY,191.3531572585195,191.2435437414805,SELL,243.02815533889506,BUY,14.248868023955408,SELL,-0.0,BUY,0.012091339255931253,HOLD,,5,6,4,NEUTRAL,NEUTRAL,NEUTRAL
2025-10-23T08:18:01.256845-04:00,EUR/AUD,BUY,"BUY (score=6, HTF=NEUTRAL)",1.78242,BUY,51.12210861898653,HOLD,1.7824561181933414,HOLD,1.7821773588652041,HOLD,1.7819146231308767,BUY,0.00014701717347387344,BUY,0.00016322907495462948,BUY,44.44444444442486,SELL,61.90476190476526,BUY,1.7829209907216261,1.7819510092783737,HOLD,-5.069708491766539,BUY,17.181949408611448,HOLD,-55.55555555557514,HOLD,0.00012608169697912887,HOLD,,6,2,7,NEUTRAL,NEUTRAL,NEUTRAL
2025-10-23T08:18:05.066289-04:00,EUR/CAD,BUY,"BUY (score=9, HTF=NEUTRAL)",1.62184,BUY,47.682094942243985,HOLD,1.6219157096358838,HOLD,1.6218540925682365,HOLD,1.6220620271753903,BUY,4.641981925246341e-05,BUY,6.206915715347202e-05,BUY,0.0,BUY,14.285714285699186,BUY,1.6223129701659749,1.621475029834025,HOLD,-22.19482120839,BUY,13.632799527852402,BUY,-100.0,BUY,8.843967661083715e-05,HOLD,,9,1,5,NEUTRAL,NEUTRAL,NEUTRAL
2025-10-23T08:18:10.106767-04:00,EUR/CHF,BUY,"BUY (score=6, HTF=NEUTRAL)",0.92472,BUY,33.70026310814538,HOLD,0.9248313293308152,HOLD,0.9249385784903593,HOLD,0.9249948343671878,SELL,-6.141940420245628e-05,SELL,-5.728769768703152e-05,BUY,0.0,BUY,0.0,BUY,0.924936220368479,0.9247147796315207,BUY,-156.47015202083463,SELL,21.776025633666134,BUY,-100.0,HOLD,3.3329843079796045e-05,HOLD,,6,4,5,NEUTRAL,NEUTRAL,NEUTRAL
2025-10-23T08:18:18.644323-04:00,EUR/GBP,SELL,"SELL (score=6, HTF=NEUTRAL)",0.86913,SELL,65.55018465358182,HOLD,0.8689957380987964,HOLD,0.8689050144269221,HOLD,0.8687497052202432,BUY,6.343325417668133e-05,BUY,5.103137354750006e-05,SELL,100.0,SELL,88.2352941176573,BUY,0.8691564072792142,0.868800592720786,SELL,147.1230881279592,BUY,19.43951361296891,SELL,-0.0,HOLD,3.975987260032287e-05,HOLD,,4,6,5,NEUTRAL,NEUTRAL,NEUTRAL
2025-10-23T08:18:24.497012-04:00,EUR/JPY,SELL,"SELL (score=7, HTF=NEUTRAL)",176.97701,SELL,57.64546807968283,HOLD,176.94785847227473,HOLD,176.9598272692396,HOLD,176.9494867991985,BUY,0.0005839751327414433,SELL,-0.008243659791353363,SELL,92.95377014469325,SELL,97.65125671489773,BUY,176.97864779641597,176.88805020358402,SELL,177.24812951876748,BUY,17.12830668831342,SELL,-7.046229855306751,HOLD,0.013488074708816746,HOLD,,3,7,5,NEUTRAL,NEUTRAL,NEUTRAL
2025-10-23T08:18:31.965887-04:00,EUR/USD,BUY,"BUY (score=8, HTF=NEUTRAL)",1.15911,BUY,51.22651292893642,HOLD,1.1591166589016693,HOLD,1.159034883429808,HOLD,1.1591948440438713,BUY,5.6163143845378016e-05,BUY,6.845606881312478e-05,BUY,16.666666666703673,BUY,38.756613756633115,BUY,1.1594591563036385,1.1587488436963613,HOLD,2.865329512976474,BUY,16.80243550171374,BUY,-83.33333333329632,HOLD,6.464944504996587e-05,HOLD,,8,1,6,NEUTRAL,NEUTRAL,NEUTRAL
2025-10-23T08:18:36.732652-04:00,GBP/AUD,BUY,"BUY (score=7, HTF=NEUTRAL)",2.05058,BUY,39.111511806082746,HOLD,2.0509949650039014,HOLD,2.050918647216785,HOLD,2.0509891350831237,SELL,-2.2515047202631422e-05,BUY,4.810403559271745e-05,BUY,0.0,BUY,2.836879432611381,BUY,2.051457417639361,2.0506075823606396,BUY,-168.7645687647181,HOLD,11.162876383322347,BUY,-100.0,HOLD,0.00014377397461986385,HOLD,,7,2,6,NEUTRAL,NEUTRAL,NEUTRAL
2025-10-23T08:18:41.453339-04:00,GBP/CAD,BUY,"BUY (score=7, HTF=NEUTRAL)",1.86572,BUY,29.258505707800694,HOLD,1.8662807088343132,HOLD,1.866435703046442,HOLD,1.8670233244143848,SELL,-0.00012079641430862154,SELL,-5.63201368659092e-05,BUY,0.0,BUY,0.0,BUY,1.866763397112214,1.8658596028877863,BUY,-222.53574115874025,SELL,13.774937960851727,BUY,-100.0,BUY,0.0001121134300528123,HOLD,,7,4,4,NEUTRAL,NEUTRAL,NEUTRAL
2025-10-23T08:18:46.163192-04:00,GBP/CHF,BUY,"BUY (score=6, HTF=NEUTRAL)",1.06387,BUY,25.36812315453828,HOLD,1.0641722091218346,HOLD,1.0644146162266042,HOLD,1.064673050050031,SELL,-0.0001614334672013218,SELL,-0.0001381618914514937,BUY,0.0,BUY,0.0,BUY,1.0645047302003134,1.0638702697996862,BUY,-164.0826873383273,SELL,27.802107464847392,BUY,-100.0,HOLD,5.8335713067076004e-05,HOLD,,6,4,5,NEUTRAL,NEUTRAL,NEUTRAL
2025-10-23T08:18:50.989382-04:00,GBP/JPY,SELL,"SELL (score=6, HTF=NEUTRAL)",203.606,BUY,46.08050446186911,HOLD,203.61033515193253,HOLD,203.64696912542257,HOLD,203.67227677921144,SELL,-0.016103582571389552,SELL,-0.02235112803033877,SELL,71.10468993109235,SELL,85.47392103393902,BUY,203.6225382726734,203.5723627273266,HOLD,52.748073117330364,SELL,19.276658286421682,HOLD,-28.89531006890764,HOLD,0.013625381928983379,HOLD,,2,6,7,NEUTRAL,NEUTRAL,NEUTRAL
2025-10-23T08:18:55.058596-04:00,GBP/USD,BUY,"BUY (score=7, HTF=NEUTRAL)",1.33356,BUY,33.63812999717972,HOLD,1.3338272398672546,HOLD,1.3338818985803769,HOLD,1.3343140093997032,SELL,-4.321711227639469e-05,SELL,-4.794275939882837e-06,BUY,0.0,BUY,8.108108108101625,BUY,1.3341539043744162,1.333516095625584,BUY,-130.95238095240737,SELL,14.612989932316873,BUY,-100.0,BUY,6.587101691518923e-05,HOLD,,7,4,4,NEUTRAL,NEUTRAL,NEUTRAL
2025-10-23T08:18:59.485069-04:00,USD/CAD,SELL,"SELL (score=3, HTF=NEUTRAL)",1.39933,BUY,46.25276694615083,HOLD,1.399441140046084,HOLD,1.3994742198021932,HOLD,1.3994543044082823,SELL,-1.8907728803529977e-05,SELL,-1.6575170449208783e-05,HOLD,46.93877551020593,HOLD,53.30707721686155,BUY,1.39975178605756,1.3991572139424402,HOLD,-69.45606694552575,HOLD,5.2985351135040855,HOLD,-53.06122448979407,HOLD,0.00012360786397591742,HOLD,,2,3,10,NEUTRAL,NEUTRAL,NEUTRAL
2025-10-23T08:44:33.608345-04:00,AUD/CAD,SELL,"SELL (score=6, HTF=NEUTRAL)",0.91,SELL,62.15680102887513,HOLD,0.9097728816024,HOLD,0.9098050630403847,HOLD,0.9100956849523711,BUY,4.407512157866833e-05,BUY,4.91297541006289e-06,SELL,100.0,SELL,95.34883720930674,BUY,0.910011276897518,0.9094187231024818,SELL,146.71814671818822,BUY,13.410244537050996,SELL,-0.0,HOLD,7.406969880781397e-05,HOLD,,4,6,5,NEUTRAL,NEUTRAL,NEUTRAL
2025-10-23T08:44:41.031407-04:00,AUD/JPY,SELL,"SELL (score=7, HTF=NEUTRAL)",99.224,BUY,49.57355855813364,HOLD,99.21953539448765,HOLD,99.24413197863134,HOLD,99.2797960864775,SELL,-0.00984423409977353,SELL,-0.01342682606024522,SELL,100.0,SELL,93.16239316240689,BUY,99.25328469624766,99.18011530375234,HOLD,34.68757424573079,SELL,14.645847529124483,SELL,-0.0,HOLD,0.01110525005194111,HOLD,,2,7,6,NEUTRAL,NEUTRAL,NEUTRAL
2025-10-23T08:44:45.403689-04:00,AUD/USD,SELL,"SELL (score=8, HTF=NEUTRAL)",0.65053,SELL,52.67497504688287,HOLD,0.6504467781618548,HOLD,0.6505405845187653,HOLD,0.6504938146253234,SELL,-7.426686871592203e-06,SELL,-3.775013460164652e-05,SELL,83.63636363637575,SELL,76.36363636364715,BUY,0.6506796891201476,0.6501613108798525,HOLD,68.57679661811942,SELL,13.604350004236897,SELL,-16.363636363624252,BUY,9.972043696349871e-05,HOLD,,2,8,5,NEUTRAL,NEUTRAL,NEUTRAL
2025-10-23T08:44:49.866539-04:00,CAD/JPY,BUY,"BUY (score=6, HTF=NEUTRAL)",109.026,BUY,40.66453204079342,HOLD,109.0512095483277,HOLD,109.07469394120575,HOLD,109.07776893154636,SELL,-0.017020864043459483,SELL,-0.015696422771176815,BUY,15.90909090907109,BUY,21.045327221789787,BUY,109.12044982352448,108.99295017647553,BUY,-73.59463022898083,SELL,20.61896506932647,BUY,-84.0909090909289,HOLD,0.01341788446415146,HOLD,,6,3,6,NEUTRAL,NEUTRAL,NEUTRAL
2025-10-23T08:44:53.322073-04:00,CAD/CHF,BUY,"BUY (score=6, HTF=NEUTRAL)",0.56967,BUY,32.9048045036438,HOLD,0.5698848813291013,HOLD,0.570037691969385,HOLD,0.5701342098438615,SELL,-0.00011528486446932273,SELL,-9.184453572908938e-05,BUY,0.0,BUY,2.500000000006679,BUY,0.5703239456482748,0.5695650543517251,BUY,-109.97596153844374,SELL,19.57503445545391,BUY,-100.0,HOLD,5.9071477357603916e-05,HOLD,,6,3,6,NEUTRAL,NEUTRAL,NEUTRAL
2025-10-23T08:45:03.281576-04:00,CHF/JPY,SELL,"SELL (score=5, HTF=NEUTRAL)",191.35699,SELL,56.66053133291174,HOLD,191.33497378613504,HOLD,191.32291442311165,HOLD,191.29336723169052,BUY,0.010300379807290483,BUY,0.005365521394877903,SELL,73.72828396450909,SELL,85.82677165355365,BUY,191.37548181043803,191.28161918956198,SELL,95.72422590842856,BUY,12.318899341318561,HOLD,-26.271716035490915,HOLD,0.014914750238808339,HOLD,,4,5,6,NEUTRAL,NEUTRAL,NEUTRAL
2025-10-23T08:45:13.633968-04:00,EUR/CAD,SELL,"SELL (score=6, HTF=NEUTRAL)",1.62288,SELL,73.54617829486787,HOLD,1.6223625627863671,HOLD,1.622068650867125,HOLD,1.6220615249286796,BUY,0.00029479007804922297,BUY,0.00022269169909717372,SELL,100.0,SELL,94.94906621391432,BUY,1.6232302177111313,1.6211687822888687,SELL,99.59751189171419,BUY,30.93224467076528,SELL,-0.0,HOLD,0.00010267923371914786,HOLD,,3,6,6,NEUTRAL,NEUTRAL,NEUTRAL
2025-10-23T08:45:17.760973-04:00,EUR/CHF,SELL,"SELL (score=9, HTF=NEUTRAL)",0.92469,SELL,53.45671329279578,HOLD,0.9246391523873856,HOLD,0.9247301169717371,HOLD,0.924907102459804,SELL,-1.938321336247828e-05,SELL,-3.773311411907457e-05,SELL,100.0,SELL,68.62745098038319,BUY,0.9247216164544659,0.924500383545534,SELL,117.29769858954013,SELL,18.50762222991301,SELL,-0.0,BUY,3.805828576665151e-05,HOLD,,2,9,4,NEUTRAL,NEUTRAL,NEUTRAL
2025-10-23T08:45:22.454704-04:00,EUR/GBP,BUY,"BUY (score=5, HTF=NEUTRAL)",0.86926,SELL,53.53349906132482,HOLD,0.8692328483214127,HOLD,0.8691322992196054,HOLD,0.868868319676793,BUY,3.942676183965599e-05,BUY,3.9165973643848e-05,SELL,58.064516129048435,SELL,70.96774193548772,BUY,0.8693978584275347,0.8690801415724653,HOLD,24.096385542226997,BUY,16.493165444244003,HOLD,-41.935483870951565,BUY,5.3297104406050105e-05,HOLD,,5,4,6,NEUTRAL,NEUTRAL,NEUTRAL
2025-10-23T08:45:30.609188-04:00,EUR/JPY,SELL,"SELL (score=7, HTF=NEUTRAL)",176.95,SELL,54.680470168673494,HOLD,176.93236328762495,HOLD,176.93806154797957,HOLD,176.94376068294383,BUY,0.0054267645409709075,SELL,-0.0008196818322735335,SELL,81.25195292156575,SELL,80.20345102941401,BUY,176.97841976434836,176.86467423565165,SELL,76.81394761800959,BUY,13.683335259123766,SELL,-18.74804707843426,HOLD,0.014852968019525067,HOLD,,3,7,5,NEUTRAL,NEUTRAL,NEUTRAL
2025-10-23T08:45:37.756864-04:00,EUR/USD,SELL,"SELL (score=6, HTF=NEUTRAL)",1.15996,SELL,72.6901585560352,HOLD,1.1595688159261184,HOLD,1.1592983342457372,HOLD,1.159229705467484,BUY,0.00023231888258856692,BUY,0.00019605843917304966,SELL,100.0,SELL,88.93565282453922,BUY,1.1602263728138014,1.1587326271861986,SELL,98.99052327980753,BUY,33.160882582220694,SELL,-0.0,BUY,8.223698230906882e-05,HOLD,,4,6,5,NEUTRAL,NEUTRAL,NEUTRAL
2025-10-23T08:45:48.216842-04:00,GBP/CAD,SELL,"SELL (score=6, HTF=NEUTRAL)",1.86693,SELL,62.9413853703332,HOLD,1.8664190162822034,HOLD,1.8662563792950448,HOLD,1.86678339460081,BUY,0.0002833626611478124,BUY,0.000202470992312107,SELL,97.95918367345644,SELL,99.31972789115217,BUY,1.8674808138849779,1.8650241861150219,SELL,82.12121212117884,BUY,24.262324502206138,SELL,-2.0408163265435593,HOLD,0.00017997734498770363,HOLD,,3,6,6,NEUTRAL,NEUTRAL,NEUTRAL
2025-10-23T08:45:55.036671-04:00,GBP/CHF,SELL,"SELL (score=5, HTF=NEUTRAL)",1.06363,BUY,45.16280538142589,HOLD,1.0636950371277702,HOLD,1.0639133377977874,HOLD,1.0644313258017035,SELL,-6.573816815169664e-05,SELL,-8.387294024735915e-05,HOLD,45.23809523811789,SELL,57.142857142849586,BUY,1.0638685246290487,1.0634624753709512,HOLD,-29.769392033425984,SELL,20.498283033521325,HOLD,-54.76190476188211,BUY,8.60041997604098e-05,HOLD,,3,5,7,NEUTRAL,NEUTRAL,NEUTRAL
2025-10-23T08:45:59.705029-04:00,GBP/JPY,SELL,"SELL (score=6, HTF=NEUTRAL)",203.532,BUY,47.85290603285061,HOLD,203.53933806972876,HOLD,203.56858331916192,HOLD,203.6375212065019,SELL,-0.0028797400185283095,SELL,-0.00853921920430988,SELL,59.05511811024521,SELL,70.60367454068601,BUY,203.58364848101792,203.47285051898206,HOLD,11.863724538883544,SELL,12.957155090768698,HOLD,-40.94488188975479,HOLD,0.02088598133300338,HOLD,,2,6,7,NEUTRAL,NEUTRAL,NEUTRAL
2025-10-23T08:46:04.545464-04:00,GBP/USD,SELL,"SELL (score=5, HTF=NEUTRAL)",1.33431,SELL,62.344142923724455,HOLD,1.334020116033473,HOLD,1.3338605792183826,HOLD,1.334177035624028,BUY,0.00019791649899358887,BUY,0.00016690361836612633,SELL,92.72727272730356,SELL,93.36119818879223,BUY,1.3347365074983812,1.3331694925016186,HOLD,66.77890011230728,BUY,24.913365728636077,SELL,-7.272727272696444,HOLD,0.00011328155399083921,HOLD,,3,5,7,NEUTRAL,NEUTRAL,NEUTRAL
2025-10-23T08:46:12.671114-04:00,USD/CAD,SELL,"SELL (score=7, HTF=NEUTRAL)",1.39943,SELL,52.72383108097252,HOLD,1.39932861839968,HOLD,1.3993672393623524,HOLD,1.3994204806688548,BUY,2.2822466048122436e-06,SELL,-1.98208723978653e-05,SELL,90.32258064517053,SELL,77.41935483873131,BUY,1.3995352398849248,1.3990347601150754,SELL,102.29276895947004,HOLD,5.155020874967328,SELL,-9.677419354829468,HOLD,0.0001351527392943361,HOLD,,2,7,6,NEUTRAL,NEUTRAL,NEUTRAL
2025-10-23T08:46:17.855576-04:00,USD/CHF,BUY,"BUY (score=6, HTF=NEUTRAL)",0.7972,BUY,27.355306426260867,HOLD,0.7974005206927528,HOLD,0.7976643666347167,HOLD,0.7978768100136601,SELL,-0.0001684876249873346,SELL,-0.000165077125967249,BUY,10.000000000011102,BUY,10.666666666671098,BUY,0.7978489731825442,0.7969820268174557,BUY,-76.95054454558029,SELL,37.12902115649173,BUY,-89.9999999999889,HOLD,4.717354205477397e-05,HOLD,,6,3,6,NEUTRAL,NEUTRAL,NEUTRAL
2025-10-23T09:02:40.073915-04:00,AUD/CAD,BUY,"BUY (score=9, HTF=NEUTRAL)",0.91,BUY,48.34210159653911,HOLD,0.9100710209860868,HOLD,0.9099774953437682,HOLD,0.9101037624107935,BUY,5.732843173555935e-05,BUY,8.945667266275001e-05,BUY,0.0,BUY,12.500000000001444,BUY,0.9103839374923759,0.909872062507624,BUY,-77.71706132363381,BUY,14.447674295370868,BUY,-100.0,HOLD,8.796078607401948e-05,HOLD,,9,1,5,NEUTRAL,NEUTRAL,NEUTRAL
2025-10-23T09:02:48.579811-04:00,AUD/CHF,BUY,"BUY (score=6, HTF=NEUTRAL)",0.5183,BUY,42.73789488680195,HOLD,0.518381952005481,HOLD,0.5185144767722103,SELL,0.5188304865675518,SELL,-5.9316462837744055e-05,SELL,-5.6939947304855e-05,BUY,16.666666666643536,BUY,17.09401709400282,BUY,0.5185511756010821,0.518227824398918,BUY,-85.7279693487346,SELL,14.273892442523822,BUY,-83.33333333335646,HOLD,5.926379243497491e-05,HOLD,,6,5,4,NEUTRAL,NEUTRAL,NEUTRAL
2025-10-23T09:02:54.123404-04:00,AUD/JPY,BUY,"BUY (score=6, HTF=NEUTRAL)",99.197,BUY,44.68621004015432,HOLD,99.21009165650165,HOLD,99.22608669649989,HOLD,99.26816194649005,SELL,-0.005059702366153829,SELL,-0.004798590505456256,BUY,10.638297872358438,BUY,31.205673758865704,BUY,99.2348736593001,99.18592634069991,BUY,-85.89743589746996,HOLD,9.967807242473095,BUY,-89.36170212764156,HOLD,0.011565043378860723,HOLD,,6,3,6,NEUTRAL,NEUTRAL,NEUTRAL
2025-10-23T09:02:59.380995-04:00,AUD/USD,BUY,"BUY (score=4, HTF=NEUTRAL)",0.6507,SELL,52.686741869544846,HOLD,0.6506499549640716,HOLD,0.650616555474769,HOLD,0.6505194861779248,BUY,8.490709393338403e-05,BUY,6.993654973882257e-05,HOLD,49.999999999991836,HOLD,47.35838779956649,BUY,0.6510593032854248,0.6501126967145752,HOLD,38.934426229495614,BUY,15.603045078793638,HOLD,-50.000000000008164,BUY,0.0001127769673808964,HOLD,,4,2,9,NEUTRAL,NEUTRAL,NEUTRAL
2025-10-23T09:03:04.400876-04:00,CAD/JPY,SELL,"SELL (score=6, HTF=NEUTRAL)",108.998,BUY,44.412616668321924,HOLD,109.00621784553313,HOLD,109.03504774033031,HOLD,109.06456590600678,SELL,-0.012856199719749384,SELL,-0.016187244990520707,SELL,55.1724137931288,SELL,62.835249042147474,BUY,109.02914754374365,108.97215245625634,HOLD,-14.827248566325332,SELL,20.015536522677163,HOLD,-44.8275862068712,BUY,0.010652083633147688,HOLD,,3,6,6,NEUTRAL,NEUTRAL,NEUTRAL
2025-10-23T09:03:07.816468-04:00,CAD/CHF,BUY,"BUY (score=5, HTF=NEUTRAL)",0.56946,BUY,40.16165642806396,HOLD,0.5695437367384795,HOLD,0.5697572454495151,HOLD,0.5700298199354273,SELL,-0.00011025624345639695,SELL,-0.0001261897119157609,BUY,43.749999999995666,BUY,38.39285714286574,BUY,0.5697099867720194,0.5693320132279804,HOLD,-52.003410059656744,SELL,28.14134397795087,HOLD,-56.250000000004334,BUY,5.5052941154830116e-05,HOLD,,5,4,6,NEUTRAL,NEUTRAL,NEUTRAL
2025-10-23T09:03:12.182137-04:00,CHF/JPY,BUY,"BUY (score=5, HTF=NEUTRAL)",191.377,SELL,53.36296772773745,HOLD,191.37070427618397,HOLD,191.34859392051695,HOLD,191.30599989008778,BUY,0.014491323240378051,BUY,0.014607171337744522,HOLD,50.724637681163,SELL,66.44874746538999,BUY,191.41725798098727,191.31924201901276,HOLD,29.12879922773674,BUY,14.404446127486835,HOLD,-49.275362318837,BUY,0.014774305614731243,HOLD,,5,3,7,NEUTRAL,NEUTRAL,NEUTRAL
2025-10-23T09:03:17.359570-04:00,EUR/AUD,BUY,"BUY (score=5, HTF=NEUTRAL)",1.78329,BUY,51.126285988584954,HOLD,1.7833021885979,HOLD,1.7830275024887159,HOLD,1.7823389208892308,BUY,0.00010273977848918037,BUY,0.00011539714215837286,BUY,39.189189189196085,HOLD,51.35135135135486,BUY,1.7837258405490461,1.7828981594509539,HOLD,-8.647798742128433,HOLD,11.218189649285522,HOLD,-60.810810810803915,HOLD,0.00015768550967850144,HOLD,,5,1,9,NEUTRAL,NEUTRAL,NEUTRAL
2025-10-23T09:03:21.857091-04:00,EUR/CAD,BUY,"BUY (score=9, HTF=NEUTRAL)",1.62293,BUY,49.528893829438964,HOLD,1.6230504709522626,HOLD,1.6226442810433106,HOLD,1.6222472907624286,BUY,0.00018621780813932176,BUY,0.0002600344424865342,BUY,0.0,BUY,15.333333333331863,BUY,1.6234994221815233,1.6228055778184771,BUY,-111.111111111222,BUY,32.56584954254511,BUY,-100.0,HOLD,9.778816497998705e-05,HOLD,,9,1,5,NEUTRAL,NEUTRAL,NEUTRAL
2025-10-23T09:03:25.384675-04:00,EUR/CHF,BUY,"BUY (score=6, HTF=NEUTRAL)",0.92434,BUY,33.714437424996646,HOLD,0.9244835835756184,HOLD,0.9245947092749583,HOLD,0.924834297215926,SELL,-6.135102091453515e-05,SELL,-5.0805698410229795e-05,BUY,0.0,BUY,8.771929824559349,BUY,0.9246942163741799,0.9243057836258198,BUY,-133.33333333331484,SELL,19.195513188050352,BUY,-100.0,HOLD,4.0433393741929236e-05,HOLD,,6,4,5,NEUTRAL,NEUTRAL,NEUTRAL
2025-10-23T09:03:31.880190-04:00,EUR/GBP,BUY,"BUY (score=9, HTF=NEUTRAL)",0.86926,BUY,46.14938480631747,HOLD,0.8693284750184411,HOLD,0.8692469575798778,HOLD,0.8689511912163921,BUY,1.857782763925453e-05,BUY,3.959951330365622e-05,BUY,10.000000000025905,BUY,11.11111111113168,BUY,0.8695009771276863,0.869184022872314,BUY,-84.94208494195254,BUY,12.856450706513808,BUY,-89.9999999999741,HOLD,5.355239284595163e-05,HOLD,,9,1,5,NEUTRAL,NEUTRAL,NEUTRAL
2025-10-23T09:03:39.554124-04:00,EUR/JPY,BUY,"BUY (score=7, HTF=NEUTRAL)",176.912,BUY,43.85313734234228,HOLD,176.93363145649917,HOLD,176.93597797083015,HOLD,176.94205823118998,SELL,-0.0008719205674481145,BUY,0.0024529741098383963,BUY,0.0,BUY,6.535714285723466,BUY,176.97112312334465,176.89807987665537,BUY,-98.35419957610009,HOLD,9.632517104382933,BUY,-100.0,HOLD,0.013496839712800341,HOLD,,7,2,6,NEUTRAL,NEUTRAL,NEUTRAL
2025-10-23T09:03:43.012409-04:00,EUR/USD,BUY,"BUY (score=9, HTF=NEUTRAL)",1.16006,BUY,51.21256765506563,HOLD,1.1601053694006132,HOLD,1.159789920113081,HOLD,1.1594024282043809,BUY,0.00010589519864723229,BUY,0.00018726921616043585,BUY,20.000000000027327,BUY,10.987654320997796,BUY,1.1606295277768515,1.1598014722231487,HOLD,-55.2594171997072,BUY,32.11528676499926,BUY,-79.99999999997267,BUY,9.347597610275008e-05,HOLD,,9,1,5,NEUTRAL,NEUTRAL,NEUTRAL
2025-10-23T09:03:47.283157-04:00,GBP/AUD,SELL,"SELL (score=5, HTF=NEUTRAL)",2.05133,SELL,52.82756771945244,HOLD,2.0512208124631117,HOLD,2.0511280098231053,HOLD,2.0510303510390937,BUY,4.002469625818961e-05,BUY,2.2760035092836547e-05,SELL,80.30303030303234,SELL,85.85858585858041,BUY,2.0516463150345055,2.050747684965495,HOLD,46.593098616193394,HOLD,9.237807306036368,SELL,-19.69696969696766,HOLD,0.00017564642942725009,HOLD,,3,5,7,NEUTRAL,NEUTRAL,NEUTRAL
2025-10-23T09:03:51.599769-04:00,GBP/CAD,BUY,"BUY (score=9, HTF=NEUTRAL)",1.86686,BUY,50.770967561453034,HOLD,1.8669091801903095,HOLD,1.8666505107390363,HOLD,1.8668245136654953,BUY,0.0001246168308712825,BUY,0.0001867576075022853,BUY,6.521739130430585,BUY,23.913043478277686,BUY,1.8672751906901126,1.866776809309887,BUY,-100.24154589398165,BUY,16.626269353570166,BUY,-93.47826086956941,HOLD,0.00013799024772598932,HOLD,,9,1,5,NEUTRAL,NEUTRAL,NEUTRAL
2025-10-23T09:03:56.225925-04:00,GBP/CHF,SELL,"SELL (score=5, HTF=NEUTRAL)",1.06328,BUY,41.67531102789033,HOLD,1.063386593239542,HOLD,1.0636165987868589,HOLD,1.0642517454262765,SELL,-9.372643769767208e-05,SELL,-0.00010678188753606011,BUY,33.333333333333336,SELL,57.97101449275922,BUY,1.0636490050644236,1.0631059949355766,HOLD,-66.32653061232563,SELL,18.415173382206433,HOLD,-66.66666666666667,HOLD,7.256465098059288e-05,HOLD,,3,5,7,NEUTRAL,NEUTRAL,NEUTRAL
2025-10-23T09:04:13.479722-04:00,GBP/USD,BUY,"BUY (score=6, HTF=NEUTRAL)",1.33465,SELL,56.33833696522414,HOLD,1.3344972342560908,HOLD,1.334247028701038,HOLD,1.3342504103100004,BUY,0.00010764979551658449,BUY,0.0001635827889125912,HOLD,51.31578947366345,BUY,35.52631578945857,BUY,1.3350198335951777,1.3341711664048224,HOLD,20.995858614982314,BUY,22.164493570126485,HOLD,-48.68421052633655,BUY,0.00013419403690580507,HOLD,,6,2,7,NEUTRAL,NEUTRAL,NEUTRAL
2025-10-23T09:04:17.443515-04:00,USD/CAD,BUY,"BUY (score=6, HTF=NEUTRAL)",1.39904,BUY,44.348191060168325,HOLD,1.399233379829879,HOLD,1.3992841932117999,HOLD,1.3993846045782745,SELL,-1.0224205042819179e-05,SELL,-2.251689112354765e-05,BUY,20.967741935483293,HOLD,52.6881720430112,BUY,1.3995878191550906,1.3988511808449091,BUY,-73.16824620399431,HOLD,8.225044761721588,BUY,-79.03225806451671,BUY,0.00013808389113943433,HOLD,,6,3,6,NEUTRAL,NEUTRAL,NEUTRAL
2025-10-23T09:04:23.973477-04:00,USD/CHF,SELL,"SELL (score=6, HTF=NEUTRAL)",0.79672,BUY,36.09765782443663,HOLD,0.7969004974757767,HOLD,0.7972206665015532,SELL,0.797699705991158,SELL,-0.00013483765519872737,SELL,-0.00017575142857304959,BUY,41.666666666658955,SELL,74.67320261437074,BUY,0.7972112648705086,0.7964757351294912,HOLD,-53.75993035153208,SELL,38.10608546319584,HOLD,-58.333333333341045,BUY,7.156785786810572e-05,HOLD,,4,6,5,NEUTRAL,NEUTRAL,NEUTRAL
2025-10-23T09:18:39.283551-04:00,AUD/CAD,SELL,"SELL (score=6, HTF=NEUTRAL)",0.91029,SELL,60.14980034098541,HOLD,0.9101502989929136,HOLD,0.9100578424150554,HOLD,0.9101084819349182,BUY,6.0072810263211984e-05,BUY,4.480351214126452e-05,SELL,100.0,SELL,96.77419354839019,BUY,0.9103129354113345,0.9099220645886658,SELL,143.75000000013765,BUY,12.00859014842997,SELL,-0.0,HOLD,6.323896030193806e-05,HOLD,,4,6,5,NEUTRAL,NEUTRAL,NEUTRAL
2025-10-23T09:18:43.146041-04:00,AUD/CHF,SELL,"SELL (score=6, HTF=NEUTRAL)",0.51863,SELL,58.78600335832014,HOLD,0.5184944342677917,HOLD,0.5185119420998837,HOLD,0.518781827732623,BUY,3.704779870272734e-05,BUY,1.9333033977036926e-05,SELL,95.4545454545661,SELL,84.59595959596906,BUY,0.5187046745814816,0.5182133254185184,SELL,109.51008645534473,HOLD,11.761306432795879,SELL,-4.545454545433901,HOLD,6.346841428749984e-05,HOLD,,2,6,7,NEUTRAL,NEUTRAL,NEUTRAL
2025-10-23T09:18:47.426462-04:00,AUD/JPY,SELL,"SELL (score=6, HTF=NEUTRAL)",99.302,SELL,67.36799061556029,HOLD,99.24936029411104,HOLD,99.23905020604509,HOLD,99.26556389554518,BUY,0.017208287776000475,BUY,0.010636145570671086,SELL,100.0,SELL,98.22222222222648,BUY,99.3008643459431,99.17973565405691,SELL,163.68218596628537,BUY,15.607382035679384,SELL,-0.0,HOLD,0.012972992800915541,HOLD,,3,6,6,NEUTRAL,NEUTRAL,NEUTRAL
2025-10-23T09:18:55.979279-04:00,CAD/JPY,SELL,"SELL (score=6, HTF=NEUTRAL)",109.065,SELL,62.91780692293376,HOLD,109.03437484862603,HOLD,109.0364987490141,HOLD,109.06038730914658,BUY,0.009489295522925545,BUY,0.005108095383836184,SELL,100.0,SELL,95.4248366013134,BUY,109.07315611923102,108.982043880769,SELL,126.69376693766428,BUY,16.040786841340246,SELL,-0.0,HOLD,0.009840296034919408,HOLD,,4,6,5,NEUTRAL,NEUTRAL,NEUTRAL
2025-10-23T09:19:02.528455-04:00,CAD/CHF,SELL,"SELL (score=6, HTF=NEUTRAL)",0.56974,SELL,56.08037103889904,HOLD,0.5696552203455556,HOLD,0.5697190499400382,HOLD,0.5699769412799618,BUY,1.9547454621737792e-05,BUY,3.4038546006588317e-06,SELL,76.47058823533638,SELL,72.36519607845374,BUY,0.5698611671381363,0.569389832861864,SELL,76.79409792077034,BUY,14.151923005110172,SELL,-23.529411764663624,HOLD,5.297684552185702e-05,HOLD,,4,6,5,NEUTRAL,NEUTRAL,NEUTRAL
2025-10-23T09:19:07.730868-04:00,CHF/JPY,SELL,"SELL (score=6, HTF=NEUTRAL)",191.418,SELL,62.26585944762088,HOLD,191.3881470394752,HOLD,191.36719965696855,HOLD,191.317781471005,BUY,0.012847847232904996,BUY,0.009703743695445253,SELL,100.0,SELL,98.78765836212074,BUY,191.42047317487723,191.34783082512277,SELL,145.76712057396054,BUY,13.156625349240512,SELL,-0.0,HOLD,0.011137819974082221,HOLD,,4,6,5,NEUTRAL,NEUTRAL,NEUTRAL
2025-10-23T09:19:12.854541-04:00,EUR/AUD,SELL,"SELL (score=3, HTF=NEUTRAL)",1.78266,BUY,43.87969241573958,HOLD,1.782904248293434,HOLD,1.782928049803968,HOLD,1.7824108910313667,SELL,-0.00010674083813833057,SELL,-9.010747275829491e-05,HOLD,47.43589743589488,HOLD,46.175002115591035,BUY,1.7836206200709945,1.7822733799290056,HOLD,-68.40662614710189,HOLD,11.157320824129467,HOLD,-52.56410256410512,HOLD,0.00017713523866793253,HOLD,,2,3,10,NEUTRAL,NEUTRAL,NEUTRAL
2025-10-23T09:19:17.267368-04:00,EUR/CAD,SELL,"SELL (score=6, HTF=NEUTRAL)",1.62285,SELL,52.2119431106722,HOLD,1.6228105576851553,HOLD,1.6226792108448753,HOLD,1.6223145145362867,BUY,4.226256816508567e-06,SELL,-6.404324674103397e-06,SELL,91.99999999999112,SELL,96.66666666667408,BUY,1.6232313278184107,1.6223196721815891,HOLD,26.854104712982917,BUY,17.004557524096008,SELL,-8.000000000008882,HOLD,8.82480829177484e-05,HOLD,,3,6,6,NEUTRAL,NEUTRAL,NEUTRAL
2025-10-23T09:19:22.285744-04:00,EUR/CHF,SELL,"SELL (score=7, HTF=NEUTRAL)",0.92457,SELL,54.78358691078968,HOLD,0.9245138964652622,HOLD,0.9245545812967516,HOLD,0.9247872887346115,BUY,1.7828046512957663e-05,SELL,-5.575965413960655e-06,SELL,75.86206896551329,SELL,91.9540229885044,BUY,0.9246312842295094,0.9243117157704909,SELL,101.10341288162199,BUY,13.424899796529102,SELL,-24.13793103448672,BUY,4.4947387293385224e-05,HOLD,,4,7,4,NEUTRAL,NEUTRAL,NEUTRAL
2025-10-23T09:19:27.351578-04:00,EUR/GBP,SELL,"SELL (score=8, HTF=NEUTRAL)",0.86936,SELL,56.173461980011574,HOLD,0.8692679384686803,HOLD,0.8692442882283704,HOLD,0.8689908991822548,SELL,-2.164887264344273e-06,SELL,-1.0962819880587988e-05,SELL,100.0,SELL,81.48148148149062,BUY,0.8693858180564222,0.8691221819435777,SELL,140.211640211644,HOLD,9.501609137274844,SELL,-0.0,BUY,5.6956162514015965e-05,HOLD,,2,8,5,NEUTRAL,NEUTRAL,NEUTRAL
2025-10-23T09:19:32.264243-04:00,EUR/JPY,SELL,"SELL (score=6, HTF=NEUTRAL)",177.035,SELL,72.39336860800059,HOLD,176.96161662394,HOLD,176.94708231527278,HOLD,176.94399685982188,BUY,0.019251747804787556,BUY,0.009260399274838,SELL,100.0,SELL,100.0,BUY,177.01711925780558,176.87828274219441,SELL,210.02779953061525,BUY,16.091291493684114,SELL,-0.0,BUY,0.013709264719542022,HOLD,,4,6,5,NEUTRAL,NEUTRAL,NEUTRAL
2025-10-23T09:19:36.473529-04:00,EUR/USD,BUY,"BUY (score=5, HTF=NEUTRAL)",1.16008,BUY,51.9395900806278,HOLD,1.1600614388381647,HOLD,1.1599065088721214,HOLD,1.15949242551864,BUY,1.2105358583758274e-05,BUY,2.4639642095956058e-05,SELL,70.83333333332948,SELL,60.29693486591841,BUY,1.1601827754563425,1.1599102245436574,HOLD,43.072966891701824,BUY,12.9364198117577,HOLD,-29.166666666670523,HOLD,7.423828955619154e-05,HOLD,,5,3,7,NEUTRAL,NEUTRAL,NEUTRAL
2025-10-23T09:19:39.791842-04:00,GBP/AUD,BUY,"BUY (score=6, HTF=NEUTRAL)",2.05027,BUY,38.228628698076754,HOLD,2.05082018515813,HOLD,2.050949757240985,HOLD,2.050990987148475,SELL,-0.00015310973531823535,SELL,-9.778537163221887e-05,BUY,0.0,BUY,19.583333333315753,BUY,2.0514982647559243,2.050248735244076,BUY,-163.64992203930393,HOLD,10.603116724684483,BUY,-100.0,HOLD,0.00019812646684539732,HOLD,,6,3,6,NEUTRAL,NEUTRAL,NEUTRAL
2025-10-23T09:19:45.032727-04:00,GBP/CAD,BUY,"BUY (score=4, HTF=NEUTRAL)",1.86672,BUY,48.87760229898089,HOLD,1.8667697952704576,HOLD,1.8666788251634676,HOLD,1.866805505453278,BUY,7.828340435223069e-06,BUY,1.1612477831490389e-05,HOLD,51.92307692306789,SELL,57.05128205127741,BUY,1.8670820976537899,1.8663959023462104,HOLD,-8.616780045444468,HOLD,9.995998528915687,HOLD,-48.07692307693211,HOLD,0.00012935006282244345,HOLD,,4,2,9,NEUTRAL,NEUTRAL,NEUTRAL
2025-10-23T09:19:48.688472-04:00,GBP/CHF,BUY,"BUY (score=6, HTF=NEUTRAL)",1.0635,BUY,49.582091112184294,HOLD,1.063511151924765,HOLD,1.0635777586053536,HOLD,1.0641449846361883,BUY,2.6935520465620755e-05,BUY,1.4085457761899143e-05,BUY,13.636363636345285,HOLD,50.974025974023625,BUY,1.0637000829221075,1.0632779170778928,HOLD,9.031198686177122,HOLD,10.408970551348627,BUY,-86.36363636365472,HOLD,7.426702740454273e-05,HOLD,,6,1,8,NEUTRAL,NEUTRAL,NEUTRAL
2025-10-23T09:19:52.409777-04:00,GBP/JPY,SELL,"SELL (score=6, HTF=NEUTRAL)",203.63901,SELL,67.4650646879723,HOLD,203.57285463884455,HOLD,203.55780553100342,HOLD,203.61047906191752,BUY,0.02581760236321884,BUY,0.015719461886114287,SELL,100.0,SELL,100.0,BUY,203.64066794420182,203.47913605579816,SELL,152.9525952908523,BUY,15.560674671569421,SELL,-0.0,HOLD,0.01651530952106845,HOLD,,4,6,5,NEUTRAL,NEUTRAL,NEUTRAL
2025-10-23T09:19:56.092797-04:00,GBP/USD,BUY,"BUY (score=6, HTF=NEUTRAL)",1.33451,BUY,50.17607941441153,HOLD,1.3345268674125048,HOLD,1.3343877441922938,HOLD,1.3342947137941654,BUY,1.6823810574884135e-05,BUY,4.092867811359199e-05,BUY,28.125000000036863,BUY,20.48611111112341,BUY,1.3347406967374504,1.3343453032625496,HOLD,-28.720626631783396,HOLD,10.37951630975512,HOLD,-71.87499999996314,HOLD,0.00010634224162648796,HOLD,,6,1,8,NEUTRAL,NEUTRAL,NEUTRAL
2025-10-23T09:19:59.604703-04:00,USD/CAD,SELL,"SELL (score=5, HTF=NEUTRAL)",1.399,BUY,47.15727058218843,HOLD,1.3990721405489661,HOLD,1.3991500582517542,HOLD,1.399325202023814,SELL,-1.556144633751977e-05,SELL,-3.7976328359556644e-05,SELL,62.26415094339465,SELL,79.87421383646883,BUY,1.3994289857411966,1.3986400142588038,HOLD,-13.605442176935082,HOLD,7.862424709573296,HOLD,-37.73584905660535,HOLD,0.00011811605914497468,HOLD,,2,5,8,NEUTRAL,NEUTRAL,NEUTRAL
2025-10-23T09:20:03.186907-04:00,USD/CHF,BUY,"BUY (score=4, HTF=NEUTRAL)",0.79698,BUY,49.42943099769378,HOLD,0.7969804018521391,HOLD,0.7971110150954217,HOLD,0.7975936183098845,BUY,1.0982280932991806e-05,SELL,-1.2890276071163287e-05,HOLD,48.27586206897344,SELL,74.71264367816224,BUY,0.7971301672992194,0.7967788327007806,HOLD,25.354213273793416,BUY,15.458017254253283,HOLD,-51.72413793102656,HOLD,7.076923299821107e-05,HOLD,,4,3,8,NEUTRAL,NEUTRAL,NEUTRAL
2025-10-23T09:34:18.411326-04:00,AUD/CAD,BUY,"BUY (score=5, HTF=NEUTRAL)",0.91032,SELL,54.33802688966768,HOLD,0.9102777560529318,HOLD,0.9101697175793044,HOLD,0.9101354397662241,BUY,5.976628897863545e-05,BUY,5.706336422314269e-05,SELL,65.62500000001626,SELL,88.54166666667209,BUY,0.9104255072990873,0.9101514927009128,HOLD,45.01607717032822,BUY,13.21339696616151,HOLD,-34.374999999983736,BUY,6.305868872413457e-05,HOLD,,5,4,6,NEUTRAL,NEUTRAL,NEUTRAL
2025-10-23T09:34:22.213807-04:00,AUD/CHF,BUY,"BUY (score=6, HTF=NEUTRAL)",0.51843,BUY,45.92875639650382,HOLD,0.5184952180881787,HOLD,0.5185060843807993,HOLD,0.5187406105944492,BUY,2.7613589839159403e-06,BUY,4.654451748327785e-06,HOLD,45.16129032256563,SELL,67.4347158218076,BUY,0.5187022921165402,0.51833570788346,BUY,-75.87382779209082,HOLD,10.353419048542346,HOLD,-54.83870967743437,BUY,5.969101696242921e-05,HOLD,,6,2,7,NEUTRAL,NEUTRAL,NEUTRAL
2025-10-23T09:34:28.462872-04:00,AUD/JPY,SELL,"SELL (score=6, HTF=NEUTRAL)",99.322,SELL,60.363533231735275,HOLD,99.28487720270589,HOLD,99.26456379126247,HOLD,99.26959041698169,BUY,0.013781067759310872,BUY,0.014119119229390653,SELL,100.0,SELL,67.81609195402865,BUY,99.32192587487859,99.25977412512142,SELL,173.56177740630545,BUY,15.50301204726156,SELL,-0.0,BUY,0.01627271060663031,HOLD,,5,6,4,NEUTRAL,NEUTRAL,NEUTRAL
2025-10-23T09:34:32.497694-04:00,AUD/USD,SELL,"SELL (score=6, HTF=NEUTRAL)",0.65108,SELL,58.95889679334334,HOLD,0.6509174016481878,HOLD,0.6507796112232428,HOLD,0.6505831055891312,BUY,0.0001147477447045464,BUY,0.00010387511614044461,SELL,76.31578947367807,SELL,88.06485911748389,BUY,0.651206310647812,0.650613689352188,SELL,92.89617486339843,BUY,15.760921295635658,SELL,-23.68421052632194,HOLD,9.150007422756756e-05,HOLD,,4,6,5,NEUTRAL,NEUTRAL,NEUTRAL
2025-10-23T09:34:36.215186-04:00,CAD/JPY,BUY,"BUY (score=10, HTF=NEUTRAL)",109.048,BUY,47.20240536043009,HOLD,109.05868289069211,HOLD,109.05086962913893,HOLD,109.06151087297648,BUY,0.005527854137397981,BUY,0.008996842182245508,BUY,0.0,BUY,20.740740740744254,BUY,109.09191339283016,109.03888660716983,BUY,-103.01953818828592,BUY,14.298568467348092,BUY,-100.0,BUY,0.010149665156641605,HOLD,,10,1,4,NEUTRAL,NEUTRAL,NEUTRAL
2025-10-23T09:34:42.531697-04:00,CHF/JPY,BUY,"BUY (score=7, HTF=NEUTRAL)",191.46899,SELL,55.8992129115767,HOLD,191.4560823828315,HOLD,191.41771053115917,HOLD,191.3409081158111,BUY,0.019306408250429286,BUY,0.024325104908303974,BUY,28.1093749999992,BUY,20.48619378306518,BUY,191.52190024885724,191.40139875114275,HOLD,20.48712211125441,BUY,22.32041306316275,HOLD,-71.8906250000008,BUY,0.015116018475692721,HOLD,,7,2,6,NEUTRAL,NEUTRAL,NEUTRAL
2025-10-23T09:34:45.802084-04:00,EUR/AUD,SELL,"SELL (score=5, HTF=NEUTRAL)",1.78289,SELL,52.04839224368676,HOLD,1.7827761012018637,HOLD,1.782843700788152,HOLD,1.7824612425409372,SELL,-5.944710457872482e-05,SELL,-6.611178361458609e-05,HOLD,47.94520547946872,BUY,21.461187214613528,BUY,1.783062808393904,1.782430191606096,SELL,83.08004052685392,HOLD,8.887217620701545,HOLD,-52.05479452053128,HOLD,0.0001573167526750773,HOLD,,2,5,8,NEUTRAL,NEUTRAL,NEUTRAL
2025-10-23T09:34:49.160666-04:00,EUR/CAD,SELL,"SELL (score=6, HTF=NEUTRAL)",1.62325,SELL,61.84577972522957,HOLD,1.6229550189454922,HOLD,1.622818868134362,HOLD,1.622411068093719,BUY,6.703022893361776e-05,BUY,4.019879982197723e-05,SELL,100.0,SELL,94.92753623189806,BUY,1.623208227175051,1.622679772824949,SELL,196.911196911179,BUY,12.944080016901706,SELL,-0.0,HOLD,0.00010471865888707486,HOLD,,4,6,5,NEUTRAL,NEUTRAL,NEUTRAL
2025-10-23T09:34:52.400471-04:00,EUR/CHF,SELL,"SELL (score=9, HTF=NEUTRAL)",0.92463,SELL,59.90761102149267,HOLD,0.9244597809799443,HOLD,0.9245025051463269,HOLD,0.92473684644427,SELL,-5.4825301002425775e-06,SELL,-2.2228191987151347e-05,SELL,100.0,SELL,64.07828282828882,BUY,0.9247073610698675,0.9242396389301326,SELL,97.96557120494747,SELL,14.364418486208553,SELL,-0.0,BUY,6.371786085016468e-05,HOLD,,2,9,4,NEUTRAL,NEUTRAL,NEUTRAL
2025-10-23T09:34:55.745246-04:00,EUR/GBP,SELL,"SELL (score=6, HTF=NEUTRAL)",0.86991,SELL,73.94132806205423,HOLD,0.8694760255059628,HOLD,0.869365409564573,HOLD,0.8690644265799835,BUY,9.780232917078191e-05,BUY,5.4601825628965004e-05,SELL,100.0,SELL,100.0,BUY,0.8697608061913105,0.8691211938086898,SELL,273.5491396908384,BUY,16.08649545329389,SELL,-0.0,BUY,7.544410347496573e-05,HOLD,,4,6,5,NEUTRAL,NEUTRAL,NEUTRAL
2025-10-23T09:35:01.957833-04:00,EUR/USD,SELL,"SELL (score=6, HTF=NEUTRAL)",1.16039,SELL,61.067085774067735,HOLD,1.1602684563103933,HOLD,1.1600881534669936,HOLD,1.1596080926073549,BUY,9.57871588507242e-05,BUY,7.680676520840235e-05,SELL,78.5714285714399,SELL,84.92063492063704,BUY,1.160509964536786,1.159946035463214,SELL,87.23747980614705,BUY,18.364739664272083,SELL,-21.4285714285601,HOLD,5.6627983016472806e-05,HOLD,,4,6,5,NEUTRAL,NEUTRAL,NEUTRAL
2025-10-23T09:35:05.550723-04:00,GBP/AUD,BUY,"BUY (score=7, HTF=NEUTRAL)",2.04941,BUY,33.75600487068411,HOLD,2.050293167539103,HOLD,2.0506164442280816,HOLD,2.050886738850187,SELL,-0.0002742527860948307,SELL,-0.0001971457996818641,BUY,0.0,BUY,7.1225071225051835,BUY,2.0510579531345594,2.0496230468654404,BUY,-231.03662321539554,SELL,14.904197467799632,BUY,-100.0,BUY,0.00023538441786946534,HOLD,,7,3,5,NEUTRAL,NEUTRAL,NEUTRAL
2025-10-23T09:35:08.933059-04:00,GBP/CAD,BUY,"BUY (score=7, HTF=NEUTRAL)",1.866,BUY,35.40819086719627,HOLD,1.8665286011499356,HOLD,1.8665941679514242,HOLD,1.866763642068127,SELL,-0.00011530815247207116,SELL,-6.10545295930381e-05,BUY,0.0,BUY,2.777777777771629,BUY,1.8670842529627092,1.8660927470372908,BUY,-190.77721047078347,HOLD,11.434838166138837,BUY,-100.0,BUY,0.00014952229598188957,HOLD,,7,3,5,NEUTRAL,NEUTRAL,NEUTRAL
2025-10-23T09:35:12.655603-04:00,GBP/CHF,BUY,"BUY (score=7, HTF=NEUTRAL)",1.06277,BUY,31.133821755924515,HOLD,1.0631958177920582,HOLD,1.0633773165101965,SELL,1.0640060383468333,SELL,-0.00012765613232423867,SELL,-8.895105927852654e-05,BUY,0.0,BUY,0.0,BUY,1.0637439377553275,1.0627800622446724,BUY,-164.82412060299004,SELL,17.91415999291603,BUY,-100.0,BUY,9.705267025674644e-05,HOLD,,7,4,4,NEUTRAL,NEUTRAL,NEUTRAL
2025-10-23T09:35:16.228026-04:00,GBP/JPY,BUY,"BUY (score=8, HTF=NEUTRAL)",203.573,BUY,49.07207652148921,HOLD,203.58148847282618,HOLD,203.5715112905623,HOLD,203.6076629739996,BUY,0.001297449346338908,BUY,0.00946352977408079,BUY,38.70967741936075,BUY,12.903225806453593,BUY,203.6546896493871,203.54170935061288,BUY,-74.40213231297517,HOLD,11.939353133394743,HOLD,-61.29032258063925,BUY,0.023300135049939046,HOLD,,8,1,6,NEUTRAL,NEUTRAL,NEUTRAL
2025-10-23T09:35:21.145605-04:00,GBP/USD,BUY,"BUY (score=6, HTF=NEUTRAL)",1.33437,BUY,44.761281939365674,HOLD,1.3345020509207897,HOLD,1.3344330976165562,HOLD,1.3343208511420832,SELL,-1.3439124990632934e-06,BUY,1.413179566553724e-05,BUY,22.000000000013323,BUY,21.33333333332742,BUY,1.3347765334487354,1.3342084665512648,HOLD,-67.3539518900511,HOLD,11.266626845813045,BUY,-77.99999999998667,HOLD,9.319541738133937e-05,HOLD,,6,2,7,NEUTRAL,NEUTRAL,NEUTRAL
2025-10-23T09:35:25.690450-04:00,USD/CAD,BUY,"BUY (score=7, HTF=NEUTRAL)",1.39876,BUY,42.512819673065856,HOLD,1.398941831916783,HOLD,1.3990481638006722,HOLD,1.3992707440228425,SELL,-6.663706093923416e-05,SELL,-5.15355336768628e-05,BUY,11.627906976764601,BUY,37.20930232558826,BUY,1.3992914020169218,1.3986765979830782,BUY,-108.0559575494727,HOLD,10.237700016528056,BUY,-88.3720930232354,BUY,0.00010802280219992472,HOLD,,7,3,5,NEUTRAL,NEUTRAL,NEUTRAL
2025-10-23T09:35:29.129795-04:00,USD/CHF,BUY,"BUY (score=7, HTF=NEUTRAL)",0.79647,BUY,28.42829204719088,HOLD,0.7967308080015645,HOLD,0.7969151395462628,SELL,0.7974633611532229,SELL,-0.00010279992584927289,SELL,-8.176160262250704e-05,BUY,0.0,BUY,4.504504504504215,BUY,0.797152668328815,0.7964173316711851,BUY,-128.0487804878915,SELL,22.728034615986612,BUY,-100.0,BUY,5.432128195123249e-05,HOLD,,7,4,4,NEUTRAL,NEUTRAL,NEUTRAL
2025-10-23T09:49:45.967995-04:00,AUD/CAD,BUY,"BUY (score=6, HTF=NEUTRAL)",0.91048,SELL,55.47907584927161,HOLD,0.9104038295257422,HOLD,0.9102962826818916,HOLD,0.910180133834281,BUY,4.257730619994238e-05,BUY,5.2592852559420834e-05,SELL,62.96296296296601,BUY,40.740740740762064,BUY,0.9105928965962179,0.9102521034037819,HOLD,50.77262693149624,BUY,12.508568173293838,HOLD,-37.03703703703399,BUY,7.078158569274959e-05,HOLD,,6,3,6,NEUTRAL,NEUTRAL,NEUTRAL
2025-10-23T09:49:53.081220-04:00,AUD/CHF,SELL,"SELL (score=6, HTF=NEUTRAL)",0.51861,SELL,54.37254451866237,HOLD,0.5185471424814235,HOLD,0.5185251889301824,HOLD,0.5187108075159361,BUY,3.1240707308755056e-05,BUY,1.907381475598426e-05,SELL,82.75862068965782,SELL,82.75862068965782,BUY,0.5186854523334897,0.51838654766651,SELL,88.09523809539151,HOLD,8.760068623282942,SELL,-17.241379310342186,BUY,6.53211870465308e-05,HOLD,,4,6,5,NEUTRAL,NEUTRAL,NEUTRAL
2025-10-23T09:49:57.656443-04:00,AUD/JPY,SELL,"SELL (score=6, HTF=BUY)",99.406,SELL,64.86630989736904,HOLD,99.35487725637961,HOLD,99.31067112545685,BUY,99.28251379851162,BUY,0.03288517377384892,BUY,0.027480453791880754,SELL,92.00000000000728,SELL,92.37465564738555,BUY,99.43009897746506,99.26140102253493,SELL,112.9070039822169,BUY,22.959569961609724,SELL,-7.999999999992724,HOLD,0.016870550662318337,HOLD,,4,6,5,BUY,NEUTRAL,NEUTRAL
2025-10-23T09:50:01.339732-04:00,AUD/USD,SELL,"SELL (score=6, HTF=NEUTRAL)",0.6513,SELL,62.643245229764204,HOLD,0.6510930687651058,HOLD,0.6509042757121559,BUY,0.6506331649024021,BUY,0.00013223394022687796,BUY,0.00012913087472827162,SELL,90.69767441859625,SELL,73.6434108527066,BUY,0.6513986630360226,0.6507483369639776,SELL,109.02527075806304,BUY,19.225199256997087,SELL,-9.302325581403755,HOLD,8.15894631022434e-05,HOLD,,4,6,5,NEUTRAL,NEUTRAL,NEUTRAL
2025-10-23T09:50:10.154116-04:00,CAD/JPY,SELL,"SELL (score=6, HTF=NEUTRAL)",109.175,SELL,67.99235253851714,HOLD,109.1248402668919,HOLD,109.08884150625727,HOLD,109.07101634524062,BUY,0.03156384450952032,BUY,0.023861319527172162,SELL,89.76377952755456,SELL,96.58792650918485,BUY,109.2012216306765,109.02147836932348,SELL,108.28973671893176,BUY,24.670795238607518,SELL,-10.236220472445439,HOLD,0.013426270942493086,HOLD,,3,6,6,NEUTRAL,NEUTRAL,NEUTRAL
2025-10-23T09:50:15.322445-04:00,CAD/CHF,SELL,"SELL (score=4, HTF=NEUTRAL)",0.56954,BUY,49.63070033671807,HOLD,0.5695440733232796,HOLD,0.5695836409413968,HOLD,0.5698551399870139,BUY,9.091613302536494e-06,SELL,-9.93971066211876e-06,SELL,58.62068965517109,SELL,86.20689655172367,BUY,0.5696895803379258,0.569353419662074,HOLD,17.046763418698262,HOLD,9.558049184172093,HOLD,-41.37931034482891,HOLD,6.384504790591229e-05,HOLD,,3,4,8,NEUTRAL,NEUTRAL,NEUTRAL
2025-10-23T09:50:20.858623-04:00,CHF/JPY,SELL,"SELL (score=6, HTF=BUY)",191.66299,SELL,74.0648062609637,HOLD,191.58156050345164,HOLD,191.50438081489537,BUY,191.37841728950653,BUY,0.052424791140992966,BUY,0.045904635941851374,SELL,100.0,SELL,99.04285714285794,BUY,191.70233834323568,191.43055765676428,SELL,110.96169406747711,BUY,34.70984362247238,SELL,-0.0,HOLD,0.016694532521471277,HOLD,,4,6,5,BUY,NEUTRAL,NEUTRAL
2025-10-23T09:50:24.588555-04:00,EUR/AUD,BUY,"BUY (score=7, HTF=NEUTRAL)",1.78246,BUY,43.686893337453995,HOLD,1.782738624880769,HOLD,1.7828108684376893,HOLD,1.7825108790277742,SELL,-7.647797654897204e-05,SELL,-3.100772204824812e-05,BUY,10.344827586198976,BUY,14.970909606924986,BUY,1.7832609012245848,1.7822890987754147,BUY,-105.00000000012889,HOLD,9.806794636016503,BUY,-89.65517241380103,BUY,0.0001865010407002587,HOLD,,7,3,5,NEUTRAL,NEUTRAL,NEUTRAL
2025-10-23T09:50:28.380859-04:00,EUR/CAD,BUY,"BUY (score=7, HTF=NEUTRAL)",1.62294,BUY,44.694508969536756,HOLD,1.623108903526615,HOLD,1.622992073592009,HOLD,1.6225247282329618,SELL,-3.5910787234971764e-06,BUY,6.327651853201742e-05,BUY,17.910447761207386,BUY,7.462686567166997,BUY,1.6236338622011597,1.6227341377988398,BUY,-81.49632598520013,SELL,15.846752771710777,BUY,-82.08955223879262,HOLD,0.00011102951120686462,HOLD,,7,3,5,NEUTRAL,NEUTRAL,NEUTRAL
2025-10-23T09:50:31.770408-04:00,EUR/CHF,BUY,"BUY (score=7, HTF=NEUTRAL)",0.92447,BUY,47.453938250690754,HOLD,0.9245145019382977,HOLD,0.924514393787999,HOLD,0.9247076367311637,BUY,1.3934224010525575e-05,BUY,1.8473077320446755e-05,BUY,23.076923076942784,BUY,30.769230769257046,BUY,0.9246549221389673,0.9243820778610325,HOLD,-58.41613971684648,HOLD,8.848176667040127,BUY,-76.92307692305721,HOLD,5.8663521991065244e-05,HOLD,,7,1,7,NEUTRAL,NEUTRAL,NEUTRAL
2025-10-23T09:50:36.714789-04:00,EUR/GBP,SELL,"SELL (score=6, HTF=NEUTRAL)",0.87036,SELL,75.60879282821978,HOLD,0.8700467409729259,HOLD,0.8697265322753458,BUY,0.8692145941793007,BUY,0.00023836697591561595,BUY,0.0002115094405017619,SELL,88.2352941176573,SELL,96.07843137255243,BUY,0.8705964342290695,0.8694105657709303,SELL,100.77026358560306,BUY,40.72301942322189,SELL,-11.764705882342698,HOLD,6.241902971111469e-05,HOLD,,4,6,5,NEUTRAL,NEUTRAL,NEUTRAL
2025-10-23T09:50:40.515609-04:00,EUR/JPY,SELL,"SELL (score=6, HTF=NEUTRAL)",177.2,SELL,69.41786388851257,HOLD,177.13519256283502,HOLD,177.06358564907174,BUY,176.9837395211229,BUY,0.05115136702096379,BUY,0.046159040528970935,SELL,90.9090909090842,SELL,91.12554112554157,BUY,177.25825700861466,176.9857439913853,SELL,89.65544788209102,BUY,31.66282123453068,SELL,-9.090909090915803,HOLD,0.017277119058777254,HOLD,,4,6,5,NEUTRAL,NEUTRAL,NEUTRAL
2025-10-23T09:50:43.756061-04:00,EUR/USD,BUY,"BUY (score=7, HTF=NEUTRAL)",1.16067,SELL,56.02829835103087,HOLD,1.1606253448841277,HOLD,1.1603667191259925,HOLD,1.1597514347871094,BUY,0.00012662072144564718,BUY,0.000152303789855981,BUY,0.0,BUY,36.53846153845362,BUY,1.1610070280887939,1.1602949719112063,HOLD,8.410801239478243,BUY,25.903067627359267,BUY,-100.0,HOLD,7.010796998843271e-05,HOLD,,7,2,6,NEUTRAL,NEUTRAL,NEUTRAL
2025-10-23T09:50:47.791316-04:00,GBP/AUD,BUY,"BUY (score=6, HTF=SELL)",2.04775,BUY,32.67812466030057,HOLD,2.048752079633952,HOLD,2.049632461514228,SELL,2.050552320316852,SELL,-0.0006706690766216106,SELL,-0.0005683088763802344,BUY,19.38775510205492,BUY,12.498250328946028,BUY,2.050457777620819,2.0473102223791813,BUY,-116.09336609336947,SELL,28.86842326240822,BUY,-80.61224489794508,HOLD,0.00028572224051293376,HOLD,,6,4,5,SELL,NEUTRAL,NEUTRAL
2025-10-23T09:50:51.049419-04:00,GBP/CAD,BUY,"BUY (score=6, HTF=NEUTRAL)",1.86484,BUY,36.103707082884384,HOLD,1.8654155702743862,HOLD,1.8659783002167643,HOLD,1.8665581431977096,SELL,-0.0005055140489644838,SELL,-0.00040330698299096286,BUY,35.26315789473801,BUY,20.003544214069446,BUY,1.8669684574614795,1.8641945425385205,BUY,-81.79586883979667,SELL,30.454635082352436,HOLD,-64.73684210526199,BUY,0.0002153034451817719,HOLD,,6,3,6,NEUTRAL,NEUTRAL,NEUTRAL
2025-10-23T09:50:54.610392-04:00,GBP/CHF,BUY,"BUY (score=6, HTF=NEUTRAL)",1.06228,BUY,36.466285433146254,HOLD,1.0625256713578755,HOLD,1.0629215746418894,SELL,1.0637748969430265,SELL,-0.00027084610464611636,SELL,-0.0002474880839162253,BUY,33.749999999993406,BUY,15.833333333332632,BUY,1.0632052250190063,1.0619217749809937,BUY,-74.55621301777342,SELL,33.126057086355665,HOLD,-66.2500000000066,BUY,0.00010367439514427746,HOLD,,6,4,5,NEUTRAL,NEUTRAL,NEUTRAL
2025-10-23T09:50:58.046315-04:00,GBP/JPY,SELL,"SELL (score=6, HTF=NEUTRAL)",203.631,SELL,57.69382031358527,HOLD,203.58847083911576,HOLD,203.5789214823206,HOLD,203.60437910372548,BUY,0.00597521409156343,BUY,0.0036561790999412895,SELL,100.0,SELL,69.34865900383366,BUY,203.63886119992105,203.52373780007895,SELL,134.14168404145238,HOLD,8.608414062062357,SELL,-0.0,BUY,0.02258778891599473,HOLD,,4,6,5,NEUTRAL,NEUTRAL,NEUTRAL
2025-10-23T09:51:02.710191-04:00,GBP/USD,BUY,"BUY (score=6, HTF=NEUTRAL)",1.3334,BUY,32.98452723133282,HOLD,1.3338738185921908,HOLD,1.33414684363984,HOLD,1.3342565716544936,SELL,-0.0003049783716915222,SELL,-0.00021461904843556208,BUY,24.806201550377722,BUY,15.727941309330262,BUY,1.3349626322658845,1.3330723677341156,BUY,-100.46776489728552,SELL,25.705827541052454,BUY,-75.19379844962228,HOLD,0.00013265890131958032,HOLD,,6,3,6,NEUTRAL,NEUTRAL,NEUTRAL
2025-10-23T09:51:05.906617-04:00,USD/CAD,SELL,"SELL (score=5, HTF=NEUTRAL)",1.39872,BUY,48.79866762819933,HOLD,1.398719945710809,HOLD,1.398870243028213,HOLD,1.3991828816288667,SELL,-8.001402374313571e-05,SELL,-8.688016020332343e-05,SELL,79.24528301885448,HOLD,54.08805031446493,BUY,1.3990074239767405,1.3984155760232597,HOLD,5.544683626925791,HOLD,10.649703502272477,SELL,-20.754716981145513,BUY,0.00012715913507688835,HOLD,,3,5,7,NEUTRAL,NEUTRAL,NEUTRAL
2025-10-23T09:51:10.311836-04:00,USD/CHF,SELL,"SELL (score=9, HTF=NEUTRAL)",0.79669,SELL,52.4318184559434,HOLD,0.7966205998061897,HOLD,0.7967581002717918,HOLD,0.7973369090923066,SELL,-2.5164190916138196e-05,SELL,-5.9593298417493424e-05,SELL,88.88888888887861,SELL,81.48148148146434,BUY,0.7967857053831723,0.7963472946168278,SELL,88.34048640918523,SELL,16.566756765549506,SELL,-11.11111111112139,BUY,7.2927249237205e-05,HOLD,,2,9,4,NEUTRAL,NEUTRAL,NEUTRAL
2025-10-23T10:05:23.614403-04:00,AUD/CAD,BUY,"BUY (score=6, HTF=NEUTRAL)",0.91019,BUY,43.31110213594221,HOLD,0.9103020286779098,HOLD,0.9102997813341739,HOLD,0.9102008279477549,SELL,-4.744651959387447e-05,SELL,-3.1260274030593046e-05,BUY,21.568627450990636,BUY,37.254901960780906,BUY,0.9106518157336333,0.910044184266367,BUY,-78.14045499499115,SELL,12.744833756894835,BUY,-78.43137254900937,HOLD,7.205620122101014e-05,HOLD,,6,4,5,NEUTRAL,NEUTRAL,NEUTRAL
2025-10-23T10:05:27.041116-04:00,AUD/CHF,BUY,"BUY (score=8, HTF=NEUTRAL)",0.5185,BUY,45.01693765315689,HOLD,0.5185973051726678,HOLD,0.518577244473003,HOLD,0.5187016943265538,SELL,-9.205375787413317e-06,BUY,1.346590817392484e-05,BUY,14.999999999988898,BUY,35.83333333333149,BUY,0.518885733079116,0.5184092669208838,BUY,-99.57805907170473,HOLD,11.532903959023901,BUY,-85.0000000000111,BUY,7.298534188952635e-05,HOLD,,8,2,5,NEUTRAL,NEUTRAL,NEUTRAL
2025-10-23T10:05:30.116568-04:00,AUD/JPY,BUY,"BUY (score=7, HTF=NEUTRAL)",99.381,BUY,50.89393824166477,HOLD,99.38439761755244,HOLD,99.3515487236589,HOLD,99.2999177203558,BUY,0.007935119373030375,BUY,0.014852489063735022,BUY,31.25,BUY,39.93055555555228,BUY,99.45447840242682,99.35032159757318,HOLD,-65.4434250764034,BUY,16.302086343138125,HOLD,-68.75,HOLD,0.014065025266355795,HOLD,,7,1,7,NEUTRAL,NEUTRAL,NEUTRAL
2025-10-23T10:05:33.176628-04:00,AUD/USD,BUY,"BUY (score=5, HTF=NEUTRAL)",0.6513,SELL,58.302280617267726,HOLD,0.6511841876172934,HOLD,0.6510022562712701,HOLD,0.6506816776457629,BUY,9.285904368494524e-05,BUY,0.00011026005991440116,SELL,58.62068965517109,BUY,39.08045977011407,BUY,0.6514212705531633,0.6510107294468367,HOLD,64.96519721574997,BUY,17.374566772272225,HOLD,-41.37931034482891,HOLD,7.699562404289688e-05,HOLD,,5,3,7,NEUTRAL,NEUTRAL,NEUTRAL
2025-10-23T10:05:37.243716-04:00,CAD/JPY,BUY,"BUY (score=4, HTF=NEUTRAL)",109.184,SELL,58.74198833463098,HOLD,109.17028660839507,HOLD,109.13386014185838,HOLD,109.08792457478579,BUY,0.01497904338123135,BUY,0.020412806167153474,SELL,60.000000000005684,HOLD,52.666666666674814,BUY,109.21021338231198,109.15938661768801,HOLD,-5.239030779201795,BUY,23.24106417819117,HOLD,-39.999999999994316,HOLD,0.010049699085854739,HOLD,,4,3,8,NEUTRAL,NEUTRAL,NEUTRAL
2025-10-23T10:05:41.191909-04:00,CAD/CHF,BUY,"BUY (score=5, HTF=NEUTRAL)",0.56969,SELL,52.49710849541392,HOLD,0.5696634015238313,HOLD,0.569639641192354,HOLD,0.5698331234789125,BUY,2.3186605642377955e-05,BUY,3.4166950965523055e-05,BUY,41.66666666667823,BUY,34.72222222223184,BUY,0.5698373462669856,0.5695366537330143,HOLD,3.2467532468462883,HOLD,9.972826693347404,HOLD,-58.33333333332177,HOLD,5.996958979808884e-05,HOLD,,5,2,8,NEUTRAL,NEUTRAL,NEUTRAL
2025-10-23T10:05:44.304270-04:00,CHF/JPY,BUY,"BUY (score=7, HTF=NEUTRAL)",191.64301,SELL,59.83407755263805,HOLD,191.62107054723916,HOLD,191.56510712488898,BUY,191.41621565211685,BUY,0.017744325871603905,BUY,0.024252669974309388,SELL,65.93181818184303,BUY,32.09029016221911,BUY,191.6747513929247,191.6035476070753,HOLD,16.2228546636425,BUY,23.51285468013688,HOLD,-34.06818181815698,BUY,0.013162588353347913,HOLD,,7,3,5,NEUTRAL,NEUTRAL,NEUTRAL
2025-10-23T10:05:47.351090-04:00,EUR/AUD,SELL,"SELL (score=6, HTF=NEUTRAL)",1.7832,SELL,56.879282539915245,HOLD,1.7828514879821673,HOLD,1.7828071954761253,HOLD,1.7825476641545706,BUY,0.00010158018030237415,BUY,4.6608719651940285e-05,SELL,78.67647058822665,SELL,58.57843137254516,BUY,1.7834545124999341,1.7819344875000656,SELL,104.4961240309319,BUY,12.99826878756075,SELL,-21.32352941177335,BUY,0.00021054142222668188,HOLD,,5,6,4,NEUTRAL,NEUTRAL,NEUTRAL
2025-10-23T10:05:50.895927-04:00,EUR/CAD,BUY,"BUY (score=4, HTF=NEUTRAL)",1.62307,BUY,51.27506061079496,HOLD,1.6230305668943938,HOLD,1.6229931069839412,HOLD,1.6225929281552767,BUY,3.8660839640769495e-08,SELL,-1.4535305466116095e-05,HOLD,53.191489361723235,BUY,44.68085106384188,BUY,1.6232063941870356,1.6227316058129646,HOLD,69.41580756020024,HOLD,9.493802571222174,HOLD,-46.808510638276765,HOLD,0.00011737271629478202,HOLD,,4,2,9,NEUTRAL,NEUTRAL,NEUTRAL
2025-10-23T10:05:54.377164-04:00,EUR/CHF,BUY,"BUY (score=3, HTF=NEUTRAL)",0.9247,SELL,53.394332842458596,HOLD,0.9246642097212374,HOLD,0.924604985569422,HOLD,0.9247076349318021,BUY,3.862631786732962e-05,BUY,4.731074757461349e-05,HOLD,51.99999999999112,HOLD,53.333333333333336,BUY,0.9248715288677273,0.9244644711322726,HOLD,25.27646129544524,HOLD,11.934165977731723,HOLD,-48.00000000000888,HOLD,6.318062298918654e-05,HOLD,,3,2,10,NEUTRAL,NEUTRAL,NEUTRAL
2025-10-23T10:05:57.997096-04:00,EUR/GBP,SELL,"SELL (score=6, HTF=BUY)",0.87091,SELL,69.68543362233454,HOLD,0.8705786971288622,HOLD,0.8701699850620126,BUY,0.869424973134837,BUY,0.00023620763295673086,BUY,0.00023996762369931222,SELL,87.32394366196677,SELL,70.42253521126622,BUY,0.8710619303058539,0.8700970696941462,SELL,97.7304649959073,BUY,43.608397793717586,SELL,-12.676056338033234,BUY,8.705515443312414e-05,HOLD,,5,6,4,BUY,NEUTRAL,NEUTRAL
2025-10-23T10:06:01.777706-04:00,EUR/JPY,BUY,"BUY (score=6, HTF=NEUTRAL)",177.224,SELL,61.78698341935883,HOLD,177.19904026606062,HOLD,177.13627039495475,BUY,177.01847674492004,BUY,0.023736317546593,BUY,0.031168754747452128,SELL,71.44558228150099,BUY,44.969040247681185,BUY,177.24642607222418,177.18567192777581,HOLD,39.40166556401147,BUY,26.581349065814518,HOLD,-28.554417718499007,HOLD,0.012898024158930136,HOLD,,6,3,6,NEUTRAL,NEUTRAL,NEUTRAL
2025-10-23T10:06:05.520382-04:00,EUR/USD,BUY,"BUY (score=5, HTF=NEUTRAL)",1.16063,SELL,52.47249661256512,HOLD,1.1606084654415294,HOLD,1.1604494080631533,HOLD,1.1598444186837737,BUY,4.2805737423989854e-05,BUY,5.1374151223028525e-05,SELL,70.58823529412149,SELL,75.04456327986021,BUY,1.1608964192785296,1.1603885807214704,HOLD,-8.635578583744051,BUY,14.629054719985204,HOLD,-29.41176470587851,BUY,7.764740551184654e-05,HOLD,,5,4,6,NEUTRAL,NEUTRAL,NEUTRAL
2025-10-23T10:06:12.733691-04:00,GBP/CAD,BUY,"BUY (score=6, HTF=SELL)",1.86356,BUY,34.06917244030063,HOLD,1.8642273970522374,HOLD,1.86506785394481,SELL,1.8662022432892882,SELL,-0.0005144872751816632,SELL,-0.000540940464697799,BUY,21.379310344830543,BUY,36.11508711052918,BUY,1.8651256579089863,1.8631813420910137,BUY,-91.34633883560582,SELL,32.817699977662066,BUY,-78.62068965516946,HOLD,0.00022123524634541707,HOLD,,6,4,5,SELL,NEUTRAL,NEUTRAL
2025-10-23T10:06:17.042206-04:00,GBP/CHF,BUY,"BUY (score=7, HTF=NEUTRAL)",1.06173,BUY,36.70296537594782,HOLD,1.0620779716672877,HOLD,1.0625103856014175,SELL,1.06353383619935,SELL,-0.00024423448559884875,SELL,-0.00024039534479351862,BUY,18.36734693878291,BUY,32.993197278916874,BUY,1.0626843860156876,1.0614716139843126,BUY,-87.54716981133049,SELL,27.99709864299471,BUY,-81.6326530612171,BUY,0.0001345014985315014,HOLD,,7,4,4,NEUTRAL,NEUTRAL,NEUTRAL
2025-10-23T10:06:20.388224-04:00,GBP/JPY,BUY,"BUY (score=6, HTF=NEUTRAL)",203.481,BUY,40.67097545571241,HOLD,203.5337415696473,HOLD,203.55727291736304,HOLD,203.5951731334318,SELL,-0.028540737868979704,SELL,-0.020345311959488518,BUY,20.85406891321231,BUY,30.33319114649471,BUY,203.69018029368897,203.4174167063111,BUY,-78.50759169498619,SELL,15.378322400389878,BUY,-79.14593108678768,HOLD,0.025914042102712365,HOLD,,6,3,6,NEUTRAL,NEUTRAL,NEUTRAL
2025-10-23T10:06:25.201540-04:00,GBP/USD,SELL,"SELL (score=5, HTF=NEUTRAL)",1.33305,BUY,40.67703985253251,HOLD,1.3332736227564554,HOLD,1.3336892923201902,HOLD,1.3341028008098215,SELL,-0.00025472016352923177,SELL,-0.0002914122740580985,HOLD,48.97959183673932,SELL,59.86394557823191,BUY,1.3337547472472258,1.3326422527527741,HOLD,-41.860465116298286,SELL,28.00275977263437,HOLD,-51.02040816326068,BUY,0.00014476349681942366,HOLD,,3,5,7,NEUTRAL,NEUTRAL,NEUTRAL
2025-10-23T10:06:29.767460-04:00,USD/CAD,BUY,"BUY (score=6, HTF=NEUTRAL)",1.39822,BUY,42.96413412216614,HOLD,1.398439588729993,HOLD,1.398648881010283,HOLD,1.3990723740795317,SELL,-0.0001245973656374133,SELL,-0.00011242339719318579,BUY,23.076923076942784,BUY,32.30618843523676,BUY,1.39884893796983,1.3980590620301703,BUY,-91.76470588238354,HOLD,11.025402064384973,BUY,-76.92307692305721,HOLD,0.00015139275388100187,HOLD,,6,3,6,NEUTRAL,NEUTRAL,NEUTRAL
2025-10-23T10:06:33.141374-04:00,USD/CHF,BUY,"BUY (score=6, HTF=NEUTRAL)",0.79649,BUY,42.11028782816681,HOLD,0.7966461274573792,HOLD,0.7967221963127156,HOLD,0.797246971072118,SELL,-2.8992452163811855e-05,SELL,-5.607006888249852e-06,BUY,0.0,BUY,16.161616161629734,BUY,0.7968981926322337,0.7964788073677663,BUY,-149.27617973305124,SELL,12.693134293420753,BUY,-100.0,HOLD,8.165035178210423e-05,HOLD,,6,4,5,NEUTRAL,NEUTRAL,NEUTRAL
2025-10-23T10:20:46.351856-04:00,AUD/CAD,SELL,"SELL (score=6, HTF=NEUTRAL)",0.91014,BUY,50.484054821004705,HOLD,0.9100935861380584,HOLD,0.9101841093569906,HOLD,0.9101799770493159,SELL,-7.331422312839564e-05,SELL,-9.014102308263258e-05,SELL,61.11111111110198,SELL,59.2592592592585,BUY,0.910416448108923,0.9097805518910769,HOLD,20.35061910011163,SELL,14.196151660900387,HOLD,-38.88888888889802,HOLD,9.061881304749686e-05,HOLD,,2,6,7,NEUTRAL,NEUTRAL,NEUTRAL
2025-10-23T10:20:50.193403-04:00,AUD/CHF,BUY,"BUY (score=6, HTF=SELL)",0.51795,BUY,28.36156114365197,HOLD,0.5182270436903996,HOLD,0.5183905559699259,SELL,0.5186311020942005,SELL,-0.0001596397180279041,SELL,-0.00012612986087252558,BUY,0.0,BUY,0.0,BUY,0.5187315022074838,0.5178254977925162,BUY,-105.54216867468429,SELL,25.440249485153082,BUY,-100.0,HOLD,6.021900860148728e-05,HOLD,,6,4,5,SELL,NEUTRAL,NEUTRAL
2025-10-23T10:20:53.993576-04:00,AUD/JPY,BUY,"BUY (score=6, HTF=NEUTRAL)",99.324,BUY,41.38803818312152,HOLD,99.3556746589425,HOLD,99.35102673490199,HOLD,99.30716265265578,SELL,-0.01015703163039916,SELL,-0.005940884536804349,BUY,0.0,BUY,12.16931216931719,BUY,99.40093789766775,99.31646210233225,BUY,-125.72463768116418,HOLD,11.865785021664573,BUY,-100.0,HOLD,0.015292736902792014,HOLD,,6,3,6,NEUTRAL,NEUTRAL,NEUTRAL
2025-10-23T10:20:58.700455-04:00,AUD/USD,BUY,"BUY (score=10, HTF=NEUTRAL)",0.651,BUY,44.23900898939575,HOLD,0.6511437246235371,HOLD,0.6510312658899686,HOLD,0.6507119731761768,BUY,3.603317107359061e-06,BUY,5.665565375661245e-05,BUY,17.647058823535815,BUY,5.882352941178614,BUY,0.6514714301447322,0.6509525698552676,BUY,-133.0822347770801,BUY,15.47704963907948,BUY,-82.35294117646418,BUY,8.321409128171356e-05,HOLD,,10,1,4,NEUTRAL,NEUTRAL,NEUTRAL
2025-10-23T10:21:01.924149-04:00,CAD/JPY,BUY,"BUY (score=9, HTF=NEUTRAL)",109.136,BUY,41.26692425974819,HOLD,109.1674066615915,HOLD,109.14817355539373,HOLD,109.09830751375746,BUY,0.0007853304102525271,BUY,0.006119239344983669,BUY,0.0,BUY,14.1414141414124,BUY,109.20635418895925,109.13234581104076,BUY,-140.273396424826,BUY,15.397890802348623,BUY,-100.0,HOLD,0.012704893338208659,HOLD,,9,1,5,NEUTRAL,NEUTRAL,NEUTRAL
2025-10-23T10:21:05.122072-04:00,CAD/CHF,BUY,"BUY (score=7, HTF=NEUTRAL)",0.56907,BUY,28.60479227175381,HOLD,0.5693885907090384,HOLD,0.5695070070611825,SELL,0.5697695138501091,SELL,-0.00012221043227889083,SELL,-7.911150746877158e-05,BUY,1.724137931026562,BUY,0.5747126436755029,BUY,0.5698207678093825,0.5690662321906175,BUY,-161.84595385115375,SELL,20.755089709523663,BUY,-98.27586206897344,BUY,6.513998401293148e-05,HOLD,,7,4,4,NEUTRAL,NEUTRAL,NEUTRAL
2025-10-23T10:21:08.747676-04:00,CHF/JPY,SELL,"SELL (score=6, HTF=NEUTRAL)",191.77699,SELL,73.25642497086639,HOLD,191.70953802059097,HOLD,191.6355494856623,BUY,191.45649249498354,BUY,0.0427482797693699,BUY,0.0370331446819688,SELL,95.85950413223286,SELL,92.75087680290994,BUY,191.80944838687242,191.5790526131276,SELL,105.31970177058209,BUY,36.295274564517,SELL,-4.140495867767141,HOLD,0.014343486413248513,HOLD,,4,6,5,NEUTRAL,NEUTRAL,NEUTRAL
2025-10-23T10:21:12.187820-04:00,EUR/AUD,SELL,"SELL (score=6, HTF=NEUTRAL)",1.78432,SELL,66.14845964338295,HOLD,1.7836706108705538,HOLD,1.7832532867593636,HOLD,1.7827112431165175,BUY,0.0003837992391688694,BUY,0.00030342097625995747,SELL,87.31343283581965,SELL,91.7910447761202,BUY,1.7845623188699606,1.7825956811300394,SELL,115.69086651048244,BUY,22.672399531873417,SELL,-12.68656716418034,HOLD,0.0001908809194146635,HOLD,,3,6,6,NEUTRAL,NEUTRAL,NEUTRAL
2025-10-23T10:21:15.570272-04:00,EUR/CAD,SELL,"SELL (score=6, HTF=NEUTRAL)",1.62428,SELL,74.21457354291935,HOLD,1.6234974282665424,HOLD,1.6232455244498791,HOLD,1.622721478433276,BUY,0.00024341761874069334,BUY,0.0001369867394898998,SELL,100.0,SELL,100.0,BUY,1.6241209972222386,1.6226810027777612,SELL,215.12481644631762,BUY,18.76791840926516,SELL,-0.0,BUY,0.00013809536628602408,HOLD,,4,6,5,NEUTRAL,NEUTRAL,NEUTRAL
2025-10-23T10:21:18.875562-04:00,EUR/CHF,BUY,"BUY (score=6, HTF=NEUTRAL)",0.92427,BUY,39.64501891817744,HOLD,0.9244155145857352,HOLD,0.9244951772150048,HOLD,0.9246608699795291,SELL,-8.537176845579975e-05,SELL,-7.059525955822975e-05,BUY,10.714285714314036,BUY,12.79128672747006,BUY,0.9247795151053962,0.9241174848946035,BUY,-80.21570610038552,SELL,16.10974952710039,BUY,-89.28571428568597,HOLD,6.598407513396495e-05,HOLD,,6,4,5,NEUTRAL,NEUTRAL,NEUTRAL
2025-10-23T10:21:21.916696-04:00,EUR/GBP,SELL,"SELL (score=6, HTF=NEUTRAL)",0.87127,SELL,71.73345775719554,HOLD,0.8709909285643115,HOLD,0.8705772482405968,BUY,0.8696518365233521,BUY,0.000208863195504283,BUY,0.00020638642313160083,SELL,95.91836734693462,SELL,91.83673469387679,BUY,0.8713356181355222,0.8706413818644777,SELL,126.50264015284795,BUY,39.66407355104277,SELL,-4.081632653065386,HOLD,6.784566641329933e-05,HOLD,,5,6,4,NEUTRAL,NEUTRAL,NEUTRAL
2025-10-23T10:21:27.452409-04:00,EUR/USD,SELL,"SELL (score=6, HTF=NEUTRAL)",1.16116,SELL,62.02932006291036,HOLD,1.1609595425337869,HOLD,1.1606972228260677,BUY,1.159990599425647,BUY,0.0001641180647802276,BUY,0.00014262430690632766,SELL,76.92307692306379,SELL,78.19758672699191,BUY,1.1613945319728003,1.1604014680271997,SELL,75.67879838243053,BUY,22.290383393031956,SELL,-23.076923076936215,HOLD,8.688639076686602e-05,HOLD,,5,6,4,NEUTRAL,NEUTRAL,NEUTRAL
2025-10-23T10:21:30.584807-04:00,GBP/AUD,SELL,"SELL (score=5, HTF=NEUTRAL)",2.04788,BUY,49.27024787978246,HOLD,2.0478632594913666,HOLD,2.048288002687013,HOLD,2.049791686821362,SELL,-1.683075883995855e-05,SELL,-8.570238425243959e-05,HOLD,54.87804878051951,SELL,67.47967479677132,BUY,2.048287813578101,2.0472191864218985,HOLD,34.920634920734166,SELL,13.47707349271606,HOLD,-45.12195121948049,HOLD,0.00017904323568527567,HOLD,,2,5,8,NEUTRAL,NEUTRAL,NEUTRAL
2025-10-23T10:21:35.816102-04:00,GBP/CAD,SELL,"SELL (score=9, HTF=NEUTRAL)",1.86435,SELL,56.716081676608376,HOLD,1.8639465502107846,HOLD,1.8644884864656726,HOLD,1.86585158131874,SELL,-0.00010721096821919573,SELL,-0.00024461749814796974,SELL,100.0,SELL,97.36842105263338,BUY,1.8643297842679674,1.8633102157320327,SELL,172.35772357731943,SELL,21.2316254800576,SELL,-0.0,HOLD,0.00017285515508855484,HOLD,,1,9,5,NEUTRAL,NEUTRAL,NEUTRAL
2025-10-23T10:21:39.028971-04:00,GBP/CHF,BUY,"BUY (score=6, HTF=SELL)",1.06083,BUY,25.13521362876844,HOLD,1.0612536816903342,HOLD,1.0618498657443658,SELL,1.0631813916222994,SELL,-0.00034499361538453677,SELL,-0.0003323998154483388,BUY,7.81249999998211,BUY,3.336767399258117,BUY,1.0620362540104766,1.0605557459895234,BUY,-99.06462585035574,SELL,40.88193122691099,BUY,-92.18750000001789,HOLD,9.067618421341291e-05,HOLD,,6,4,5,SELL,NEUTRAL,NEUTRAL
2025-10-23T10:21:47.383345-04:00,USD/CAD,SELL,"SELL (score=7, HTF=NEUTRAL)",1.39893,SELL,63.7325860103794,HOLD,1.3984982327967328,HOLD,1.398546992013058,HOLD,1.3989720133309878,BUY,9.510984028859859e-05,SELL,-7.20594993660848e-06,SELL,94.89795918368526,SELL,98.29931972789514,BUY,1.3989195987457856,1.3977954012542142,SELL,167.5814123673596,BUY,14.236555468108666,SELL,-5.102040816314739,HOLD,0.00012480273854111252,HOLD,,2,7,6,NEUTRAL,NEUTRAL,NEUTRAL
2025-10-23T10:21:52.231126-04:00,USD/CHF,BUY,"BUY (score=6, HTF=NEUTRAL)",0.79588,BUY,31.625778403011864,HOLD,0.7961463074826127,HOLD,0.7964015695843896,SELL,0.7970709519906456,SELL,-0.0001720083803747885,SELL,-0.00015954216507467147,BUY,0.0,BUY,7.671957671954396,BUY,0.796613927894818,0.7957090721051819,BUY,-105.37151413063151,SELL,26.96711323845796,BUY,-100.0,HOLD,7.155380573207951e-05,HOLD,,6,4,5,NEUTRAL,NEUTRAL,NEUTRAL
2025-10-23T10:36:06.386506-04:00,AUD/CAD,SELL,"SELL (score=6, HTF=NEUTRAL)",0.91091,SELL,59.59580733800188,HOLD,0.9105073586365581,HOLD,0.9103714555292546,HOLD,0.9102366377528839,BUY,0.00014719216742575814,BUY,9.951635042963784e-05,SELL,100.0,SELL,100.0,BUY,0.9111665380876134,0.9097224619123866,SELL,101.5488656195441,BUY,19.25761203158462,SELL,-0.0,HOLD,0.00018259201466737875,HOLD,,3,6,6,NEUTRAL,NEUTRAL,NEUTRAL
2025-10-23T10:36:10.956564-04:00,AUD/CHF,SELL,"SELL (score=9, HTF=NEUTRAL)",0.51829,SELL,53.62978494349324,HOLD,0.5181794132204484,HOLD,0.5182747274052938,HOLD,0.518557459165699,SELL,-1.3135263212116222e-05,SELL,-4.79029806092457e-05,SELL,97.26027397260003,SELL,90.86757990867186,BUY,0.5184539925530927,0.5177490074469073,SELL,91.49375075842606,SELL,14.571080238317778,SELL,-2.7397260273999686,HOLD,9.716479878111961e-05,HOLD,,0,9,6,NEUTRAL,NEUTRAL,NEUTRAL
2025-10-23T10:36:16.851043-04:00,AUD/JPY,SELL,"SELL (score=6, HTF=NEUTRAL)",99.426,SELL,62.292161731530875,HOLD,99.39331893017878,HOLD,99.37363455966394,BUY,99.32001220054588,BUY,0.013064592521061513,BUY,0.009889520788367544,SELL,100.0,SELL,92.71385010431736,BUY,99.44808379857376,99.31971620142626,SELL,97.04933148916935,BUY,14.401174611036307,SELL,-0.0,HOLD,0.011825320095784908,HOLD,,4,6,5,NEUTRAL,NEUTRAL,NEUTRAL
2025-10-23T10:36:20.008210-04:00,AUD/USD,SELL,"SELL (score=6, HTF=NEUTRAL)",0.65155,SELL,64.62085522789258,HOLD,0.6512639711997507,HOLD,0.6511164350017059,BUY,0.6507596691870468,BUY,8.46573327991651e-05,BUY,5.0895600929363216e-05,SELL,100.0,SELL,100.0,BUY,0.651567702034697,0.6508992979653028,SELL,146.02076124569612,BUY,16.45808909952826,SELL,-0.0,HOLD,8.496407878131241e-05,HOLD,,4,6,5,NEUTRAL,NEUTRAL,NEUTRAL
2025-10-23T10:36:26.990941-04:00,CAD/CHF,SELL,"SELL (score=8, HTF=NEUTRAL)",0.56894,BUY,45.02029120785585,HOLD,0.5690168761847665,HOLD,0.569236780504219,SELL,0.569647173091334,SELL,-0.0001336420663621274,SELL,-0.00014739812046518183,SELL,80.95238095237654,SELL,79.76190476190143,BUY,0.5693857316473255,0.5685922683526744,HOLD,-26.322857910269164,SELL,23.564693625896716,SELL,-19.047619047623453,HOLD,0.00010979960306159541,HOLD,,2,8,5,NEUTRAL,NEUTRAL,NEUTRAL
2025-10-23T10:36:30.180872-04:00,CHF/JPY,SELL,"SELL (score=6, HTF=NEUTRAL)",191.826,SELL,71.6753661827365,HOLD,191.78749145202968,HOLD,191.71431761013739,BUY,191.50720743875272,BUY,0.03408810913478533,BUY,0.03614184960029337,SELL,91.54093914219567,SELL,79.6745211052524,BUY,191.84310761702568,191.7400873829743,SELL,101.84280639424085,BUY,41.464478464347906,SELL,-8.459060857804333,HOLD,0.009936508230872358,HOLD,,5,6,4,NEUTRAL,NEUTRAL,NEUTRAL
2025-10-23T10:36:33.288351-04:00,EUR/AUD,BUY,"BUY (score=5, HTF=NEUTRAL)",1.78357,BUY,50.56487144377083,HOLD,1.7835778081087452,HOLD,1.783398640682561,HOLD,1.7828382259181765,BUY,3.602339379815689e-05,BUY,5.5167725681613e-05,SELL,62.19512195123437,HOLD,50.72571749976357,BUY,1.784608845357557,1.782816154642443,HOLD,-25.215660252148467,BUY,13.36463368023621,HOLD,-37.80487804876563,HOLD,0.00017652241097101043,HOLD,,5,2,8,NEUTRAL,NEUTRAL,NEUTRAL
2025-10-23T10:36:36.372691-04:00,EUR/CAD,SELL,"SELL (score=6, HTF=NEUTRAL)",1.62479,SELL,72.71399708857103,HOLD,1.6242188872568821,HOLD,1.6237576749103813,BUY,1.6229540099819078,BUY,0.0003267481659190441,BUY,0.00028042581747538074,SELL,100.0,SELL,98.82352941175704,BUY,1.6248728844993543,1.6235981155006456,SELL,135.60772805082144,BUY,28.790063459204678,SELL,-0.0,HOLD,0.00012078207803816638,HOLD,,5,6,4,NEUTRAL,NEUTRAL,NEUTRAL
2025-10-23T10:36:39.627397-04:00,EUR/CHF,SELL,"SELL (score=7, HTF=NEUTRAL)",0.92438,BUY,51.59938646073614,HOLD,0.9243368600495397,HOLD,0.9244042803986571,HOLD,0.9246069133605064,SELL,-1.623190342281422e-05,SELL,-4.447580648802191e-05,SELL,78.57142857141157,SELL,92.85714285713719,BUY,0.9244574056323805,0.9241395943676197,SELL,84.04227893759762,HOLD,11.919161510655483,SELL,-21.428571428588423,HOLD,6.569358765866488e-05,HOLD,,2,7,6,NEUTRAL,NEUTRAL,NEUTRAL
2025-10-23T10:36:46.210023-04:00,EUR/JPY,SELL,"SELL (score=6, HTF=NEUTRAL)",177.338,SELL,68.27979676434875,HOLD,177.29099789674194,HOLD,177.2379061679974,BUY,177.08554261053223,BUY,0.027259965505010086,BUY,0.023391646446602313,SELL,91.0214630857321,SELL,94.08041443516858,BUY,177.34381075660824,177.2297882433917,SELL,141.9789931375225,BUY,27.222100374742762,SELL,-8.978536914267908,HOLD,0.01253793054004774,HOLD,,5,6,4,NEUTRAL,NEUTRAL,NEUTRAL
2025-10-23T10:36:49.394680-04:00,EUR/USD,BUY,"BUY (score=7, HTF=NEUTRAL)",1.16113,SELL,53.80477190116251,HOLD,1.1610936046302358,HOLD,1.160881403353884,HOLD,1.1601324836340947,BUY,7.034458769950014e-05,BUY,0.00010632929573076016,BUY,39.99999999997039,BUY,17.777777777748188,BUY,1.1613519801360095,1.1609870198639909,HOLD,-33.54564755854808,BUY,17.838427469571975,HOLD,-60.00000000002961,BUY,8.245765830866058e-05,HOLD,,7,2,6,NEUTRAL,NEUTRAL,NEUTRAL
2025-10-23T10:36:52.508871-04:00,GBP/AUD,BUY,"BUY (score=6, HTF=NEUTRAL)",2.04681,BUY,36.824587911126514,HOLD,2.047295388472375,HOLD,2.0477898957881053,SELL,2.049432348360464,SELL,-0.00024029501600608683,SELL,-0.00019899376638974356,BUY,0.0,BUY,6.0606060606142265,BUY,2.048241246050476,2.0465797539495245,BUY,-108.32995084119823,SELL,18.19753179686774,BUY,-100.0,HOLD,0.00017343585547106505,HOLD,,6,5,4,NEUTRAL,NEUTRAL,NEUTRAL
2025-10-23T10:36:55.855612-04:00,GBP/CAD,SELL,"SELL (score=6, HTF=NEUTRAL)",1.86483,SELL,58.21478667298141,HOLD,1.8644465630713534,HOLD,1.8645262653318442,HOLD,1.8656724236219984,BUY,0.00014855257817658618,BUY,0.00010144661276539542,SELL,100.0,SELL,90.59829059828598,BUY,1.8650919307100184,1.8637750692899817,SELL,100.9676597912184,BUY,16.101073220508766,SELL,-0.0,HOLD,0.00019843741781253773,HOLD,,4,6,5,NEUTRAL,NEUTRAL,NEUTRAL
2025-10-23T10:37:00.089308-04:00,GBP/CHF,SELL,"SELL (score=5, HTF=NEUTRAL)",1.06096,BUY,42.935338386346956,HOLD,1.061049779350585,HOLD,1.061470832971243,SELL,1.0628802966900026,SELL,-0.0001420030722074639,SELL,-0.00017441704298467553,BUY,35.41666666666474,BUY,37.500000000011546,BUY,1.0612672629457969,1.0606927370542032,HOLD,-11.396011396086012,SELL,26.01240273605148,HOLD,-64.58333333333526,HOLD,9.595923338489803e-05,HOLD,,4,5,6,NEUTRAL,NEUTRAL,NEUTRAL
2025-10-23T10:37:04.769699-04:00,GBP/JPY,SELL,"SELL (score=6, HTF=NEUTRAL)",203.541,SELL,55.75927323338115,HOLD,203.51325979486327,HOLD,203.51870327728062,HOLD,203.5691595487922,BUY,0.006670003963762383,BUY,0.0027798817387925654,SELL,98.01999607918422,SELL,85.87503029558685,BUY,203.5683254001542,203.4417765998458,SELL,86.0884808254195,HOLD,9.439991102896803,SELL,-1.9800039208157798,HOLD,0.01924060092867779,HOLD,,3,6,6,NEUTRAL,NEUTRAL,NEUTRAL
2025-10-23T10:37:08.328581-04:00,GBP/USD,SELL,"SELL (score=6, HTF=NEUTRAL)",1.33367,SELL,63.84710887895038,HOLD,1.3332242385262658,HOLD,1.3333170775436178,HOLD,1.333848231928461,BUY,7.244995225619277e-05,BUY,3.23444082811792e-06,SELL,100.0,SELL,87.17948717947623,BUY,1.3335840571471103,1.3326609428528897,SELL,185.27918781726163,BUY,14.103624824175796,SELL,-0.0,BUY,0.00012604724293805334,HOLD,,5,6,4,NEUTRAL,NEUTRAL,NEUTRAL
2025-10-23T10:37:12.023842-04:00,USD/CAD,BUY,"BUY (score=9, HTF=NEUTRAL)",1.3983,BUY,39.938509387725425,HOLD,1.398668776997674,HOLD,1.3986405930267813,HOLD,1.398944312314704,BUY,1.7585034447265002e-05,BUY,7.16582678260155e-05,BUY,0.0,BUY,12.418300653588842,BUY,1.3991531487639077,1.398406851236092,BUY,-214.76510067105897,HOLD,11.356306211057204,BUY,-100.0,BUY,0.0001343483222695416,HOLD,,9,1,5,NEUTRAL,NEUTRAL,NEUTRAL
2025-10-23T10:37:16.507032-04:00,USD/CHF,BUY,"BUY (score=7, HTF=NEUTRAL)",0.79555,BUY,25.150618492644952,HOLD,0.7958877686285799,HOLD,0.796155306028373,SELL,0.7969046276911272,SELL,-0.00015764646464810905,SELL,-0.00013558395371938685,BUY,0.0,BUY,3.333333333337015,BUY,0.796221833678054,0.7955771663219462,BUY,-166.9054441261079,SELL,29.86962075981,BUY,-100.0,BUY,6.34642041369994e-05,HOLD,,7,4,4,NEUTRAL,NEUTRAL,NEUTRAL
2025-10-23T10:51:29.758209-04:00,AUD/CAD,SELL,"SELL (score=5, HTF=NEUTRAL)",0.91105,SELL,59.133992986876045,HOLD,0.9108110520167275,HOLD,0.9106047440566619,HOLD,0.9103257869492624,BUY,0.00012132344366944103,BUY,0.0001355528964332671,SELL,90.0000000000074,HOLD,51.111111111106176,BUY,0.9114177086447977,0.9102192913552021,SELL,94.62497445325397,BUY,15.182464411807237,SELL,-9.999999999992598,HOLD,0.0001263476607034177,HOLD,,3,5,7,NEUTRAL,NEUTRAL,NEUTRAL
2025-10-23T10:51:32.907907-04:00,AUD/CHF,SELL,"SELL (score=6, HTF=NEUTRAL)",0.51821,BUY,50.567170661758375,HOLD,0.5181771228788405,HOLD,0.51824082945496,HOLD,0.5185116029735191,SELL,-2.5485324174012725e-05,SELL,-1.6584964429004122e-05,SELL,78.16091954022534,SELL,72.03065134099349,BUY,0.518553197313028,0.517849802686972,HOLD,5.286069651721424,HOLD,10.433080311183753,SELL,-21.839080459774664,HOLD,0.000140651940356893,HOLD,,2,6,7,NEUTRAL,NEUTRAL,NEUTRAL
2025-10-23T10:51:36.383567-04:00,AUD/JPY,BUY,"BUY (score=6, HTF=NEUTRAL)",99.441,SELL,56.75723603788618,HOLD,99.42290998172965,HOLD,99.40036081604306,BUY,99.3358419476185,BUY,0.00949140391962544,BUY,0.012109145213132938,SELL,59.67741935485091,BUY,41.39784946237386,BUY,99.4640485977745,99.3909514022255,HOLD,59.40594059402536,BUY,14.74817053198153,HOLD,-40.32258064514909,HOLD,0.013324492657534657,HOLD,,6,3,6,NEUTRAL,NEUTRAL,NEUTRAL
2025-10-23T10:51:40.446028-04:00,AUD/USD,SELL,"SELL (score=6, HTF=NEUTRAL)",0.65172,SELL,62.70386589919353,HOLD,0.6514679780462426,HOLD,0.651251709124428,BUY,0.6508212929310022,BUY,0.00014472476041371696,BUY,0.00012004661390862602,SELL,93.65079365078749,SELL,88.25884154831182,BUY,0.6519171888558615,0.6508368111441385,SELL,96.3618485742324,BUY,20.816023871386054,SELL,-6.349206349212503,BUY,9.503484858826053e-05,HOLD,,5,6,4,NEUTRAL,NEUTRAL,NEUTRAL
2025-10-23T10:51:44.266827-04:00,CAD/JPY,BUY,"BUY (score=5, HTF=NEUTRAL)",109.135,BUY,45.38890828020231,HOLD,109.14775501747111,HOLD,109.14735142715621,HOLD,109.11080768533441,SELL,-0.0035386526581220323,SELL,-0.0011419679530936054,BUY,20.370370370387914,BUY,10.49382716049967,BUY,109.1778998327838,109.1181001672162,HOLD,-68.24146981622833,HOLD,10.040207985935407,BUY,-79.62962962961208,HOLD,0.011636804922488425,HOLD,,5,3,7,NEUTRAL,NEUTRAL,NEUTRAL
2025-10-23T10:51:47.940846-04:00,CAD/CHF,SELL,"SELL (score=6, HTF=NEUTRAL)",0.56878,BUY,48.39558027545008,HOLD,0.5688149258905644,HOLD,0.569040156673006,SELL,0.5695355067093854,SELL,-0.00012835520219978136,SELL,-0.00010953999899409731,SELL,75.99999999999822,HOLD,45.88127853881474,BUY,0.5693343448373133,0.5682646551626868,HOLD,-6.815203145501702,SELL,15.29222392665831,SELL,-24.000000000001776,BUY,0.00022826795519779222,HOLD,,2,6,7,NEUTRAL,NEUTRAL,NEUTRAL
2025-10-23T10:51:51.700850-04:00,CHF/JPY,BUY,"BUY (score=5, HTF=NEUTRAL)",191.85001,SELL,59.295884762046775,HOLD,191.83410545482212,HOLD,191.77563116192886,BUY,191.5568584266152,BUY,0.02082504861431289,BUY,0.024088913014749976,SELL,71.94244604314322,SELL,82.46475989938803,BUY,191.8702224203063,191.8061785796937,HOLD,55.91440614468108,BUY,32.03051642857308,HOLD,-28.057553956856776,HOLD,0.01152516187265809,HOLD,,5,4,6,NEUTRAL,NEUTRAL,NEUTRAL
2025-10-23T10:51:55.047471-04:00,EUR/AUD,BUY,"BUY (score=6, HTF=NEUTRAL)",1.78214,BUY,31.964550261322216,HOLD,1.7828399022481356,HOLD,1.7830875234416799,HOLD,1.7828304174010337,SELL,-0.00030220898725485945,SELL,-0.00021783520635662882,BUY,0.0,BUY,0.0,BUY,1.7839034196107073,1.7820375803892927,BUY,-147.8218306411683,SELL,20.151483068145108,BUY,-100.0,HOLD,0.00017301143370232046,HOLD,,6,3,6,NEUTRAL,NEUTRAL,NEUTRAL
2025-10-23T10:51:58.351072-04:00,EUR/CAD,BUY,"BUY (score=7, HTF=NEUTRAL)",1.6237,BUY,40.919272008165585,HOLD,1.6240380497143254,HOLD,1.6238851356638992,HOLD,1.6231095076725892,SELL,-5.7021474527685356e-05,BUY,2.59651109724964e-05,BUY,0.0,BUY,6.060606060606079,BUY,1.624973480821215,1.6235005191787852,BUY,-110.25562057283469,SELL,17.287339697965358,BUY,-100.0,HOLD,0.00014013764219245918,HOLD,,7,3,5,NEUTRAL,NEUTRAL,NEUTRAL
2025-10-23T10:52:01.841118-04:00,EUR/CHF,BUY,"BUY (score=6, HTF=NEUTRAL)",0.92371,BUY,27.45582986934987,HOLD,0.9240105638008402,HOLD,0.9242093609468003,HOLD,0.9245225950344692,SELL,-0.0001653372021317434,SELL,-0.00012014799120687091,BUY,7.4626865671639315,BUY,6.243430733654184,BUY,0.9246117993735345,0.9235902006264656,BUY,-114.42786069649924,SELL,27.613192224238453,BUY,-92.53731343283607,HOLD,6.242798423741103e-05,HOLD,,6,3,6,NEUTRAL,NEUTRAL,NEUTRAL
2025-10-23T10:52:06.039049-04:00,EUR/GBP,BUY,"BUY (score=5, HTF=NEUTRAL)",0.87128,SELL,55.65452048738608,HOLD,0.8712458876323483,HOLD,0.8710243362252394,BUY,0.8700503594579134,BUY,7.298721911264128e-05,BUY,8.184845241574455e-05,HOLD,50.00000000002135,HOLD,53.846153846157144,BUY,0.8713887139610753,0.8711372860389249,HOLD,21.79487179479296,BUY,20.919863515786663,HOLD,-49.99999999997865,HOLD,5.119837241791763e-05,HOLD,,5,2,8,NEUTRAL,NEUTRAL,NEUTRAL
2025-10-23T10:52:10.491152-04:00,EUR/JPY,BUY,"BUY (score=6, HTF=NEUTRAL)",177.23399,BUY,38.74163836694281,HOLD,177.27089108912423,HOLD,177.25428244196397,HOLD,177.11248731382074,SELL,-0.011581805141275936,SELL,-6.835782883749821e-05,BUY,5.705305267166223,BUY,4.279744612858516,BUY,177.37282021048281,177.21057478951718,BUY,-110.99090262145036,SELL,21.37394458795424,BUY,-94.29469473283378,HOLD,0.01300258229341406,HOLD,,6,4,5,NEUTRAL,NEUTRAL,NEUTRAL
2025-10-23T10:52:13.964514-04:00,EUR/USD,BUY,"BUY (score=9, HTF=NEUTRAL)",1.16144,BUY,43.09570868981674,HOLD,1.1616571712183235,HOLD,1.1614185659307819,HOLD,1.1604916859599952,BUY,3.7468415351016304e-05,BUY,0.00011410922804740048,BUY,0.0,BUY,0.0,BUY,1.1622938383994927,1.1613781616005074,BUY,-142.85714285718578,BUY,18.73613347809848,BUY,-100.0,HOLD,9.710316693416176e-05,HOLD,,9,1,5,NEUTRAL,NEUTRAL,NEUTRAL
2025-10-23T10:52:17.727142-04:00,GBP/AUD,BUY,"BUY (score=6, HTF=SELL)",2.04528,BUY,25.874764091052924,HOLD,2.0461630836669085,HOLD,2.0469555673963957,SELL,2.0489534688756037,SELL,-0.0005013312322468266,SELL,-0.0004362421669325857,BUY,0.0,BUY,0.0,BUY,2.047411813053953,2.045105186946047,BUY,-130.8592443998591,SELL,32.18285135358822,BUY,-100.0,HOLD,0.000175785011228122,HOLD,,6,4,5,SELL,NEUTRAL,NEUTRAL
2025-10-23T10:52:21.369557-04:00,GBP/CAD,BUY,"BUY (score=6, HTF=NEUTRAL)",1.86354,BUY,40.080789301792045,HOLD,1.8639548091404958,HOLD,1.8642383805667955,SELL,1.8654298991784897,SELL,-0.00020298610352020852,SELL,-0.0001413145522225396,BUY,13.513513513502701,BUY,18.79021879020945,BUY,1.8650953117997207,1.8631706882002799,BUY,-91.02770742194946,SELL,16.80612483917241,BUY,-86.4864864864973,HOLD,0.0001895925862773818,HOLD,,6,4,5,NEUTRAL,NEUTRAL,NEUTRAL
2025-10-23T10:52:25.253959-04:00,GBP/CHF,BUY,"BUY (score=6, HTF=SELL)",1.06013,BUY,29.11640324138041,HOLD,1.0605142908883745,HOLD,1.0610030670482933,SELL,1.06254513131084,SELL,-0.00027039585592536497,SELL,-0.00023384984521909372,BUY,6.0240963855540945,BUY,6.082106202593554,BUY,1.0612838198962802,1.0599111801037195,BUY,-97.16809560920555,SELL,35.09370806448505,BUY,-93.97590361444591,HOLD,9.326120488813596e-05,HOLD,,6,4,5,SELL,NEUTRAL,NEUTRAL
2025-10-23T10:52:28.931506-04:00,GBP/JPY,BUY,"BUY (score=6, HTF=NEUTRAL)",203.40199,BUY,36.297726574566894,HOLD,203.46869900106356,HOLD,203.49626523523918,HOLD,203.55697347390054,SELL,-0.027350784586417376,SELL,-0.013404693198045074,BUY,12.41614906832726,BUY,9.52173913043243,BUY,203.59359841178102,203.38340158821896,BUY,-136.66666666666947,SELL,15.838821398608863,BUY,-87.58385093167274,HOLD,0.021325704334123226,HOLD,,6,3,6,NEUTRAL,NEUTRAL,NEUTRAL
2025-10-23T10:52:32.414040-04:00,GBP/USD,BUY,"BUY (score=6, HTF=NEUTRAL)",1.33262,BUY,36.97648172626871,HOLD,1.33298580117758,HOLD,1.3331675327195758,HOLD,1.333733314148567,SELL,-0.00013783249927312724,SELL,-7.742570701373912e-05,BUY,0.0,BUY,8.571428571421327,BUY,1.3337864162808528,1.332472583719147,BUY,-121.07170439018071,SELL,16.761364312426355,BUY,-100.0,HOLD,0.0001224560100995588,HOLD,,6,3,6,NEUTRAL,NEUTRAL,NEUTRAL
2025-10-23T10:52:35.806442-04:00,USD/CAD,SELL,"SELL (score=7, HTF=NEUTRAL)",1.39865,SELL,52.146684503578214,HOLD,1.398563830182957,HOLD,1.3985855490611288,HOLD,1.3988841562534935,SELL,-4.65007684380403e-06,SELL,-2.7457587659167085e-05,SELL,87.30158730157723,SELL,86.24338624338127,BUY,1.3988919485676636,1.3981920514323363,HOLD,53.49182763747534,HOLD,8.17983589511954,SELL,-12.698412698422768,HOLD,0.00014723641187784953,HOLD,,1,7,7,NEUTRAL,NEUTRAL,NEUTRAL
2025-10-23T10:52:40.106474-04:00,USD/CHF,SELL,"SELL (score=5, HTF=NEUTRAL)",0.79556,BUY,42.81016376210971,HOLD,0.795633902670645,HOLD,0.7958947569688584,SELL,0.7967210418615047,SELL,-0.00012293092070414513,SELL,-0.0001298593992174934,BUY,37.500000000004334,BUY,16.666666666660863,BUY,0.7958149969436842,0.7954060030563158,HOLD,-38.45421663808208,SELL,27.608284032639194,HOLD,-62.499999999995666,HOLD,7.335218595225374e-05,HOLD,,4,5,6,NEUTRAL,NEUTRAL,NEUTRAL
2025-10-23T11:06:54.215273-04:00,AUD/CAD,SELL,"SELL (score=6, HTF=NEUTRAL)",0.9116,SELL,65.18842237785177,HOLD,0.9112833114253998,HOLD,0.910966749072129,BUY,0.9104799622177794,BUY,0.00019869741391165263,BUY,0.00018124993839793246,SELL,100.0,SELL,99.43502824858383,BUY,0.9117205697622943,0.9107744302377057,SELL,107.18358038769553,BUY,21.25809384839675,SELL,-0.0,HOLD,0.00010321486366550435,HOLD,,4,6,5,NEUTRAL,NEUTRAL,NEUTRAL
2025-10-23T11:06:58.286745-04:00,AUD/CHF,BUY,"BUY (score=5, HTF=NEUTRAL)",0.51817,BUY,48.161321168041425,HOLD,0.5182142714317152,HOLD,0.5182323665380598,HOLD,0.518468937655247,BUY,7.805673389316148e-06,BUY,4.752607267567589e-06,BUY,44.11764705881777,SELL,59.80392156862619,BUY,0.5183782663035233,0.5180447336964765,HOLD,-41.604010024970435,HOLD,6.3731271254899635,HOLD,-55.88235294118223,HOLD,8.963956383212093e-05,HOLD,,5,2,8,NEUTRAL,NEUTRAL,NEUTRAL
2025-10-23T11:07:01.790291-04:00,AUD/JPY,BUY,"BUY (score=5, HTF=NEUTRAL)",99.426,BUY,49.27651935278886,HOLD,99.43097367318353,HOLD,99.4158319369892,HOLD,99.35022458640256,BUY,0.0036953496781535478,BUY,0.005600308654874202,BUY,42.64705882352542,HOLD,49.50980392156279,BUY,99.46757128497566,99.39472871502434,HOLD,-23.975791433896347,HOLD,9.454016475720703,HOLD,-57.35294117647458,HOLD,0.012376246342099885,HOLD,,5,1,9,NEUTRAL,NEUTRAL,NEUTRAL
2025-10-23T11:07:10.607544-04:00,CAD/JPY,BUY,"BUY (score=6, HTF=NEUTRAL)",109.06,BUY,31.278677886770538,HOLD,109.10509339811527,HOLD,109.12516352590771,HOLD,109.1097455974091,SELL,-0.01955066579662912,SELL,-0.01465045301273863,BUY,0.0,BUY,0.46948356807737973,BUY,109.16065653423517,109.05964346576484,BUY,-155.86635586637726,SELL,18.776288518248073,BUY,-100.0,HOLD,0.010846152043567555,HOLD,,6,3,6,NEUTRAL,NEUTRAL,NEUTRAL
2025-10-23T11:07:16.607233-04:00,CAD/CHF,BUY,"BUY (score=6, HTF=SELL)",0.56838,BUY,40.53234183259218,HOLD,0.5686255332576506,HOLD,0.5688355188450925,SELL,0.5694006678897507,SELL,-0.00010683052936977244,SELL,-9.800294169872841e-05,BUY,0.0,BUY,8.571428571422222,BUY,0.5690174936223986,0.5682335063776014,BUY,-114.41221018291968,HOLD,11.7253759791602,BUY,-100.0,HOLD,0.00012071431011437085,HOLD,,6,3,6,SELL,NEUTRAL,NEUTRAL
2025-10-23T11:07:21.731323-04:00,CHF/JPY,BUY,"BUY (score=9, HTF=NEUTRAL)",191.847,BUY,51.47133561551628,HOLD,191.84833475081598,HOLD,191.80945854068509,BUY,191.59583532362691,BUY,0.00708709863172885,BUY,0.012371972884462368,BUY,22.709706751567044,BUY,7.569902250522348,BUY,191.8792123637544,191.82698963624557,HOLD,-35.93939608128586,BUY,17.98563609779492,BUY,-77.29029324843296,HOLD,0.011769093386577207,HOLD,,9,1,5,NEUTRAL,NEUTRAL,NEUTRAL
2025-10-23T11:07:25.972590-04:00,EUR/AUD,SELL,"SELL (score=4, HTF=NEUTRAL)",1.78237,BUY,47.32367459479842,HOLD,1.7824082062525626,HOLD,1.7827386655932256,HOLD,1.7827581786349018,SELL,-0.00019970095225074758,SELL,-0.0002362454789495049,HOLD,47.70642201835405,BUY,40.366972477069325,BUY,1.7829535791549287,1.7817154208450712,HOLD,9.527643585635568,SELL,16.724589015674432,HOLD,-52.29357798164595,HOLD,0.0002032105236329806,HOLD,,3,4,8,NEUTRAL,NEUTRAL,NEUTRAL
2025-10-23T11:07:30.928375-04:00,EUR/CAD,SELL,"SELL (score=6, HTF=NEUTRAL)",1.62515,SELL,67.00379090471029,HOLD,1.6244618318077684,HOLD,1.62416396672069,BUY,1.6233041946581,BUY,0.0002271935906699163,BUY,0.00013399506307521056,SELL,100.0,SELL,100.0,BUY,1.6251266632369703,1.6234663367630302,SELL,161.25832506740778,BUY,17.56000163626611,SELL,-0.0,HOLD,0.00017487250581506796,HOLD,,4,6,5,NEUTRAL,NEUTRAL,NEUTRAL
2025-10-23T11:07:35.762741-04:00,EUR/CHF,SELL,"SELL (score=6, HTF=NEUTRAL)",0.9237,BUY,42.1266992761372,HOLD,0.9237575377696572,HOLD,0.9239633502010329,HOLD,0.9243989773233898,SELL,-8.967811356741517e-05,SELL,-0.00011532149266522418,SELL,65.21739130432265,SELL,66.66666666665056,BUY,0.9238009073677114,0.9235850926322884,HOLD,11.66666666625681,SELL,25.440471681273717,HOLD,-34.78260869567736,HOLD,5.329299896861699e-05,HOLD,,2,6,7,NEUTRAL,NEUTRAL,NEUTRAL
2025-10-23T11:07:40.166154-04:00,EUR/GBP,SELL,"SELL (score=6, HTF=NEUTRAL)",0.87184,SELL,65.4527015843849,HOLD,0.8716373119682342,HOLD,0.8713499408938126,BUY,0.870302287906504,BUY,0.0001579903018649187,BUY,0.00014431302059422871,SELL,79.41176470587851,SELL,93.13725490195951,BUY,0.8720179961170785,0.8711810038829216,SELL,88.77814691770732,BUY,29.720006229508243,SELL,-20.58823529412149,HOLD,6.839068862348528e-05,HOLD,,5,6,4,NEUTRAL,NEUTRAL,NEUTRAL
2025-10-23T11:07:47.043573-04:00,EUR/JPY,SELL,"SELL (score=9, HTF=NEUTRAL)",177.259,SELL,54.48731419618365,HOLD,177.23913564349047,HOLD,177.24282930443442,HOLD,177.1298014315628,SELL,-0.008417700704228537,SELL,-0.011896487486016316,SELL,100.0,SELL,71.28832082982687,BUY,177.2534995644725,177.20680043552753,SELL,217.7440658137042,SELL,16.000167553529007,SELL,-0.0,BUY,0.013463641696414562,HOLD,,2,9,4,NEUTRAL,NEUTRAL,NEUTRAL
2025-10-23T11:07:50.397952-04:00,EUR/USD,BUY,"BUY (score=5, HTF=NEUTRAL)",1.16133,BUY,47.518142918839175,HOLD,1.1613913824197062,HOLD,1.1613203300416037,HOLD,1.1605072399405176,SELL,-8.134086005218144e-05,SELL,-4.13069252981613e-05,BUY,33.766233766227025,BUY,29.00432900432915,BUY,1.1622809331521222,1.1607850668478776,HOLD,-39.07979593800493,SELL,21.036517156308285,HOLD,-66.23376623377297,BUY,0.00011724910889026347,HOLD,,5,3,7,NEUTRAL,NEUTRAL,NEUTRAL
2025-10-23T11:07:54.753849-04:00,GBP/AUD,SELL,"SELL (score=5, HTF=NEUTRAL)",2.04443,BUY,39.80689122479879,HOLD,2.0447565872635094,HOLD,2.0457798899318047,SELL,2.048296061945767,SELL,-0.0005384370176426678,SELL,-0.0005819223690963219,BUY,40.60150375940251,BUY,26.31578947368188,BUY,2.0458068468369905,2.0436181531630098,HOLD,-38.24027072757661,SELL,34.14165338762419,HOLD,-59.39849624059749,HOLD,0.00022474097851184598,HOLD,,4,5,6,NEUTRAL,NEUTRAL,NEUTRAL
2025-10-23T11:07:58.091149-04:00,GBP/CAD,SELL,"SELL (score=9, HTF=NEUTRAL)",1.86393,SELL,56.267532442574065,HOLD,1.8636170947905786,HOLD,1.863886407220696,HOLD,1.8651409481865857,SELL,-7.348008516161464e-05,SELL,-0.00015034197315096033,SELL,100.0,SELL,90.56603773585566,BUY,1.8638890567684334,1.8631359432315664,SELL,177.565124933598,SELL,13.270985352741997,SELL,-0.0,HOLD,0.00015819565640475789,HOLD,,1,9,5,NEUTRAL,NEUTRAL,NEUTRAL
2025-10-23T11:08:01.434610-04:00,GBP/CHF,BUY,"BUY (score=6, HTF=SELL)",1.0594,BUY,29.67927394895419,HOLD,1.0597447776194209,HOLD,1.060333072481663,SELL,1.0621104501975467,SELL,-0.0002968813871457865,SELL,-0.00030948498683435697,BUY,5.555555555531569,BUY,2.3809523809479143,BUY,1.0602635859236067,1.0591724140763932,BUY,-90.05947323706454,SELL,40.76705013950909,BUY,-94.44444444446843,HOLD,9.320147844539348e-05,HOLD,,6,4,5,SELL,NEUTRAL,NEUTRAL
2025-10-23T11:08:04.755928-04:00,GBP/JPY,SELL,"SELL (score=6, HTF=NEUTRAL)",203.3,BUY,37.81601959000681,HOLD,203.33056661318267,HOLD,203.4024105541145,SELL,203.5178201048044,SELL,-0.04688639814611406,SELL,-0.047511134953286266,SELL,61.28668171560847,BUY,22.134365525281154,BUY,203.4289009219972,203.2304960780028,HOLD,-47.27453325972262,SELL,34.54059782003277,HOLD,-38.71331828439153,BUY,0.01651057967037361,HOLD,,4,6,5,NEUTRAL,NEUTRAL,NEUTRAL
2025-10-23T11:08:08.282611-04:00,GBP/USD,SELL,"SELL (score=5, HTF=NEUTRAL)",1.3323,BUY,43.982204924689995,HOLD,1.3324214287084903,HOLD,1.3327529707364425,HOLD,1.333520961818175,SELL,-0.00018955001790277315,SELL,-0.00020435300118413905,SELL,58.333333333359036,BUY,34.621578099844804,BUY,1.332804950948492,1.3319640490515081,HOLD,-32.847424684182,SELL,19.92934866813633,HOLD,-41.666666666640964,HOLD,0.0001362349934243735,HOLD,,3,5,7,NEUTRAL,NEUTRAL,NEUTRAL
2025-10-23T11:08:12.035364-04:00,USD/CAD,SELL,"SELL (score=6, HTF=NEUTRAL)",1.39929,SELL,64.68258145214983,HOLD,1.3989385605230464,HOLD,1.3987776028030092,HOLD,1.3988969419740187,BUY,0.0001537897384473741,BUY,0.00011462460282461263,SELL,100.0,SELL,98.5815602836786,BUY,1.399301411625402,1.3985065883745984,SELL,155.0200803213157,BUY,14.867304520095072,SELL,-0.0,HOLD,0.0001077240617473096,HOLD,,4,6,5,NEUTRAL,NEUTRAL,NEUTRAL
2025-10-23T11:08:16.493440-04:00,USD/CHF,BUY,"BUY (score=6, HTF=NEUTRAL)",0.7952,BUY,35.41445633602835,HOLD,0.7954028151843634,HOLD,0.795644119431677,SELL,0.7965220517081176,SELL,-0.00010888751306881161,SELL,-0.00010672371984710242,BUY,0.0,BUY,0.0,BUY,0.7956093421725613,0.7951976578274388,BUY,-155.04761904754946,SELL,22.7105950035026,BUY,-100.0,HOLD,6.805833145902969e-05,HOLD,,6,5,4,NEUTRAL,NEUTRAL,NEUTRAL
2025-10-23T11:22:30.053830-04:00,AUD/CAD,BUY,"BUY (score=9, HTF=NEUTRAL)",0.91129,BUY,44.72630929325295,HOLD,0.9114458108290832,HOLD,0.9112231978572619,HOLD,0.9106335144721266,BUY,4.372110581740696e-05,BUY,0.00010770540383601172,BUY,4.166666666671485,BUY,1.388888888890495,BUY,0.9117810592417839,0.9112619407582163,BUY,-155.34306324431043,BUY,18.704762216819336,BUY,-95.83333333332851,HOLD,8.311793458749778e-05,HOLD,,9,1,5,NEUTRAL,NEUTRAL,NEUTRAL
2025-10-23T11:22:34.480857-04:00,AUD/CHF,SELL,"SELL (score=4, HTF=NEUTRAL)",0.51795,BUY,46.8217311110449,HOLD,0.5180659116623572,HOLD,0.5181408162655766,HOLD,0.5184062149280149,SELL,-5.144724680394841e-05,SELL,-4.486143160922962e-05,SELL,61.42857142857437,SELL,65.23809523809653,BUY,0.5184854247744406,0.5176845752255592,HOLD,-64.51612903220415,HOLD,6.998231117249541,HOLD,-38.57142857142563,HOLD,0.00016659512398653473,HOLD,,2,4,9,NEUTRAL,NEUTRAL,NEUTRAL
2025-10-23T11:22:37.930274-04:00,AUD/JPY,BUY,"BUY (score=7, HTF=NEUTRAL)",99.4,BUY,41.21393367967399,HOLD,99.42455942728753,HOLD,99.41943587246884,HOLD,99.36106016448262,SELL,-0.0023427730450009676,BUY,0.0004766123352613929,BUY,0.0,BUY,9.756097560976746,BUY,99.45125188671184,99.39824811328816,BUY,-148.64864864853243,HOLD,9.17686532431931,BUY,-100.0,HOLD,0.010851206240415209,HOLD,,7,2,6,NEUTRAL,NEUTRAL,NEUTRAL
2025-10-23T11:22:41.261220-04:00,AUD/USD,BUY,"BUY (score=8, HTF=NEUTRAL)",0.65121,BUY,35.358385587798935,HOLD,0.6515504251474107,HOLD,0.6514226008070916,HOLD,0.6509412578934306,SELL,-1.0599950498013655e-05,BUY,6.314612975008719e-05,BUY,0.0,BUY,0.0,BUY,0.6519707308929766,0.6513132691070233,BUY,-219.84732824428173,SELL,17.9639501452849,BUY,-100.0,BUY,8.500458055571325e-05,HOLD,,8,2,5,NEUTRAL,NEUTRAL,NEUTRAL
2025-10-23T11:22:44.629523-04:00,CAD/JPY,SELL,"SELL (score=7, HTF=NEUTRAL)",109.077,BUY,48.34732978023579,HOLD,109.07487835964437,HOLD,109.09674611084615,HOLD,109.10299116672844,SELL,-0.008326634239637087,SELL,-0.014039801700078798,SELL,69.76744186045742,SELL,89.92248062015248,BUY,109.0874317122087,109.04356828779133,SELL,84.24908424904936,SELL,21.225296256514675,HOLD,-30.23255813954257,BUY,0.00811786322251062,HOLD,,3,7,5,NEUTRAL,NEUTRAL,NEUTRAL
2025-10-23T11:22:49.161374-04:00,CAD/CHF,SELL,"SELL (score=8, HTF=NEUTRAL)",0.56837,BUY,48.31995066045969,HOLD,0.568378418929353,HOLD,0.5685919671908215,SELL,0.5692414353520672,SELL,-8.770441157546216e-05,SELL,-0.00011004780187251628,SELL,86.74698795181399,SELL,86.34538152610408,BUY,0.56871628624904,0.56800071375096,HOLD,8.234872896563964,SELL,12.099999269574813,SELL,-13.253012048186003,HOLD,0.00013128249641964281,HOLD,,2,8,5,NEUTRAL,NEUTRAL,NEUTRAL
2025-10-23T11:22:53.545707-04:00,CHF/JPY,BUY,"BUY (score=6, HTF=NEUTRAL)",191.899,SELL,58.77161577122371,HOLD,191.8727149527564,HOLD,191.83960838249433,BUY,191.63646616866316,BUY,0.01572132911073254,BUY,0.010177735532888869,SELL,72.64578222306433,SELL,90.88192740768811,BUY,191.92203689895496,191.80676310104502,SELL,90.5320721640351,BUY,17.25406637834348,HOLD,-27.354217776935663,BUY,0.01445195698350805,HOLD,,6,5,4,NEUTRAL,NEUTRAL,NEUTRAL
2025-10-23T11:22:58.377095-04:00,EUR/AUD,SELL,"SELL (score=7, HTF=NEUTRAL)",1.78314,SELL,62.57203248803447,HOLD,1.7825607667228835,HOLD,1.7826502123670966,HOLD,1.7827246859186907,BUY,7.941904264741062e-05,SELL,-2.665474552572365e-05,SELL,97.14285714285955,SELL,99.04761904761985,BUY,1.7830316826100505,1.78192531738995,SELL,214.9122807018626,BUY,12.838777928669822,SELL,-2.8571428571404405,BUY,0.00017825220880491642,HOLD,,4,7,4,NEUTRAL,NEUTRAL,NEUTRAL
2025-10-23T11:23:03.787063-04:00,EUR/CAD,SELL,"SELL (score=6, HTF=NEUTRAL)",1.62516,SELL,59.25561316427106,HOLD,1.624902088198193,HOLD,1.624544749438228,HOLD,1.6235399836305247,BUY,0.000191352612904927,BUY,0.00020234568005353154,SELL,90.47619047618292,SELL,76.19047619046613,BUY,1.6252994796713223,1.6245985203286772,SELL,105.60560560540465,BUY,18.221339517993748,SELL,-9.523809523817077,HOLD,0.0001461764539255914,HOLD,,4,6,5,NEUTRAL,NEUTRAL,NEUTRAL
2025-10-23T11:23:10.890962-04:00,EUR/GBP,SELL,"SELL (score=6, HTF=NEUTRAL)",0.87203,SELL,62.573178075040154,HOLD,0.8718867788034006,HOLD,0.8716223657851611,BUY,0.8705320001871089,BUY,0.00010840668386324914,BUY,0.00012393585188423043,SELL,100.0,SELL,77.7777777777962,BUY,0.8720745506348738,0.871763449365126,SELL,119.1626409015937,BUY,26.9557441441133,SELL,-0.0,HOLD,6.190641446353742e-05,HOLD,,5,6,4,NEUTRAL,NEUTRAL,NEUTRAL
2025-10-23T11:23:14.488284-04:00,EUR/JPY,SELL,"SELL (score=5, HTF=NEUTRAL)",177.267,SELL,55.18697225446338,HOLD,177.2475673533255,HOLD,177.2435139006736,HOLD,177.14535783583028,BUY,0.007619003794530954,BUY,0.0008042043240700801,SELL,68.42105263157737,SELL,78.59999999999836,BUY,177.2886927174188,177.1866092825812,SELL,91.7854680044887,BUY,13.079422987206287,HOLD,-31.57894736842263,HOLD,0.015442237944936894,HOLD,,4,5,6,NEUTRAL,NEUTRAL,NEUTRAL
2025-10-23T11:23:20.128559-04:00,EUR/USD,BUY,"BUY (score=4, HTF=NEUTRAL)",1.16158,BUY,50.83616817805215,HOLD,1.161551767175275,HOLD,1.1614667448755507,HOLD,1.1606695795191355,SELL,-9.74936136732829e-06,BUY,1.6195514462583398e-05,HOLD,54.38596491229027,BUY,28.07017543860061,BUY,1.1620271471627452,1.1611028528372547,HOLD,5.376344086056806,SELL,12.105900159669787,HOLD,-45.61403508770973,HOLD,0.00015056215933039415,HOLD,,4,3,8,NEUTRAL,NEUTRAL,NEUTRAL
2025-10-23T11:23:24.455288-04:00,GBP/AUD,SELL,"SELL (score=10, HTF=NEUTRAL)",2.04506,SELL,60.11902466388413,HOLD,2.044470801218198,HOLD,2.0450869743511455,SELL,2.0477016382157087,SELL,-5.5264288453482635e-05,SELL,-0.00024000640954396492,SELL,100.0,SELL,96.91358024690827,BUY,2.0449468500553345,2.043553149944666,SELL,197.08029197070792,SELL,24.046432099052062,SELL,-0.0,HOLD,0.00018842448102824764,HOLD,,1,10,4,NEUTRAL,NEUTRAL,NEUTRAL
2025-10-23T11:23:27.915257-04:00,GBP/CAD,SELL,"SELL (score=3, HTF=NEUTRAL)",1.86352,BUY,48.49963306675819,HOLD,1.8635520074742156,HOLD,1.8637146273568945,HOLD,1.8649006455449242,SELL,-2.164944291394022e-05,SELL,-3.837109024135514e-05,HOLD,49.056603773599925,HOLD,54.08805031447016,BUY,1.8638509589401104,1.8632360410598892,HOLD,-13.447782546463937,HOLD,7.441613642146406,HOLD,-50.943396226400075,HOLD,0.00013804254045108303,HOLD,,2,3,10,NEUTRAL,NEUTRAL,NEUTRAL
2025-10-23T11:23:31.901449-04:00,GBP/CHF,SELL,"SELL (score=8, HTF=NEUTRAL)",1.0593,BUY,44.837149917366354,HOLD,1.0593466513427239,HOLD,1.0598190858958951,SELL,1.0616869193032066,SELL,-0.00015873988172154796,SELL,-0.000202997145417589,SELL,77.58620689652071,SELL,68.96551724135598,BUY,1.0595432146742032,1.059017785325797,HOLD,14.541387024482093,SELL,28.363002591597297,SELL,-22.4137931034793,BUY,0.00010684061437424777,HOLD,,3,8,4,NEUTRAL,NEUTRAL,NEUTRAL
2025-10-23T11:23:35.761543-04:00,GBP/JPY,SELL,"SELL (score=8, HTF=NEUTRAL)",203.297,BUY,50.53584512316786,HOLD,203.28317557726623,HOLD,203.33746992945882,HOLD,203.47997012812334,SELL,-0.013619649862420147,SELL,-0.025170082586314167,SELL,80.21668923846006,SELL,68.40990380942522,BUY,203.32068581479007,203.20581118520994,SELL,93.16219853022525,SELL,22.005259620175988,SELL,-19.783310761539944,BUY,0.02019038968544339,HOLD,,3,8,4,NEUTRAL,NEUTRAL,NEUTRAL
2025-10-23T11:23:39.358074-04:00,GBP/USD,BUY,"BUY (score=6, HTF=NEUTRAL)",1.33119,BUY,31.36917553636455,HOLD,1.3316018245924006,HOLD,1.3321331384261068,SELL,1.3332174624029984,SELL,-0.00030982468117479733,SELL,-0.00031298302953264913,BUY,0.0,BUY,6.803393460189741,BUY,1.3323460157220888,1.330898984277911,BUY,-90.24517475218735,SELL,29.837385480343567,BUY,-100.0,HOLD,0.00011557706677919621,HOLD,,6,4,5,NEUTRAL,NEUTRAL,NEUTRAL
2025-10-23T11:23:43.933493-04:00,USD/CAD,SELL,"SELL (score=5, HTF=NEUTRAL)",1.40006,SELL,60.509023689163506,HOLD,1.3997244859800206,HOLD,1.3992888105954977,HOLD,1.399033874847513,BUY,0.00030964996222015984,BUY,0.00029656060994829957,SELL,86.00000000001776,SELL,91.66666666667783,BUY,1.4004979721874031,1.3988800278125968,HOLD,64.42649995660263,BUY,24.418689424417543,SELL,-13.999999999982236,HOLD,0.0001735608948119302,HOLD,,3,5,7,NEUTRAL,NEUTRAL,NEUTRAL
2025-10-23T11:23:47.547138-04:00,USD/CHF,SELL,"SELL (score=6, HTF=NEUTRAL)",0.79574,SELL,61.80172262675882,HOLD,0.7956043349882119,HOLD,0.7956380542976017,HOLD,0.7963882915161101,BUY,6.268150852062337e-05,BUY,3.913071301676115e-05,SELL,100.0,SELL,90.74768692173238,BUY,0.7958981404413262,0.7951948595586739,SELL,83.49514563104566,BUY,19.075028769252103,SELL,-0.0,HOLD,4.9439738613099494e-05,HOLD,,4,6,5,NEUTRAL,NEUTRAL,NEUTRAL
