Direction,Order,Expiration,Asset,Open time,Close time,Open price,Close price,Trade amount,Profit,Currency,timestamp,action,full_signal,price,rsi_status,rsi_value,ema20_status,ema20_value,ema50_status,ema50_value,ema200_status,ema200_value,macd_status,macd_value,macd_signal_status,macd_signal_value,stoch_k_status,stoch_k_value,stoch_d_status,stoch_d_value,bb_status,bb_high_value,bb_low_value,cci_status,cci_value,adx_status,adx_value,willr_status,willr_value,atr_status,atr_value,obv_status,obv_value,buy_score,sell_score,hold_score,htf_bias,base_bias,quote_bias
call,47242536-1760-45d6-961b-e4d20c5c8790,S1800,EUR/USD,2025-10-20 09:39:25,2025-10-20 10:09:25,1.16637,1.16622,1,-1.0,USD,,,,,,,,,,,,,,,,,,,,,,,,,,,,,,,,,,,,,,,
call,a84826c1-476b-44c9-8b4b-f96d08a993f1,S1800,USD/JPY,2025-10-20 09:39:40,2025-10-20 10:09:40,150.774,150.721,1,-1.0,USD,,,,,,,,,,,,,,,,,,,,,,,,,,,,,,,,,,,,,,,
call,f899c0d2-562d-4ead-8ef3-b69e7fcc5317,S1800,AUD/CAD,2025-10-20 09:40:46,2025-10-20 10:10:46,0.91169,0.91151,1,-1.0,USD,,,,,,,,,,,,,,,,,,,,,,,,,,,,,,,,,,,,,,,
call,132a0112-f60c-41e7-95d9-1d3c78be786b,S1800,CAD/JPY,2025-10-20 09:40:55,2025-10-20 10:10:55,107.483,107.406,1,-1.0,USD,,,,,,,,,,,,,,,,,,,,,,,,,,,,,,,,,,,,,,,
call,f9807ded-3598-4066-a2b7-3bea442e617a,S1800,EUR/JPY,2025-10-20 09:41:07,2025-10-20 10:11:07,175.846,175.75,1,-1.0,USD,,,,,,,,,,,,,,,,,,,,,,,,,,,,,,,,,,,,,,,
call,0be8e98a-51e2-49cb-bcd7-7eb07c42bee9,S1800,EUR/USD,2025-10-20 09:41:11,2025-10-20 10:11:11,1.16651,1.1664,1,-1.0,USD,,,,,,,,,,,,,,,,,,,,,,,,,,,,,,,,,,,,,,,
call,a1eb1a2c-48ed-485b-be7e-c336762c37c1,S1800,USD/JPY,2025-10-20 09:41:23,2025-10-20 10:11:23,150.735,150.671,1,-1.0,USD,,,,,,,,,,,,,,,,,,,,,,,,,,,,,,,,,,,,,,,
call,d0d4d08b-ef87-46c8-88bc-50686199d6fd,S1800,AUD/JPY,2025-10-20 09:41:58,2025-10-20 10:11:58,97.999,97.941,1,-1.0,USD,,,,,,,,,,,,,,,,,,,,,,,,,,,,,,,,,,,,,,,
call,7a039267-e28c-4f6b-bc3f-0d54fe436f3c,S1800,CAD/JPY,2025-10-20 09:42:03,2025-10-20 10:12:03,107.479,107.414,1,-1.0,USD,,,,,,,,,,,,,,,,,,,,,,,,,,,,,,,,,,,,,,,
call,187a50a8-526c-47f6-ac8f-360c99f2523c,S1800,EUR/JPY,2025-10-20 09:42:14,2025-10-20 10:12:14,175.836,175.779,1,-1.0,USD,,,,,,,,,,,,,,,,,,,,,,,,,,,,,,,,,,,,,,,
call,2686f106-f470-406d-9949-8b2720147376,S1800,USD/JPY,2025-10-20 09:42:28,2025-10-20 10:12:28,150.737,150.696,1,-1.0,USD,,,,,,,,,,,,,,,,,,,,,,,,,,,,,,,,,,,,,,,
call,0876a66c-1379-4b39-8919-bcec1ffd030d,S1800,AUD/JPY,2025-10-20 09:43:35,2025-10-20 10:13:35,97.989,97.957,1,-1.0,USD,,,,,,,,,,,,,,,,,,,,,,,,,,,,,,,,,,,,,,,
call,d377af91-7c87-440a-8182-49139247e931,S1800,EUR/JPY,2025-10-20 09:43:52,2025-10-20 10:13:52,175.833,175.816,1,-1.0,USD,,,,,,,,,,,,,,,,,,,,,,,,,,,,,,,,,,,,,,,
put,52109a4b-7dac-4f40-bd15-89248fede352,S1800,AUD/JPY,2025-10-20 09:45:14,2025-10-20 10:15:14,97.987,97.977,1,0.78,USD,,,,,,,,,,,,,,,,,,,,,,,,,,,,,,,,,,,,,,,
put,537d1994-b352-4cff-9438-7b13c774b6eb,S1800,EUR/JPY,2025-10-20 09:45:35,2025-10-20 10:15:35,175.853,175.822,1,0.83,USD,,,,,,,,,,,,,,,,,,,,,,,,,,,,,,,,,,,,,,,
call,8e307bd5-8b9b-4329-91b5-43a7ab34b6ee,S1800,AUD/JPY,2025-10-20 09:45:53,2025-10-20 10:15:53,97.991,97.976,1,-1.0,USD,,,,,,,,,,,,,,,,,,,,,,,,,,,,,,,,,,,,,,,
call,86bcf5d9-4b4a-4b6f-943c-c6f8a53f9b76,S1800,GBP/JPY,2025-10-20 09:56:20,2025-10-20 10:26:20,202.279,202.279,1,0.0,USD,,,,,,,,,,,,,,,,,,,,,,,,,,,,,,,,,,,,,,,
call,093c6af8-9cec-41ee-9653-917493359c5c,S1800,GBP/CAD,2025-10-20 09:57:44,2025-10-20 10:27:44,1.88198,1.88315,1,0.7,USD,,,,,,,,,,,,,,,,,,,,,,,,,,,,,,,,,,,,,,,
call,e75427eb-01d6-42ec-81f9-f53e3e9ce27c,S1800,GBP/AUD,2025-10-20 09:58:28,2025-10-20 10:28:28,2.06499,2.06553,1,0.92,USD,,,,,,,,,,,,,,,,,,,,,,,,,,,,,,,,,,,,,,,
call,aba6db26-bf2a-43bf-a32a-ee18b17edc15,S1800,GBP/CAD,2025-10-20 09:58:33,2025-10-20 10:28:33,1.88196,1.88314,1,0.7,USD,,,,,,,,,,,,,,,,,,,,,,,,,,,,,,,,,,,,,,,
call,78b6c4c0-6b92-4372-be69-2e54c40248d8,S1800,EUR/CHF,2025-10-20 10:24:56,2025-10-20 10:54:56,0.92488,0.92427,1,-1.0,USD,,,,,,,,,,,,,,,,,,,,,,,,,,,,,,,,,,,,,,,
call,fbf79a9c-d514-4c7f-a08b-49638b06bd67,S1800,AUD/CAD,2025-10-20 10:27:33,2025-10-20 10:57:33,0.91166,0.91176,1,0.81,USD,,,,,,,,,,,,,,,,,,,,,,,,,,,,,,,,,,,,,,,
call,4ab7e3ba-dd3e-4c7e-aa85-b7972ffe3b4f,S1800,AUD/JPY,2025-10-20 10:27:38,2025-10-20 10:57:38,97.963,97.886,1,-1.0,USD,,,,,,,,,,,,,,,,,,,,,,,,,,,,,,,,,,,,,,,
call,51d0dd1b-91b0-472f-b5f9-c598517b512a,S1800,USD/JPY,2025-10-20 10:27:58,2025-10-20 10:57:58,150.759,150.637,1,-1.0,USD,,,,,,,,,,,,,,,,,,,,,,,,,,,,,,,,,,,,,,,
call,f55ab6c6-9a7d-4936-b61a-62a2f3624203,S1800,AUD/JPY,2025-10-20 10:29:01,2025-10-20 10:59:01,97.961,97.856,1,-1.0,USD,,,,,,,,,,,,,,,,,,,,,,,,,,,,,,,,,,,,,,,
call,23aa60a8-9bc6-4783-a2ac-95bf086a843c,S1800,AUD/CAD,2025-10-20 10:39:05,2025-10-20 11:09:05,0.9115,0.91152,1,0.81,USD,,,,,,,,,,,,,,,,,,,,,,,,,,,,,,,,,,,,,,,
call,8b74d5f7-3714-41c5-b221-08b2837d11df,S1800,EUR/CAD,2025-10-20 10:39:13,2025-10-20 11:09:13,1.63615,1.63617,1,0.76,USD,,,,,,,,,,,,,,,,,,,,,,,,,,,,,,,,,,,,,,,
call,257db4c9-afa0-4b29-9765-335e3c752cbf,S1800,EUR/USD,2025-10-20 10:39:17,2025-10-20 11:09:17,1.16623,1.16603,1,-1.0,USD,,,,,,,,,,,,,,,,,,,,,,,,,,,,,,,,,,,,,,,
call,5992e39a-4c4b-4811-b3d6-6da637a33b02,S1800,EUR/CAD,2025-10-20 10:40:35,2025-10-20 11:10:35,1.63632,1.63634,1,0.77,USD,,,,,,,,,,,,,,,,,,,,,,,,,,,,,,,,,,,,,,,
call,4c29f79b-4c4c-402e-a021-878c3095875b,S1800,CHF/JPY,2025-10-20 10:43:25,2025-10-20 11:13:25,190.153,189.663,1,-1.0,USD,,,,,,,,,,,,,,,,,,,,,,,,,,,,,,,,,,,,,,,
call,d18d14a2-4b83-4dd2-aced-ce51751dd87d,S1800,GBP/JPY,2025-10-20 10:43:36,2025-10-20 11:13:36,202.336,201.958,1,-1.0,USD,,,,,,,,,,,,,,,,,,,,,,,,,,,,,,,,,,,,,,,
call,f1e8d503-609b-464c-bb35-ba2b218ab5f0,S1800,USD/JPY,2025-10-20 10:43:40,2025-10-20 11:13:40,150.688,150.387,1,-1.0,USD,,,,,,,,,,,,,,,,,,,,,,,,,,,,,,,,,,,,,,,
call,0e6151cf-19f6-4aec-b171-76a61e37b5da,S1800,CHF/JPY,2025-10-20 10:44:50,2025-10-20 11:14:50,190.13,189.717,1,-1.0,USD,,,,,,,,,,,,,,,,,,,,,,,,,,,,,,,,,,,,,,,
call,1f114bf7-765a-4739-a11d-60224c67c1d9,S1800,GBP/JPY,2025-10-20 10:45:00,2025-10-20 11:15:00,202.325,202.025,1,-1.0,USD,,,,,,,,,,,,,,,,,,,,,,,,,,,,,,,,,,,,,,,
call,cee38a4e-8c8f-4be2-84df-0486d2a4a0ee,S1800,CHF/JPY,2025-10-20 10:46:12,2025-10-20 11:16:12,190.163,189.768,1,-1.0,USD,,,,,,,,,,,,,,,,,,,,,,,,,,,,,,,,,,,,,,,
call,fb3f1ad1-e350-41c8-adf4-7467128795c0,S1800,GBP/JPY,2025-10-20 10:46:23,2025-10-20 11:16:23,202.351,202.137,1,-1.0,USD,,,,,,,,,,,,,,,,,,,,,,,,,,,,,,,,,,,,,,,
call,0b4dff62-71cb-409e-923e-89314e0aeaf9,S1800,USD/CAD,2025-10-20 10:46:27,2025-10-20 11:16:27,1.40294,1.40314,1,0.92,USD,,,,,,,,,,,,,,,,,,,,,,,,,,,,,,,,,,,,,,,
call,a3d3fa84-16e4-4960-b7df-49c59aa397b6,S1800,CHF/JPY,2025-10-20 10:47:36,2025-10-20 11:17:36,190.156,189.811,1,-1.0,USD,,,,,,,,,,,,,,,,,,,,,,,,,,,,,,,,,,,,,,,
call,a1020ffd-8af0-4a8d-9bd3-17caa9469661,S1800,GBP/JPY,2025-10-20 10:47:47,2025-10-20 11:17:47,202.351,202.166,1,-1.0,USD,,,,,,,,,,,,,,,,,,,,,,,,,,,,,,,,,,,,,,,
call,4a43aad0-ecad-44d8-bd86-1c5e885a462d,S1800,CHF/JPY,2025-10-20 10:48:59,2025-10-20 11:18:59,190.135,189.755,1,-1.0,USD,,,,,,,,,,,,,,,,,,,,,,,,,,,,,,,,,,,,,,,
call,b89c207b-f96c-4ed1-855c-7def1abed782,S1800,AUD/USD,2025-10-20 11:33:20,2025-10-20 12:03:20,0.64961,0.64932,1,-1.0,USD,,,,,,,,,,,,,,,,,,,,,,,,,,,,,,,,,,,,,,,
call,b5d8a7b6-12e3-4cb3-949b-6aec97738b0b,S1800,CAD/JPY,2025-10-20 11:37:26,2025-10-20 12:07:26,107.278,107.442,1,0.89,USD,,,,,,,,,,,,,,,,,,,,,,,,,,,,,,,,,,,,,,,
call,af41bc04-8d1b-418c-bdeb-de5a34a5f190,S1800,CAD/JPY,2025-10-20 11:38:47,2025-10-20 12:08:47,107.275,107.461,1,0.89,USD,,,,,,,,,,,,,,,,,,,,,,,,,,,,,,,,,,,,,,,
call,e17fc358-6a55-4333-b26d-380b889621ea,S1800,EUR/AUD,2025-10-20 12:15:50,2025-10-20 12:45:50,1.79517,1.79525,1,0.92,USD,,,,,,,,,,,,,,,,,,,,,,,,,,,,,,,,,,,,,,,
call,d18c13d4-0354-4210-9100-5a6e5ff9b213,S1800,CHF/JPY,2025-10-20 12:18:50,2025-10-20 12:48:50,190.044,190.117,1,0.79,USD,,,,,,,,,,,,,,,,,,,,,,,,,,,,,,,,,,,,,,,
call,e9b8554e-bbf7-4b05-8e50-8d14e729db81,S1800,USD/JPY,2025-10-20 12:38:24,2025-10-20 13:08:24,150.754,150.728,1,-1.0,USD,,,,,,,,,,,,,,,,,,,,,,,,,,,,,,,,,,,,,,,
call,df6829c8-a856-4bd2-b52d-2b7c2fe94aaf,S1200,AUD/CAD,2025-10-20 12:54:05,2025-10-20 13:14:05,0.91068,0.91066,1,-1.0,USD,,,,,,,,,,,,,,,,,,,,,,,,,,,,,,,,,,,,,,,
call,293d85fb-3480-466c-add5-d6c7b33698aa,S1200,EUR/AUD,2025-10-20 13:04:56,2025-10-20 13:24:56,1.79544,1.7948,1,-1.0,USD,,,,,,,,,,,,,,,,,,,,,,,,,,,,,,,,,,,,,,,
call,bf559c1a-3704-4592-8a36-499fe000793b,S1200,GBP/AUD,2025-10-20 13:05:03,2025-10-20 13:25:03,2.06622,2.0654,1,-1.0,USD,,,,,,,,,,,,,,,,,,,,,,,,,,,,,,,,,,,,,,,
call,2533022b-c5ae-467a-952b-f0236b9368d8,S1200,USD/JPY,2025-10-20 13:05:17,2025-10-20 13:25:17,150.68,150.753,1,0.92,USD,,,,,,,,,,,,,,,,,,,,,,,,,,,,,,,,,,,,,,,
call,847d7802-4dac-458b-bd2e-2c29185a2328,S1200,AUD/CAD,2025-10-20 13:07:09,2025-10-20 13:27:09,0.91056,0.91091,1,0.92,USD,,,,,,,,,,,,,,,,,,,,,,,,,,,,,,,,,,,,,,,
call,feb6992b-3bac-4df1-852f-2c6e19d4a8f9,S1200,AUD/CAD,2025-10-20 13:09:56,2025-10-20 13:29:56,0.91063,0.91095,1,0.92,USD,,,,,,,,,,,,,,,,,,,,,,,,,,,,,,,,,,,,,,,
call,7d7ca5c6-1474-4657-909b-21e202b42435,S1200,GBP/AUD,2025-10-20 13:12:56,2025-10-20 13:32:56,2.0655,2.06529,1,-1.0,USD,,,,,,,,,,,,,,,,,,,,,,,,,,,,,,,,,,,,,,,
put,4f3c16f9-8c78-428b-b26a-a654c763bec1,S1200,AUD/CHF,2025-10-20 13:15:33,2025-10-20 13:35:33,0.51444,0.51437,1,0.92,USD,,,,,,,,,,,,,,,,,,,,,,,,,,,,,,,,,,,,,,,
call,c90a4a2c-e0bd-4269-ae83-20ffd5eab8bc,S1200,EUR/CAD,2025-10-20 13:15:45,2025-10-20 13:35:45,1.63508,1.63496,1,-1.0,USD,,,,,,,,,,,,,,,,,,,,,,,,,,,,,,,,,,,,,,,
put,91cd768c-6f38-4955-8cbb-67130fae0c01,S1200,EUR/GBP,2025-10-20 13:15:49,2025-10-20 13:35:49,0.86911,0.86921,1,-1.0,USD,,,,,,,,,,,,,,,,,,,,,,,,,,,,,,,,,,,,,,,
call,b4d41ba6-c5de-41f5-85d5-e249aff6d2a5,S1200,GBP/USD,2025-10-20 13:15:58,2025-10-20 13:35:58,1.34077,1.34035,1,-1.0,USD,,,,,,,,,,,,,,,,,,,,,,,,,,,,,,,,,,,,,,,
call,3035681a-8e83-43ff-ab39-460898d435c0,S1200,USD/CAD,2025-10-20 13:16:03,2025-10-20 13:36:03,1.40312,1.4034,1,0.63,USD,,,,,,,,,,,,,,,,,,,,,,,,,,,,,,,,,,,,,,,
put,0b07e236-eb95-4e01-bd6c-c74ea2d1522c,S1200,AUD/CAD,2025-10-20 13:17:06,2025-10-20 13:37:06,0.91073,0.91061,1,0.92,USD,,,,,,,,,,,,,,,,,,,,,,,,,,,,,,,,,,,,,,,
call,d4a222b7-efdc-4ac9-b469-3a8d6afb5c22,S1200,AUD/USD,2025-10-20 13:17:10,2025-10-20 13:37:10,0.64909,0.6489,1,-1.0,USD,,,,,,,,,,,,,,,,,,,,,,,,,,,,,,,,,,,,,,,
call,0565d7c6-3156-44d6-970a-648554e6c63b,S1200,EUR/AUD,2025-10-20 13:17:15,2025-10-20 13:37:15,1.79518,1.79544,1,0.88,USD,,,,,,,,,,,,,,,,,,,,,,,,,,,,,,,,,,,,,,,
put,98bcbf13-0ebe-47e3-a740-e294284da7f1,S1200,EUR/GBP,2025-10-20 13:17:20,2025-10-20 13:37:20,0.86905,0.86922,1,-1.0,USD,,,,,,,,,,,,,,,,,,,,,,,,,,,,,,,,,,,,,,,
call,6d7cac94-2670-4392-b8cc-44d260bea704,S1200,GBP/AUD,2025-10-20 13:17:24,2025-10-20 13:37:24,2.06561,2.0655,1,-1.0,USD,,,,,,,,,,,,,,,,,,,,,,,,,,,,,,,,,,,,,,,
call,353a8da4-c8f2-4e4d-9fd1-cf9dd12321a8,S1200,GBP/USD,2025-10-20 13:17:33,2025-10-20 13:37:33,1.34083,1.34052,1,-1.0,USD,,,,,,,,,,,,,,,,,,,,,,,,,,,,,,,,,,,,,,,
put,2ee01650-c3dd-46cf-ae56-e03015039f56,S1200,USD/JPY,2025-10-20 13:17:42,2025-10-20 13:37:42,150.744,150.772,1,-1.0,USD,,,,,,,,,,,,,,,,,,,,,,,,,,,,,,,,,,,,,,,
put,6b9cc902-0d4b-48cd-915d-e1035d671923,S1200,AUD/JPY,2025-10-20 13:18:45,2025-10-20 13:38:45,97.827,97.855,1,-1.0,USD,,,,,,,,,,,,,,,,,,,,,,,,,,,,,,,,,,,,,,,
put,dd10d078-c20b-443b-83ae-be73aa5734b2,S1200,CAD/JPY,2025-10-20 13:18:49,2025-10-20 13:38:49,107.422,107.437,1,-1.0,USD,,,,,,,,,,,,,,,,,,,,,,,,,,,,,,,,,,,,,,,
put,72ec6791-b840-4e12-a5bd-202fc1311a42,S1200,AUD/CHF,2025-10-20 13:25:13,2025-10-20 13:45:13,0.51462,0.5146,1,0.92,USD,,,,,,,,,,,,,,,,,,,,,,,,,,,,,,,,,,,,,,,
call,b8c40005-7ab9-4915-a724-634680126215,S1200,EUR/AUD,2025-10-20 13:25:21,2025-10-20 13:45:21,1.79479,1.79537,1,0.89,USD,,,,,,,,,,,,,,,,,,,,,,,,,,,,,,,,,,,,,,,
call,9104eac7-bc9f-4811-a7a7-1f40a20b83c4,S1200,EUR/CHF,2025-10-20 13:25:26,2025-10-20 13:45:26,0.92372,0.92397,1,0.92,USD,,,,,,,,,,,,,,,,,,,,,,,,,,,,,,,,,,,,,,,
call,e01b7977-8ae0-44cc-9aac-84d642b1e4d9,S1200,EUR/GBP,2025-10-20 13:27:54,2025-10-20 13:47:54,0.86879,0.86892,1,0.85,USD,,,,,,,,,,,,,,,,,,,,,,,,,,,,,,,,,,,,,,,
call,81fcf05b-7d2c-4de5-975f-d6b9bb2d4bde,S1200,EUR/USD,2025-10-20 13:32:02,2025-10-20 13:52:02,1.16484,1.16508,1,0.63,USD,,,,,,,,,,,,,,,,,,,,,,,,,,,,,,,,,,,,,,,
call,cd4b3bd5-8120-4ab8-b4fc-afc0e64dc22c,S1200,AUD/JPY,2025-10-20 13:33:16,2025-10-20 13:53:16,97.834,97.829,1,-1.0,USD,,,,,,,,,,,,,,,,,,,,,,,,,,,,,,,,,,,,,,,
call,8cbe11a8-5d5f-47d6-9789-d9af65f01080,S1200,AUD/CAD,2025-10-20 13:36:07,2025-10-20 13:56:07,0.91049,0.91096,1,0.7,USD,,,,,,,,,,,,,,,,,,,,,,,,,,,,,,,,,,,,,,,
call,d09b800f-4957-4cfe-b06a-dc146a19050f,S1200,AUD/JPY,2025-10-20 13:36:11,2025-10-20 13:56:11,97.827,97.845,1,0.83,USD,,,,,,,,,,,,,,,,,,,,,,,,,,,,,,,,,,,,,,,
call,2fc5fe47-a96a-4d6b-b352-6e861d5b05a6,S1200,GBP/CAD,2025-10-20 13:36:25,2025-10-20 13:56:25,1.88097,1.88212,1,0.81,USD,,,,,,,,,,,,,,,,,,,,,,,,,,,,,,,,,,,,,,,
call,331abe34-691a-4d6f-b696-1aad90309d40,S1200,GBP/USD,2025-10-20 13:36:30,2025-10-20 13:56:30,1.34035,1.34077,1,0.61,USD,,,,,,,,,,,,,,,,,,,,,,,,,,,,,,,,,,,,,,,
call,4439734f-609c-42f1-b536-37f582a676e0,S1200,AUD/JPY,2025-10-20 13:37:40,2025-10-20 13:57:40,97.844,97.818,1,-1.0,USD,,,,,,,,,,,,,,,,,,,,,,,,,,,,,,,,,,,,,,,
call,7c4b82d1-8ffc-4117-957a-b3277ddd562d,S900,EUR/JPY,2025-10-20 13:40:43,2025-10-20 13:55:43,175.632,175.698,1,0.92,USD,,,,,,,,,,,,,,,,,,,,,,,,,,,,,,,,,,,,,,,
call,c6e03e29-f425-494b-8ba4-907456b6af41,S900,EUR/AUD,2025-10-20 13:42:02,2025-10-20 13:57:02,1.79558,1.79544,1,-1.0,USD,,,,,,,,,,,,,,,,,,,,,,,,,,,,,,,,,,,,,,,
call,3365b33e-3225-4b19-92bd-e9a7bbde54b7,S900,EUR/GBP,2025-10-20 13:42:07,2025-10-20 13:57:07,0.8687,0.86911,1,0.76,USD,,,,,,,,,,,,,,,,,,,,,,,,,,,,,,,,,,,,,,,
call,19e565de-3101-4fdb-8c44-2599ef71c571,S900,USD/CAD,2025-10-20 13:53:06,2025-10-20 14:08:06,1.40406,1.40415,1,0.76,USD,,,,,,,,,,,,,,,,,,,,,,,,,,,,,,,,,,,,,,,
call,0f1929de-c75a-4368-acaa-3b1967085db1,S900,USD/CAD,2025-10-20 13:56:06,2025-10-20 14:11:06,1.40387,1.40418,1,0.86,USD,,,,,,,,,,,,,,,,,,,,,,,,,,,,,,,,,,,,,,,
call,5894afd8-acfc-4610-be90-bf1f81b23d38,S900,USD/CAD,2025-10-20 13:57:36,2025-10-20 14:12:36,1.40384,1.40433,1,0.86,USD,,,,,,,,,,,,,,,,,,,,,,,,,,,,,,,,,,,,,,,
call,eefe541e-5fe4-4359-8717-cfcb1b88872a,S900,EUR/JPY,2025-10-20 13:58:56,2025-10-20 14:13:56,175.642,175.731,1,0.92,USD,,,,,,,,,,,,,,,,,,,,,,,,,,,,,,,,,,,,,,,
call,88f859ba-eec6-48c0-b3e3-c97b1d781e44,S900,AUD/JPY,2025-10-20 14:00:16,2025-10-20 14:15:16,97.801,97.82,1,0.83,USD,,,,,,,,,,,,,,,,,,,,,,,,,,,,,,,,,,,,,,,
call,60411d90-39e4-4b1f-9330-ec6ce9681912,S900,EUR/JPY,2025-10-20 14:00:31,2025-10-20 14:15:31,175.639,175.715,1,0.9,USD,,,,,,,,,,,,,,,,,,,,,,,,,,,,,,,,,,,,,,,
call,2259f457-1cdb-4ea5-b335-5f7226e6ebf4,S715,USD/CAD,2025-10-20 14:00:41,2025-10-20 14:12:36,1.40392,1.40433,1,0.58,USD,,,,,,,,,,,,,,,,,,,,,,,,,,,,,,,,,,,,,,,
call,085813b8-d90e-47dd-8102-a0d72e88ff6c,S900,AUD/JPY,2025-10-20 14:01:52,2025-10-20 14:16:52,97.779,97.834,1,0.78,USD,,,,,,,,,,,,,,,,,,,,,,,,,,,,,,,,,,,,,,,
call,d5669c76-098a-42cc-9feb-c356440ecf45,S900,CAD/JPY,2025-10-20 14:01:57,2025-10-20 14:16:57,107.315,107.33,1,0.61,USD,,,,,,,,,,,,,,,,,,,,,,,,,,,,,,,,,,,,,,,
call,4a79b756-2199-47d9-9fba-09d4270cdeab,S900,CHF/JPY,2025-10-20 14:02:02,2025-10-20 14:17:02,190.131,190.131,1,0.0,USD,,,,,,,,,,,,,,,,,,,,,,,,,,,,,,,,,,,,,,,
call,ed2b6144-c34a-4a94-9144-8e17e406f13e,S900,EUR/JPY,2025-10-20 14:02:10,2025-10-20 14:17:10,175.642,175.703,1,0.9,USD,,,,,,,,,,,,,,,,,,,,,,,,,,,,,,,,,,,,,,,
call,140e20f2-d45e-4306-9eb8-d20e8bb333a5,S900,CAD/JPY,2025-10-20 14:03:29,2025-10-20 14:18:29,107.338,107.312,1,-1.0,USD,,,,,,,,,,,,,,,,,,,,,,,,,,,,,,,,,,,,,,,
call,8f553ba9-32b7-4780-97d2-47d658a3fcfd,S900,CHF/JPY,2025-10-20 14:03:33,2025-10-20 14:18:33,190.165,190.188,1,0.69,USD,,,,,,,,,,,,,,,,,,,,,,,,,,,,,,,,,,,,,,,
call,85e92ea5-7cc2-44e0-b9b8-27d29851eda2,S900,EUR/AUD,2025-10-20 14:22:52,2025-10-20 14:37:52,1.79622,1.79594,1,-1.0,USD,,,,,,,,,,,,,,,,,,,,,,,,,,,,,,,,,,,,,,,
call,dd2a85b4-221f-4d4e-9489-c24fdfe32765,S900,EUR/JPY,2025-10-20 14:22:59,2025-10-20 14:37:59,175.672,175.584,1,-1.0,USD,,,,,,,,,,,,,,,,,,,,,,,,,,,,,,,,,,,,,,,
call,b4237a70-8b17-47e7-a0f7-67921d252867,S900,EUR/AUD,2025-10-20 14:29:15,2025-10-20 14:44:15,1.79614,1.79598,1,-1.0,USD,,,,,,,,,,,,,,,,,,,,,,,,,,,,,,,,,,,,,,,
call,aa6a051d-b342-41ea-ac2f-2e30f5e2a93f,S900,EUR/JPY,2025-10-20 14:29:27,2025-10-20 14:44:27,175.605,175.569,1,-1.0,USD,,,,,,,,,,,,,,,,,,,,,,,,,,,,,,,,,,,,,,,
call,5e7b1cee-51f9-47a4-ba41-4fae4332e915,S900,EUR/USD,2025-10-20 14:29:32,2025-10-20 14:44:32,1.1656,1.16535,1,-1.0,USD,,,,,,,,,,,,,,,,,,,,,,,,,,,,,,,,,,,,,,,
call,541cca28-49d9-4939-9bc3-201c1040832d,S900,AUD/CAD,2025-10-20 14:30:47,2025-10-20 14:45:47,0.91128,0.91149,1,0.81,USD,,,,,,,,,,,,,,,,,,,,,,,,,,,,,,,,,,,,,,,
call,e7f292a5-0ef1-4515-8fde-cece8f3496ba,S900,EUR/AUD,2025-10-20 14:30:57,2025-10-20 14:45:57,1.79584,1.79594,1,0.81,USD,,,,,,,,,,,,,,,,,,,,,,,,,,,,,,,,,,,,,,,
call,b2e6ff79-a59f-4cb7-8097-fb5dc9dc3d96,S900,EUR/CAD,2025-10-20 14:31:05,2025-10-20 14:46:05,1.6367,1.63702,1,0.92,USD,,,,,,,,,,,,,,,,,,,,,,,,,,,,,,,,,,,,,,,
call,da7316cd-49cd-49e5-9e53-585cafcc9ee2,S900,EUR/GBP,2025-10-20 14:31:10,2025-10-20 14:46:10,0.86875,0.86818,1,-1.0,USD,,,,,,,,,,,,,,,,,,,,,,,,,,,,,,,,,,,,,,,
call,9134f3c3-2a9b-4207-be4b-ed0ab027410a,S900,EUR/USD,2025-10-20 14:31:14,2025-10-20 14:46:14,1.16547,1.16529,1,-1.0,USD,,,,,,,,,,,,,,,,,,,,,,,,,,,,,,,,,,,,,,,
call,9caa2ca1-9b38-44e0-9211-10079459ff9e,S900,AUD/JPY,2025-10-20 14:32:36,2025-10-20 14:47:36,97.744,97.784,1,0.78,USD,,,,,,,,,,,,,,,,,,,,,,,,,,,,,,,,,,,,,,,
call,105e11a5-576e-46b1-94b8-af611c8544ad,S900,CAD/JPY,2025-10-20 14:32:40,2025-10-20 14:47:40,107.242,107.258,1,0.78,USD,,,,,,,,,,,,,,,,,,,,,,,,,,,,,,,,,,,,,,,
call,a4f27da3-a3d8-4a6d-a8ae-246321bf0054,S900,EUR/AUD,2025-10-20 14:32:45,2025-10-20 14:47:45,1.79583,1.79576,1,-1.0,USD,,,,,,,,,,,,,,,,,,,,,,,,,,,,,,,,,,,,,,,
call,580241b0-4033-4e72-8f13-74286281f434,S900,EUR/CHF,2025-10-20 14:32:49,2025-10-20 14:47:49,0.92358,0.92349,1,-1.0,USD,,,,,,,,,,,,,,,,,,,,,,,,,,,,,,,,,,,,,,,
call,8c97f378-7719-45f8-aecc-da2443ec71e6,S900,EUR/JPY,2025-10-20 14:32:57,2025-10-20 14:47:57,175.543,175.611,1,0.64,USD,,,,,,,,,,,,,,,,,,,,,,,,,,,,,,,,,,,,,,,
call,aaa44da6-c973-474b-9c47-b9153b11fca8,S900,GBP/JPY,2025-10-20 14:33:08,2025-10-20 14:48:08,202.058,202.283,1,0.67,USD,,,,,,,,,,,,,,,,,,,,,,,,,,,,,,,,,,,,,,,
call,5dddab38-1abd-42fe-8abc-ee2d296fdf5e,S900,EUR/CAD,2025-10-20 14:33:46,2025-10-20 14:48:46,1.63661,1.63712,1,0.92,USD,,,,,,,,,,,,,,,,,,,,,,,,,,,,,,,,,,,,,,,
call,017c0631-c8cc-4432-a331-183e0e74fc2e,S900,EUR/CAD,2025-10-20 14:35:14,2025-10-20 14:50:14,1.63709,1.6369,1,-1.0,USD,,,,,,,,,,,,,,,,,,,,,,,,,,,,,,,,,,,,,,,
call,64e2aed0-a41e-4e17-8e9c-0b84c12bd86e,S780,GBP/CAD,2025-10-20 15:03:54,2025-10-20 15:16:54,1.88548,1.88505,1,-1.0,USD,,,,,,,,,,,,,,,,,,,,,,,,,,,,,,,,,,,,,,,
call,88ec3963-516a-4418-8b5f-b7514c51d587,S780,GBP/CHF,2025-10-20 15:03:59,2025-10-20 15:16:59,1.06372,1.06342,1,-1.0,USD,,,,,,,,,,,,,,,,,,,,,,,,,,,,,,,,,,,,,,,
call,a561ad36-486f-43ee-837e-70bd643ba29c,S780,GBP/JPY,2025-10-20 15:04:04,2025-10-20 15:17:04,202.215,202.227,1,0.86,USD,,,,,,,,,,,,,,,,,,,,,,,,,,,,,,,,,,,,,,,
call,8b59eaf6-3f7a-4949-9282-1893ba20de2b,S780,AUD/JPY,2025-10-20 15:06:49,2025-10-20 15:19:49,97.785,97.818,1,0.92,USD,,,,,,,,,,,,,,,,,,,,,,,,,,,,,,,,,,,,,,,
call,55133441-780e-49b7-9e81-37212041810b,S780,USD/CHF,2025-10-20 15:07:12,2025-10-20 15:20:12,0.79227,0.79238,1,0.91,USD,,,,,,,,,,,,,,,,,,,,,,,,,,,,,,,,,,,,,,,
call,cef74940-6799-4400-91cf-1c3a21cc665e,S780,AUD/CHF,2025-10-20 15:08:21,2025-10-20 15:21:21,0.51428,0.51436,1,0.77,USD,,,,,,,,,,,,,,,,,,,,,,,,,,,,,,,,,,,,,,,
call,0f952924-d311-4b52-98a3-9edcbcf459c6,S780,AUD/JPY,2025-10-20 15:08:26,2025-10-20 15:21:26,97.781,97.817,1,0.92,USD,,,,,,,,,,,,,,,,,,,,,,,,,,,,,,,,,,,,,,,
call,1fc3f8dd-308c-4c36-890e-7a2853f05071,S780,EUR/CHF,2025-10-20 15:08:36,2025-10-20 15:21:36,0.92319,0.92301,1,-1.0,USD,,,,,,,,,,,,,,,,,,,,,,,,,,,,,,,,,,,,,,,
call,0a444256-609a-4e70-9e81-a83fe4a09ddb,S780,GBP/CHF,2025-10-20 15:08:44,2025-10-20 15:21:44,1.06363,1.06334,1,-1.0,USD,,,,,,,,,,,,,,,,,,,,,,,,,,,,,,,,,,,,,,,
call,d1c5495b-1d7c-4a6f-8150-1c3a94b01f58,S780,AUD/JPY,2025-10-20 15:10:03,2025-10-20 15:23:03,97.803,97.828,1,0.92,USD,,,,,,,,,,,,,,,,,,,,,,,,,,,,,,,,,,,,,,,
call,3f05e45d-c66d-46e1-bc51-a22b9b93f046,S780,GBP/CHF,2025-10-20 15:10:23,2025-10-20 15:23:23,1.06377,1.06334,1,-1.0,USD,,,,,,,,,,,,,,,,,,,,,,,,,,,,,,,,,,,,,,,
call,7f5b39b0-b5ab-4f9b-ac33-aa62edd4d9a8,S780,AUD/JPY,2025-10-20 15:11:43,2025-10-20 15:24:43,97.787,97.853,1,0.92,USD,,,,,,,,,,,,,,,,,,,,,,,,,,,,,,,,,,,,,,,
call,7e0eab8f-240f-4e52-b58d-245a3e2b09a0,S780,EUR/CHF,2025-10-20 15:11:54,2025-10-20 15:24:54,0.92318,0.92288,1,-1.0,USD,,,,,,,,,,,,,,,,,,,,,,,,,,,,,,,,,,,,,,,
call,7633707d-6ac7-411e-956f-bbe57840ade3,S780,EUR/USD,2025-10-20 15:12:01,2025-10-20 15:25:01,1.16502,1.16498,1,-1.0,USD,,,,,,,,,,,,,,,,,,,,,,,,,,,,,,,,,,,,,,,
call,a744e59c-f363-4801-a9c5-d3c21d327bb1,S780,GBP/CHF,2025-10-20 15:12:06,2025-10-20 15:25:06,1.06355,1.06304,1,-1.0,USD,,,,,,,,,,,,,,,,,,,,,,,,,,,,,,,,,,,,,,,
call,7ac046e9-f696-4028-883a-af53259253e5,S780,AUD/CHF,2025-10-20 15:13:23,2025-10-20 15:26:23,0.5143,0.5144,1,0.84,USD,,,,,,,,,,,,,,,,,,,,,,,,,,,,,,,,,,,,,,,
call,5240b87a-0210-4675-a93b-77d855302997,S780,AUD/JPY,2025-10-20 15:13:28,2025-10-20 15:26:28,97.777,97.841,1,0.91,USD,,,,,,,,,,,,,,,,,,,,,,,,,,,,,,,,,,,,,,,
call,48c27c45-9bd1-4650-909a-7ac556967959,S780,EUR/CHF,2025-10-20 15:13:35,2025-10-20 15:26:35,0.92308,0.92289,1,-1.0,USD,,,,,,,,,,,,,,,,,,,,,,,,,,,,,,,,,,,,,,,
call,c7bdf2ca-6c65-4b09-bcc9-d1da07df67c1,S780,GBP/CHF,2025-10-20 15:13:46,2025-10-20 15:26:46,1.06363,1.06309,1,-1.0,USD,,,,,,,,,,,,,,,,,,,,,,,,,,,,,,,,,,,,,,,
call,8b50b63b-a058-4d65-bf5d-32528eb90e17,S780,USD/CHF,2025-10-20 15:13:56,2025-10-20 15:26:56,0.79225,0.79215,1,-1.0,USD,,,,,,,,,,,,,,,,,,,,,,,,,,,,,,,,,,,,,,,
call,214d7e52-837e-4382-a269-9d0769b29f2e,S600,EUR/AUD,2025-10-20 15:30:36,2025-10-20 15:40:36,1.79312,1.79217,1,-1.0,USD,,,,,,,,,,,,,,,,,,,,,,,,,,,,,,,,,,,,,,,
call,d18b6d9e-e11d-485e-8787-a2c630adde95,S600,EUR/AUD,2025-10-20 15:32:08,2025-10-20 15:42:08,1.79261,1.79226,1,-1.0,USD,,,,,,,,,,,,,,,,,,,,,,,,,,,,,,,,,,,,,,,
call,78f76398-cab9-43da-8d78-960d5446ed77,S600,GBP/CAD,2025-10-20 15:32:23,2025-10-20 15:42:23,1.88352,1.88274,1,-1.0,USD,,,,,,,,,,,,,,,,,,,,,,,,,,,,,,,,,,,,,,,
call,954c36c6-35f6-431a-8f36-0f1011154ab1,S600,EUR/AUD,2025-10-20 15:33:45,2025-10-20 15:43:45,1.79227,1.79211,1,-1.0,USD,,,,,,,,,,,,,,,,,,,,,,,,,,,,,,,,,,,,,,,
call,b9006fd4-a2a8-40a0-9db8-098523882d02,S600,EUR/CAD,2025-10-20 15:33:49,2025-10-20 15:43:49,1.63564,1.63558,1,-1.0,USD,,,,,,,,,,,,,,,,,,,,,,,,,,,,,,,,,,,,,,,
call,b251cd20-992f-44a4-a2dc-b8283f77f473,S600,GBP/CAD,2025-10-20 15:33:57,2025-10-20 15:43:57,1.88353,1.8827,1,-1.0,USD,,,,,,,,,,,,,,,,,,,,,,,,,,,,,,,,,,,,,,,
call,2d3243ab-3ea2-4d89-bcef-0202492f7ab8,S600,GBP/USD,2025-10-20 15:34:02,2025-10-20 15:44:02,1.34156,1.34104,1,-1.0,USD,,,,,,,,,,,,,,,,,,,,,,,,,,,,,,,,,,,,,,,
call,d7bec3f1-eb58-47f1-b2d5-f9eef8648000,S600,USD/CAD,2025-10-20 15:34:06,2025-10-20 15:44:06,1.40405,1.40396,1,-1.0,USD,,,,,,,,,,,,,,,,,,,,,,,,,,,,,,,,,,,,,,,
call,4445abd0-a427-49c5-80a6-eec1d30787fb,S600,EUR/AUD,2025-10-20 15:35:19,2025-10-20 15:45:19,1.79215,1.79229,1,0.81,USD,,,,,,,,,,,,,,,,,,,,,,,,,,,,,,,,,,,,,,,
call,0fdd534a-0a3a-4f4c-abbd-07ddd4bf0a8d,S600,EUR/CAD,2025-10-20 15:35:23,2025-10-20 15:45:23,1.63545,1.63552,1,0.92,USD,,,,,,,,,,,,,,,,,,,,,,,,,,,,,,,,,,,,,,,
call,d54318b6-cfdf-45cc-9950-a2789da098e0,S600,GBP/AUD,2025-10-20 15:35:31,2025-10-20 15:45:31,2.06383,2.06294,1,-1.0,USD,,,,,,,,,,,,,,,,,,,,,,,,,,,,,,,,,,,,,,,
call,dea445b1-f8be-4d95-bf17-d5297a9e3354,S600,GBP/CAD,2025-10-20 15:35:36,2025-10-20 15:45:36,1.88342,1.88245,1,-1.0,USD,,,,,,,,,,,,,,,,,,,,,,,,,,,,,,,,,,,,,,,
call,daff237b-1895-4c32-97c6-d7fabc06b897,S600,USD/CAD,2025-10-20 15:35:40,2025-10-20 15:45:40,1.40415,1.40399,1,-1.0,USD,,,,,,,,,,,,,,,,,,,,,,,,,,,,,,,,,,,,,,,
call,9bce12ea-84f4-467b-8817-4bf23c1f4185,S600,EUR/AUD,2025-10-20 15:36:55,2025-10-20 15:46:55,1.79196,1.79227,1,0.81,USD,,,,,,,,,,,,,,,,,,,,,,,,,,,,,,,,,,,,,,,
call,d2dc5564-a19a-4d0b-8e77-39ec91c99a21,S600,EUR/USD,2025-10-20 15:37:03,2025-10-20 15:47:03,1.16487,1.1651,1,0.86,USD,,,,,,,,,,,,,,,,,,,,,,,,,,,,,,,,,,,,,,,
call,37fd74f8-1438-4a4d-9507-d5894e9bab50,S600,EUR/USD,2025-10-20 15:38:34,2025-10-20 15:48:34,1.16486,1.16481,1,-1.0,USD,,,,,,,,,,,,,,,,,,,,,,,,,,,,,,,,,,,,,,,
call,72c1325c-118c-42c3-8cac-f0108d93e034,S600,EUR/USD,2025-10-20 15:40:05,2025-10-20 15:50:05,1.16511,1.16475,1,-1.0,USD,,,,,,,,,,,,,,,,,,,,,,,,,,,,,,,,,,,,,,,
call,01c3f310-3746-4e29-961f-5ed3e39d781f,S600,GBP/CAD,2025-10-20 15:41:41,2025-10-20 15:51:41,1.88259,1.88211,1,-1.0,USD,,,,,,,,,,,,,,,,,,,,,,,,,,,,,,,,,,,,,,,
call,6a321d55-695e-43be-84ef-3c62d5ba3868,S600,GBP/CAD,2025-10-20 15:43:10,2025-10-20 15:53:10,1.8828,1.88214,1,-1.0,USD,,,,,,,,,,,,,,,,,,,,,,,,,,,,,,,,,,,,,,,
call,9765984c-3c11-4dd1-bed0-fa57724507fc,S600,GBP/CHF,2025-10-20 15:43:14,2025-10-20 15:53:14,1.06275,1.06281,1,0.86,USD,,,,,,,,,,,,,,,,,,,,,,,,,,,,,,,,,,,,,,,
put,f6fe5853-d461-491c-8499-aa17f5f7d01b,S900,AUD/USD,2025-10-20 15:54:13,2025-10-20 16:09:13,0.65013,0.64993,1,0.65,USD,,,,,,,,,,,,,,,,,,,,,,,,,,,,,,,,,,,,,,,
call,21d720a5-780b-46d1-af91-1e0e7de9a8ea,S900,GBP/CAD,2025-10-20 15:54:47,2025-10-20 16:09:47,1.88221,1.88233,1,0.74,USD,,,,,,,,,,,,,,,,,,,,,,,,,,,,,,,,,,,,,,,
call,60e49fad-121a-45ea-9c97-90009ecc1de6,S900,GBP/CAD,2025-10-20 15:56:23,2025-10-20 16:11:23,1.88197,1.88233,1,0.77,USD,,,,,,,,,,,,,,,,,,,,,,,,,,,,,,,,,,,,,,,
call,94219974-63fa-42d8-9b2b-a044ed43cbf8,S900,EUR/CHF,2025-10-20 15:57:49,2025-10-20 16:12:49,0.92309,0.92289,1,-1.0,USD,,,,,,,,,,,,,,,,,,,,,,,,,,,,,,,,,,,,,,,
call,84d57b2c-eb05-4574-a9dd-25377f536796,S900,GBP/CAD,2025-10-20 15:57:56,2025-10-20 16:12:56,1.8819,1.88258,1,0.84,USD,,,,,,,,,,,,,,,,,,,,,,,,,,,,,,,,,,,,,,,
call,587faf56-fb82-4a0a-bd9e-73ea0d6809ae,S900,EUR/CHF,2025-10-20 15:59:22,2025-10-20 16:14:22,0.9231,0.92276,1,-1.0,USD,,,,,,,,,,,,,,,,,,,,,,,,,,,,,,,,,,,,,,,
call,dea913f3-ae47-4dcb-a379-b27775184c98,S900,GBP/CAD,2025-10-20 15:59:32,2025-10-20 16:14:32,1.88165,1.88299,1,0.84,USD,,,,,,,,,,,,,,,,,,,,,,,,,,,,,,,,,,,,,,,
call,280f5560-b8ea-4363-ae75-b6b4f3f19dc0,S900,EUR/CHF,2025-10-20 16:00:58,2025-10-20 16:15:58,0.9232,0.92284,1,-1.0,USD,,,,,,,,,,,,,,,,,,,,,,,,,,,,,,,,,,,,,,,
call,294646cd-62b5-4a14-bc55-5eb27586207d,S900,GBP/CAD,2025-10-20 16:01:09,2025-10-20 16:16:09,1.88158,1.88286,1,0.91,USD,,,,,,,,,,,,,,,,,,,,,,,,,,,,,,,,,,,,,,,
call,8847046c-e20c-4cbc-91d1-6320ab6ee859,S900,GBP/CAD,2025-10-20 16:02:44,2025-10-20 16:17:44,1.8819,1.88281,1,0.91,USD,,,,,,,,,,,,,,,,,,,,,,,,,,,,,,,,,,,,,,,
call,2158bd04-4aec-4e84-8040-1e744fb36174,S900,GBP/CAD,2025-10-20 16:04:16,2025-10-20 16:19:16,1.88193,1.8829,1,0.92,USD,,,,,,,,,,,,,,,,,,,,,,,,,,,,,,,,,,,,,,,
call,ff9423b3-c4f5-452d-9f6b-28ff8c40db03,S900,GBP/CAD,2025-10-20 16:05:47,2025-10-20 16:20:47,1.88217,1.88312,1,0.92,USD,,,,,,,,,,,,,,,,,,,,,,,,,,,,,,,,,,,,,,,
call,cd7c941d-360e-4b83-bc1d-f12314adf262,S900,EUR/CHF,2025-10-20 16:07:12,2025-10-20 16:22:12,0.92297,0.92263,1,-1.0,USD,,,,,,,,,,,,,,,,,,,,,,,,,,,,,,,,,,,,,,,
call,9e747f8a-2b76-4368-9993-2a689a47b0a4,S900,GBP/CAD,2025-10-20 16:07:20,2025-10-20 16:22:20,1.88254,1.88298,1,0.92,USD,,,,,,,,,,,,,,,,,,,,,,,,,,,,,,,,,,,,,,,
call,35fa5a05-f1e8-4b9f-9ee6-192d5f42afe4,S900,USD/JPY,2025-10-20 16:07:33,2025-10-20 16:22:33,150.691,150.569,1,-1.0,USD,,,,,,,,,,,,,,,,,,,,,,,,,,,,,,,,,,,,,,,
call,2f0c75c7-fdb1-45f8-b843-2ffb64793c55,S900,EUR/CHF,2025-10-20 16:08:49,2025-10-20 16:23:49,0.923,0.92259,1,-1.0,USD,,,,,,,,,,,,,,,,,,,,,,,,,,,,,,,,,,,,,,,
call,adaa45a1-403e-43e0-8964-c66b6835b9a5,S900,GBP/CAD,2025-10-20 16:08:57,2025-10-20 16:23:57,1.88259,1.88322,1,0.92,USD,,,,,,,,,,,,,,,,,,,,,,,,,,,,,,,,,,,,,,,
call,a334c416-d026-434a-b05a-6137a5a67051,S900,USD/JPY,2025-10-20 16:09:04,2025-10-20 16:24:04,150.681,150.569,1,-1.0,USD,,,,,,,,,,,,,,,,,,,,,,,,,,,,,,,,,,,,,,,
call,debe24a6-16bb-4a5b-aed0-deec53c84fe8,S900,EUR/CHF,2025-10-20 16:10:27,2025-10-20 16:25:27,0.92297,0.92256,1,-1.0,USD,,,,,,,,,,,,,,,,,,,,,,,,,,,,,,,,,,,,,,,
call,6089abba-a154-4197-9d5a-fab10b65009c,S900,GBP/CAD,2025-10-20 16:10:35,2025-10-20 16:25:35,1.88216,1.88354,1,0.92,USD,,,,,,,,,,,,,,,,,,,,,,,,,,,,,,,,,,,,,,,
call,35655377-48da-4046-9588-c7d3a596912a,S900,EUR/CHF,2025-10-20 16:11:59,2025-10-20 16:26:59,0.92279,0.9225,1,-1.0,USD,,,,,,,,,,,,,,,,,,,,,,,,,,,,,,,,,,,,,,,
call,60c222a7-101b-41d1-acc3-03912461d6c8,S900,GBP/CAD,2025-10-20 16:12:07,2025-10-20 16:27:07,1.88256,1.88351,1,0.92,USD,,,,,,,,,,,,,,,,,,,,,,,,,,,,,,,,,,,,,,,
call,5eb6a6ad-c53b-493c-87ae-3308ed2773d0,S900,CAD/CHF,2025-10-20 16:13:26,2025-10-20 16:28:26,0.56415,0.56372,1,-1.0,USD,,,,,,,,,,,,,,,,,,,,,,,,,,,,,,,,,,,,,,,
call,88130c73-4af9-4e6f-b765-8f9fe1817bb6,S900,EUR/CHF,2025-10-20 16:13:38,2025-10-20 16:28:38,0.92285,0.9225,1,-1.0,USD,,,,,,,,,,,,,,,,,,,,,,,,,,,,,,,,,,,,,,,
call,ca15fa34-b15b-4e63-ade1-e4d0eb9e2138,S900,GBP/CAD,2025-10-20 16:13:46,2025-10-20 16:28:46,1.88263,1.88366,1,0.92,USD,,,,,,,,,,,,,,,,,,,,,,,,,,,,,,,,,,,,,,,
call,b17c350c-46d7-4b82-8d94-04bf63585f9b,S900,CAD/CHF,2025-10-20 16:15:09,2025-10-20 16:30:09,0.56409,0.56376,1,-1.0,USD,,,,,,,,,,,,,,,,,,,,,,,,,,,,,,,,,,,,,,,
call,957202c0-7022-4ada-9f90-dcd4237c4bf4,S900,EUR/CHF,2025-10-20 16:15:17,2025-10-20 16:30:17,0.92281,0.92252,1,-1.0,USD,,,,,,,,,,,,,,,,,,,,,,,,,,,,,,,,,,,,,,,
call,f2e42eb4-8fab-475b-937a-7ae70cac5589,S900,GBP/CAD,2025-10-20 16:17:02,2025-10-20 16:32:02,1.88274,1.88364,1,0.92,USD,,,,,,,,,,,,,,,,,,,,,,,,,,,,,,,,,,,,,,,
call,6e206a79-c252-4352-a0bd-c9bea6a14ee4,S900,USD/CAD,2025-10-20 16:17:10,2025-10-20 16:32:10,1.40344,1.40367,1,0.85,USD,,,,,,,,,,,,,,,,,,,,,,,,,,,,,,,,,,,,,,,
call,ef56f45e-22f8-4719-b9d4-94cd0474dd63,S900,GBP/CAD,2025-10-20 16:18:38,2025-10-20 16:33:38,1.88271,1.88373,1,0.92,USD,,,,,,,,,,,,,,,,,,,,,,,,,,,,,,,,,,,,,,,
call,a3aaec28-53d8-4f46-89c3-4ed0eb0977f3,S900,GBP/CAD,2025-10-20 16:20:32,2025-10-20 16:35:32,1.88309,1.88376,1,0.92,USD,,,,,,,,,,,,,,,,,,,,,,,,,,,,,,,,,,,,,,,
call,404c9f9a-c89a-4d9f-a269-b87836d66f53,S900,GBP/CAD,2025-10-20 16:22:07,2025-10-20 16:37:07,1.88303,1.88395,1,0.92,USD,,,,,,,,,,,,,,,,,,,,,,,,,,,,,,,,,,,,,,,
call,192a0e00-b30c-4a1d-8f63-6dc91726b8ad,S900,USD/CAD,2025-10-20 16:22:14,2025-10-20 16:37:14,1.40323,1.4038,1,0.85,USD,,,,,,,,,,,,,,,,,,,,,,,,,,,,,,,,,,,,,,,
call,5a951f82-0ced-422b-b10b-31774f923c17,S900,USD/CAD,2025-10-20 16:23:48,2025-10-20 16:38:48,1.40335,1.40389,1,0.85,USD,,,,,,,,,,,,,,,,,,,,,,,,,,,,,,,,,,,,,,,
call,e36ec1de-3c9c-4e84-9bcc-9158ebe0d67d,S900,USD/CAD,2025-10-20 16:25:18,2025-10-20 16:40:18,1.40332,1.40381,1,0.85,USD,,,,,,,,,,,,,,,,,,,,,,,,,,,,,,,,,,,,,,,
call,f85791ac-becc-440a-a922-59bc92f978d2,S900,USD/CAD,2025-10-20 16:26:52,2025-10-20 16:41:52,1.40356,1.40384,1,0.85,USD,,,,,,,,,,,,,,,,,,,,,,,,,,,,,,,,,,,,,,,
call,b9188872-ca09-46b5-be99-f405df3a47a4,S900,CAD/JPY,2025-10-20 16:28:03,2025-10-20 16:43:03,107.27,107.208,1,-1.0,USD,,,,,,,,,,,,,,,,,,,,,,,,,,,,,,,,,,,,,,,
call,fb8ade03-f2f3-49e2-adda-7e225200c054,S900,USD/CAD,2025-10-20 16:28:23,2025-10-20 16:43:23,1.40353,1.40393,1,0.85,USD,,,,,,,,,,,,,,,,,,,,,,,,,,,,,,,,,,,,,,,
call,34379c67-bf94-40f3-8157-99d4c8824c7d,S900,CAD/JPY,2025-10-20 16:29:38,2025-10-20 16:44:38,107.254,107.202,1,-1.0,USD,,,,,,,,,,,,,,,,,,,,,,,,,,,,,,,,,,,,,,,
call,f6c48d25-7f7c-49d9-90ca-a733b49b0d98,S900,USD/CAD,2025-10-20 16:29:58,2025-10-20 16:44:58,1.40348,1.40393,1,0.85,USD,,,,,,,,,,,,,,,,,,,,,,,,,,,,,,,,,,,,,,,
call,a4c337a2-f1c7-40f8-80fb-6996e936c672,S900,CAD/JPY,2025-10-20 16:31:10,2025-10-20 16:46:10,107.242,107.184,1,-1.0,USD,,,,,,,,,,,,,,,,,,,,,,,,,,,,,,,,,,,,,,,
call,bc1c9a91-e5ab-4873-bffc-818d6810cef6,S900,EUR/AUD,2025-10-20 16:35:47,2025-10-20 16:50:47,1.79223,1.7914,1,-1.0,USD,,,,,,,,,,,,,,,,,,,,,,,,,,,,,,,,,,,,,,,
call,159822b6-7e8a-47c1-8264-e76863ab5c7f,S900,EUR/AUD,2025-10-20 16:37:20,2025-10-20 16:52:20,1.7924,1.79075,1,-1.0,USD,,,,,,,,,,,,,,,,,,,,,,,,,,,,,,,,,,,,,,,
call,ace747ba-a986-4db3-b277-961c25188643,S900,AUD/CHF,2025-10-20 16:38:47,2025-10-20 16:53:47,0.5147,0.51478,1,0.92,USD,,,,,,,,,,,,,,,,,,,,,,,,,,,,,,,,,,,,,,,
call,8d885004-9f0b-4fb6-9bf9-e427576dc1d8,S900,EUR/AUD,2025-10-20 16:38:58,2025-10-20 16:53:58,1.79197,1.79074,1,-1.0,USD,,,,,,,,,,,,,,,,,,,,,,,,,,,,,,,,,,,,,,,
call,f3b6efec-5acd-4626-9590-f73c6f5e7ddf,S900,EUR/AUD,2025-10-20 16:40:32,2025-10-20 16:55:32,1.79179,1.79075,1,-1.0,USD,,,,,,,,,,,,,,,,,,,,,,,,,,,,,,,,,,,,,,,
call,6d65fd39-33fa-4e71-93c9-a51d8628f77d,S900,USD/CAD,2025-10-20 16:46:59,2025-10-20 17:01:59,1.40394,1.40339,1,-1.0,USD,,,,,,,,,,,,,,,,,,,,,,,,,,,,,,,,,,,,,,,
call,d220fa6e-1fc4-4a84-910c-9ca12afe81c4,S900,USD/CAD,2025-10-20 16:50:04,2025-10-20 17:05:04,1.4036,1.40337,1,-1.0,USD,,,,,,,,,,,,,,,,,,,,,,,,,,,,,,,,,,,,,,,
call,b3675720-0ebd-4f22-bc8b-801e1b155481,S900,CAD/JPY,2025-10-20 16:51:19,2025-10-20 17:06:19,107.243,107.287,1,0.88,USD,,,,,,,,,,,,,,,,,,,,,,,,,,,,,,,,,,,,,,,
call,7a87165d-f736-4ef7-b59e-943284174f84,S900,USD/CAD,2025-10-20 16:51:51,2025-10-20 17:06:51,1.40356,1.40316,1,-1.0,USD,,,,,,,,,,,,,,,,,,,,,,,,,,,,,,,,,,,,,,,
call,d27cf67b-d21d-45e1-809a-96ed0273e846,S900,USD/CAD,2025-10-20 16:53:22,2025-10-20 17:08:22,1.40368,1.40307,1,-1.0,USD,,,,,,,,,,,,,,,,,,,,,,,,,,,,,,,,,,,,,,,
call,56574760-eb2d-4f0b-8b41-283712747d4d,S900,EUR/CAD,2025-10-20 16:54:41,2025-10-20 17:09:41,1.63587,1.63504,1,-1.0,USD,,,,,,,,,,,,,,,,,,,,,,,,,,,,,,,,,,,,,,,
call,72bab00d-10ab-4720-b104-eb20e73f1dca,S900,USD/CAD,2025-10-20 16:54:55,2025-10-20 17:09:55,1.40348,1.40309,1,-1.0,USD,,,,,,,,,,,,,,,,,,,,,,,,,,,,,,,,,,,,,,,
call,6ebd81ef-f5fd-4386-bf2b-8bde560b2228,S900,EUR/CAD,2025-10-20 16:56:13,2025-10-20 17:11:13,1.63565,1.63492,1,-1.0,USD,,,,,,,,,,,,,,,,,,,,,,,,,,,,,,,,,,,,,,,
call,2432bd35-8ed3-447b-8659-8a81ca53deb0,S900,EUR/AUD,2025-10-20 17:05:12,2025-10-20 17:20:12,1.79019,1.78979,1,-1.0,USD,,,,,,,,,,,,,,,,,,,,,,,,,,,,,,,,,,,,,,,
call,858fad95-f59f-4849-8cb3-bfffa8cebbb6,S900,EUR/CAD,2025-10-20 17:05:16,2025-10-20 17:20:16,1.6353,1.63574,1,0.65,USD,,,,,,,,,,,,,,,,,,,,,,,,,,,,,,,,,,,,,,,
call,870ffd2a-29d0-4dba-b87e-f5bc1f8e495c,S900,EUR/CHF,2025-10-20 17:05:21,2025-10-20 17:20:21,0.9221,0.92225,1,0.67,USD,,,,,,,,,,,,,,,,,,,,,,,,,,,,,,,,,,,,,,,
call,8a3e2f2d-8444-4ead-9772-d0665890979d,S900,EUR/USD,2025-10-20 17:05:26,2025-10-20 17:20:26,1.16532,1.16608,1,0.78,USD,,,,,,,,,,,,,,,,,,,,,,,,,,,,,,,,,,,,,,,
call,4b4689c2-b00b-43e9-be09-094a2d8bffe1,S900,GBP/CAD,2025-10-20 17:05:31,2025-10-20 17:20:31,1.88193,1.88313,1,0.88,USD,,,,,,,,,,,,,,,,,,,,,,,,,,,,,,,,,,,,,,,
call,fe88ab7a-572d-4264-ae06-001ba685035e,S900,GBP/USD,2025-10-20 17:05:36,2025-10-20 17:20:36,1.34114,1.34239,1,0.84,USD,,,,,,,,,,,,,,,,,,,,,,,,,,,,,,,,,,,,,,,
call,4cfa7d01-c52f-422b-a8ca-f5783fd0330e,S900,USD/CAD,2025-10-20 17:05:40,2025-10-20 17:20:40,1.40335,1.40283,1,-1.0,USD,,,,,,,,,,,,,,,,,,,,,,,,,,,,,,,,,,,,,,,
call,025e1706-bf67-4338-b85c-1273416de79f,S900,EUR/AUD,2025-10-20 17:06:58,2025-10-20 17:21:58,1.79024,1.78969,1,-1.0,USD,,,,,,,,,,,,,,,,,,,,,,,,,,,,,,,,,,,,,,,
call,76745cab-4906-4ca8-bbc8-b75470212d52,S900,EUR/CAD,2025-10-20 17:07:02,2025-10-20 17:22:02,1.63528,1.63581,1,0.77,USD,,,,,,,,,,,,,,,,,,,,,,,,,,,,,,,,,,,,,,,
call,19931d3b-09a2-4369-a46d-a0985187c0b8,S900,EUR/USD,2025-10-20 17:07:07,2025-10-20 17:22:07,1.16552,1.16613,1,0.78,USD,,,,,,,,,,,,,,,,,,,,,,,,,,,,,,,,,,,,,,,
call,e39f55cc-9de5-4e03-8c20-82b808db1b29,S900,GBP/CAD,2025-10-20 17:07:12,2025-10-20 17:22:12,1.882,1.88304,1,0.88,USD,,,,,,,,,,,,,,,,,,,,,,,,,,,,,,,,,,,,,,,
call,d5d0379e-f8bf-4b3b-8ffc-70edc6574d0f,S900,GBP/USD,2025-10-20 17:07:16,2025-10-20 17:22:16,1.34144,1.34234,1,0.86,USD,,,,,,,,,,,,,,,,,,,,,,,,,,,,,,,,,,,,,,,
call,96b29987-947f-4eb2-8a24-6790e9ece42a,S900,USD/CAD,2025-10-20 17:07:21,2025-10-20 17:22:21,1.40307,1.40286,1,-1.0,USD,,,,,,,,,,,,,,,,,,,,,,,,,,,,,,,,,,,,,,,
call,fc26cf04-c14a-440c-bb9c-6ece66571772,S900,EUR/AUD,2025-10-20 17:08:46,2025-10-20 17:23:46,1.78997,1.78994,1,-1.0,USD,,,,,,,,,,,,,,,,,,,,,,,,,,,,,,,,,,,,,,,
call,248ac23c-bced-4903-a390-85d67530fbf8,S900,EUR/CAD,2025-10-20 17:08:56,2025-10-20 17:23:56,1.63508,1.63597,1,0.77,USD,,,,,,,,,,,,,,,,,,,,,,,,,,,,,,,,,,,,,,,
call,feabc224-8e26-4d78-8a65-d0b8fbc4b213,S900,GBP/AUD,2025-10-20 17:09:04,2025-10-20 17:24:04,2.05989,2.06037,1,0.92,USD,,,,,,,,,,,,,,,,,,,,,,,,,,,,,,,,,,,,,,,
call,24f41209-61db-48f3-a77b-1e149df61ccd,S900,GBP/CAD,2025-10-20 17:09:09,2025-10-20 17:24:09,1.88179,1.88325,1,0.88,USD,,,,,,,,,,,,,,,,,,,,,,,,,,,,,,,,,,,,,,,
call,2c86029e-d41b-4ea0-af78-b77167baea87,S900,EUR/CAD,2025-10-20 17:10:42,2025-10-20 17:25:42,1.63496,1.63611,1,0.85,USD,,,,,,,,,,,,,,,,,,,,,,,,,,,,,,,,,,,,,,,
call,6f42afa7-cb56-4628-a982-427cf83f2681,S900,EUR/USD,2025-10-20 17:10:53,2025-10-20 17:25:53,1.16527,1.16622,1,0.78,USD,,,,,,,,,,,,,,,,,,,,,,,,,,,,,,,,,,,,,,,
call,696ea0dd-8273-41ea-9515-a16ec981631e,S900,EUR/AUD,2025-10-20 17:12:15,2025-10-20 17:27:15,1.78984,1.79017,1,0.87,USD,,,,,,,,,,,,,,,,,,,,,,,,,,,,,,,,,,,,,,,
call,25065e7a-bb9f-4cbb-8c8c-3730fad1af4e,S900,CAD/JPY,2025-10-20 17:20:37,2025-10-20 17:35:37,107.277,107.318,1,0.77,USD,,,,,,,,,,,,,,,,,,,,,,,,,,,,,,,,,,,,,,,
call,473c06aa-2db1-488a-b1c9-b90d1f3cb309,S900,USD/CHF,2025-10-20 17:20:58,2025-10-20 17:35:58,0.79093,0.79149,1,0.83,USD,,,,,,,,,,,,,,,,,,,,,,,,,,,,,,,,,,,,,,,
call,3dfc5727-20cb-4ce4-bb02-73796fa0d6fd,S900,USD/JPY,2025-10-20 17:21:03,2025-10-20 17:36:03,150.518,150.539,1,0.78,USD,,,,,,,,,,,,,,,,,,,,,,,,,,,,,,,,,,,,,,,
call,a1d3b385-959a-48f0-b1e9-564da30d229c,S900,USD/CHF,2025-10-20 17:22:36,2025-10-20 17:37:36,0.79117,0.79148,1,0.83,USD,,,,,,,,,,,,,,,,,,,,,,,,,,,,,,,,,,,,,,,
call,9728d999-0521-43f0-a42e-993df3881159,S900,USD/JPY,2025-10-20 17:22:40,2025-10-20 17:37:40,150.517,150.526,1,0.78,USD,,,,,,,,,,,,,,,,,,,,,,,,,,,,,,,,,,,,,,,
call,ca83f978-5686-4095-acde-5d0094e94085,S900,CAD/JPY,2025-10-20 17:23:55,2025-10-20 17:38:55,107.284,107.345,1,0.77,USD,,,,,,,,,,,,,,,,,,,,,,,,,,,,,,,,,,,,,,,
call,7f18cfdf-17de-40fe-8296-504779cde9aa,S900,USD/CHF,2025-10-20 17:24:20,2025-10-20 17:39:20,0.79097,0.79161,1,0.83,USD,,,,,,,,,,,,,,,,,,,,,,,,,,,,,,,,,,,,,,,
call,b4a8f466-c827-4914-86db-2de67dd193a9,S900,CAD/JPY,2025-10-20 17:25:32,2025-10-20 17:40:32,107.278,107.329,1,0.77,USD,,,,,,,,,,,,,,,,,,,,,,,,,,,,,,,,,,,,,,,
call,aa339df7-5695-4a33-a2fa-eb8a5227435f,S900,USD/CHF,2025-10-20 17:26:03,2025-10-20 17:41:03,0.79107,0.79172,1,0.83,USD,,,,,,,,,,,,,,,,,,,,,,,,,,,,,,,,,,,,,,,
call,cbd3f16b-d27e-404e-acb5-bfeece43d27d,S900,USD/JPY,2025-10-20 17:26:08,2025-10-20 17:41:08,150.516,150.557,1,0.78,USD,,,,,,,,,,,,,,,,,,,,,,,,,,,,,,,,,,,,,,,
call,1e759e40-d941-458b-810c-5af0d8227406,S900,CAD/JPY,2025-10-20 17:27:16,2025-10-20 17:42:16,107.277,107.31,1,0.77,USD,,,,,,,,,,,,,,,,,,,,,,,,,,,,,,,,,,,,,,,
call,57061089-ed4c-4ae4-89c9-972218483486,S900,USD/CHF,2025-10-20 17:27:36,2025-10-20 17:42:36,0.79115,0.79159,1,0.83,USD,,,,,,,,,,,,,,,,,,,,,,,,,,,,,,,,,,,,,,,
call,28e5d9e7-03db-4b13-8774-5443cb804dd3,S900,USD/JPY,2025-10-20 17:27:44,2025-10-20 17:42:44,150.516,150.551,1,0.78,USD,,,,,,,,,,,,,,,,,,,,,,,,,,,,,,,,,,,,,,,
call,341a9687-2b0b-4e2a-b48b-031a5cf8249e,S900,CAD/JPY,2025-10-20 17:28:53,2025-10-20 17:43:53,107.288,107.306,1,0.77,USD,,,,,,,,,,,,,,,,,,,,,,,,,,,,,,,,,,,,,,,
call,e5e0276f-6be3-4271-aca6-6121dca08830,S900,USD/CHF,2025-10-20 17:29:17,2025-10-20 17:44:17,0.79134,0.79171,1,0.83,USD,,,,,,,,,,,,,,,,,,,,,,,,,,,,,,,,,,,,,,,
call,8b2e679d-5caf-4c99-b6a8-e2272797c39d,S900,USD/JPY,2025-10-20 17:29:22,2025-10-20 17:44:22,150.517,150.55,1,0.78,USD,,,,,,,,,,,,,,,,,,,,,,,,,,,,,,,,,,,,,,,
call,a701f7e7-dc0c-41a6-b48a-adcce79ce06b,S900,AUD/CAD,2025-10-20 17:35:14,2025-10-20 17:50:14,0.91373,0.91462,1,0.88,USD,,,,,,,,,,,,,,,,,,,,,,,,,,,,,,,,,,,,,,,
call,eb7ea8d5-0788-4a42-9e21-f8582fe37ec2,S900,GBP/CAD,2025-10-20 17:35:42,2025-10-20 17:50:42,1.88283,1.88294,1,0.88,USD,,,,,,,,,,,,,,,,,,,,,,,,,,,,,,,,,,,,,,,
call,de6baa1c-037b-4cc8-9ac6-d2ed4ea5a907,S900,AUD/CAD,2025-10-20 17:36:57,2025-10-20 17:51:57,0.91395,0.91475,1,0.8,USD,,,,,,,,,,,,,,,,,,,,,,,,,,,,,,,,,,,,,,,
call,12fff5f1-da8b-4589-9607-41d0b1c0ff9e,S900,EUR/USD,2025-10-20 17:38:50,2025-10-20 17:53:50,1.16591,1.16561,1,-1.0,USD,,,,,,,,,,,,,,,,,,,,,,,,,,,,,,,,,,,,,,,
call,02b8079b-6bf6-41ca-8d8a-26223211707b,S900,GBP/CAD,2025-10-20 17:38:55,2025-10-20 17:53:55,1.88255,1.88301,1,0.88,USD,,,,,,,,,,,,,,,,,,,,,,,,,,,,,,,,,,,,,,,
call,b1ed01b8-9e60-414d-8ea0-4af0548ea54c,S900,EUR/USD,2025-10-20 17:40:30,2025-10-20 17:55:30,1.16592,1.16561,1,-1.0,USD,,,,,,,,,,,,,,,,,,,,,,,,,,,,,,,,,,,,,,,
call,6e419eef-5136-4bfa-ad98-af7a8036d958,S900,GBP/AUD,2025-10-20 17:40:36,2025-10-20 17:55:36,2.0588,2.05934,1,0.92,USD,,,,,,,,,,,,,,,,,,,,,,,,,,,,,,,,,,,,,,,
call,f2190b79-e9df-4f79-88a1-a8868ff5a347,S900,GBP/CAD,2025-10-20 17:40:41,2025-10-20 17:55:41,1.88262,1.88295,1,0.88,USD,,,,,,,,,,,,,,,,,,,,,,,,,,,,,,,,,,,,,,,
call,5b781a0d-b762-48b8-b112-65612c704637,S900,EUR/AUD,2025-10-20 17:42:11,2025-10-20 17:57:11,1.78862,1.78852,1,-1.0,USD,,,,,,,,,,,,,,,,,,,,,,,,,,,,,,,,,,,,,,,
call,6fa9cb08-271c-4282-b4de-8e0dbf1c8f68,S900,EUR/USD,2025-10-20 17:42:23,2025-10-20 17:57:23,1.16603,1.16553,1,-1.0,USD,,,,,,,,,,,,,,,,,,,,,,,,,,,,,,,,,,,,,,,
call,106a69fa-f88a-40f4-b666-0eb905ecf935,S900,GBP/AUD,2025-10-20 17:42:31,2025-10-20 17:57:31,2.05872,2.05975,1,0.92,USD,,,,,,,,,,,,,,,,,,,,,,,,,,,,,,,,,,,,,,,
call,bd89d19c-cd14-4b92-a7ea-982c9e823839,S900,GBP/CAD,2025-10-20 17:42:36,2025-10-20 17:57:36,1.88281,1.88304,1,0.88,USD,,,,,,,,,,,,,,,,,,,,,,,,,,,,,,,,,,,,,,,
call,fd2f7cd8-9187-4a7c-a248-315f4fbff04b,S900,GBP/USD,2025-10-20 17:42:41,2025-10-20 17:57:41,1.34217,1.34216,1,-1.0,USD,,,,,,,,,,,,,,,,,,,,,,,,,,,,,,,,,,,,,,,
call,793a24f5-5369-46b3-b07b-d71073bab407,S900,EUR/USD,2025-10-20 17:44:29,2025-10-20 17:59:29,1.16583,1.16559,1,-1.0,USD,,,,,,,,,,,,,,,,,,,,,,,,,,,,,,,,,,,,,,,
call,b56d016e-6d80-410a-a25f-c5676a29bb8a,S900,GBP/AUD,2025-10-20 17:44:34,2025-10-20 17:59:34,2.05883,2.05951,1,0.92,USD,,,,,,,,,,,,,,,,,,,,,,,,,,,,,,,,,,,,,,,
call,ce53dc3d-87f4-49f9-bd20-3db515220c20,S900,GBP/CAD,2025-10-20 17:44:39,2025-10-20 17:59:39,1.88291,1.88293,1,0.88,USD,,,,,,,,,,,,,,,,,,,,,,,,,,,,,,,,,,,,,,,
call,47cb339c-d827-4091-8119-7e2e11a4b713,S900,GBP/USD,2025-10-20 17:44:53,2025-10-20 17:59:53,1.342,1.34203,1,0.86,USD,,,,,,,,,,,,,,,,,,,,,,,,,,,,,,,,,,,,,,,
call,0b7882b7-ad42-4d1f-9525-77ecd95d280a,S900,EUR/AUD,2025-10-20 17:46:16,2025-10-20 18:01:16,1.78819,1.78872,1,0.92,USD,,,,,,,,,,,,,,,,,,,,,,,,,,,,,,,,,,,,,,,
call,1eace306-b783-41c5-872f-fe2665e731d9,S900,EUR/GBP,2025-10-20 17:46:25,2025-10-20 18:01:25,0.86854,0.86841,1,-1.0,USD,,,,,,,,,,,,,,,,,,,,,,,,,,,,,,,,,,,,,,,
call,83e4ac51-8b4c-41bb-b523-2d2aad326403,S900,EUR/USD,2025-10-20 17:46:29,2025-10-20 18:01:29,1.16559,1.16544,1,-1.0,USD,,,,,,,,,,,,,,,,,,,,,,,,,,,,,,,,,,,,,,,
call,2e8d83e4-3d8b-40ff-9882-5216f6df39c1,S900,GBP/CAD,2025-10-20 17:50:16,2025-10-20 18:05:16,1.88282,1.88274,1,-1.0,USD,,,,,,,,,,,,,,,,,,,,,,,,,,,,,,,,,,,,,,,
call,1bc40950-a1b8-4822-ab89-c82307682cf6,S900,EUR/AUD,2025-10-20 17:51:41,2025-10-20 18:06:41,1.78772,1.78835,1,0.92,USD,,,,,,,,,,,,,,,,,,,,,,,,,,,,,,,,,,,,,,,
call,5d6fc19b-67bb-47a3-ab78-3e63ac998181,S900,GBP/AUD,2025-10-20 17:52:00,2025-10-20 18:07:00,2.05853,2.05908,1,0.92,USD,,,,,,,,,,,,,,,,,,,,,,,,,,,,,,,,,,,,,,,
call,c64be885-10a8-4824-b1ee-614f61fa9586,S900,EUR/GBP,2025-10-20 17:57:16,2025-10-20 18:12:16,0.86834,0.86868,1,0.72,USD,,,,,,,,,,,,,,,,,,,,,,,,,,,,,,,,,,,,,,,
call,d0112d4d-aeb0-4b41-95f6-87be2b1f9208,S900,EUR/JPY,2025-10-20 17:57:21,2025-10-20 18:12:21,175.511,175.494,1,-1.0,USD,,,,,,,,,,,,,,,,,,,,,,,,,,,,,,,,,,,,,,,
call,df333291-2a8d-4a44-911d-15c3f6b7faba,S900,EUR/USD,2025-10-20 17:57:26,2025-10-20 18:12:26,1.16552,1.16556,1,0.78,USD,,,,,,,,,,,,,,,,,,,,,,,,,,,,,,,,,,,,,,,
call,32fa35b6-1202-4ee3-a7c8-46c640b3cdb5,S900,EUR/USD,2025-10-20 17:59:07,2025-10-20 18:14:07,1.16556,1.16549,1,-1.0,USD,,,,,,,,,,,,,,,,,,,,,,,,,,,,,,,,,,,,,,,
call,716f3a37-1031-4da8-8330-b888789a2195,S900,EUR/USD,2025-10-20 18:00:45,2025-10-20 18:15:45,1.16551,1.16537,1,-1.0,USD,,,,,,,,,,,,,,,,,,,,,,,,,,,,,,,,,,,,,,,
call,17718938-9043-4435-90b2-80e6a97b66d1,S900,EUR/USD,2025-10-20 18:02:30,2025-10-20 18:17:30,1.16545,1.16546,1,0.83,USD,,,,,,,,,,,,,,,,,,,,,,,,,,,,,,,,,,,,,,,
call,f8039c44-2e0a-4db5-90a6-1bc8a37a7f4d,S900,AUD/CHF,2025-10-20 18:03:49,2025-10-20 18:18:49,0.51584,0.51603,1,0.88,USD,,,,,,,,,,,,,,,,,,,,,,,,,,,,,,,,,,,,,,,
call,3adb1bee-c3b3-4711-bd15-7e034492389a,S900,EUR/USD,2025-10-20 18:04:09,2025-10-20 18:19:09,1.16555,1.16569,1,0.89,USD,,,,,,,,,,,,,,,,,,,,,,,,,,,,,,,,,,,,,,,
call,3c38fb00-e734-454a-bcab-2d7e0964987f,S780,AUD/CHF,2025-10-20 18:05:25,2025-10-20 18:18:25,0.51587,0.516,1,0.88,USD,,,,,,,,,,,,,,,,,,,,,,,,,,,,,,,,,,,,,,,
call,35acab29-6d3a-4cd7-b14e-6e50f740966b,S780,EUR/USD,2025-10-20 18:05:43,2025-10-20 18:18:43,1.16558,1.16567,1,0.92,USD,,,,,,,,,,,,,,,,,,,,,,,,,,,,,,,,,,,,,,,
call,f93e35dc-c43b-4251-a8ec-1a661bd0796f,S780,USD/CHF,2025-10-20 18:05:58,2025-10-20 18:18:58,0.79153,0.79174,1,0.92,USD,,,,,,,,,,,,,,,,,,,,,,,,,,,,,,,,,,,,,,,
call,84740d0b-6be3-480a-a50c-de0b86420d70,S780,AUD/CHF,2025-10-20 18:07:07,2025-10-20 18:20:07,0.51591,0.51603,1,0.87,USD,,,,,,,,,,,,,,,,,,,,,,,,,,,,,,,,,,,,,,,
call,68c2dce8-0e6d-4107-b488-e25e0e2081f2,S780,CAD/CHF,2025-10-20 18:07:15,2025-10-20 18:20:15,0.56423,0.56441,1,0.85,USD,,,,,,,,,,,,,,,,,,,,,,,,,,,,,,,,,,,,,,,
call,248b060f-3d17-4ff3-93ba-744e3f54a705,S780,GBP/CHF,2025-10-20 18:07:32,2025-10-20 18:20:32,1.06241,1.06231,1,-1.0,USD,,,,,,,,,,,,,,,,,,,,,,,,,,,,,,,,,,,,,,,
call,882c39e8-bed0-4e55-9144-edd113a8403e,S780,USD/CHF,2025-10-20 18:07:39,2025-10-20 18:20:39,0.79155,0.79173,1,0.81,USD,,,,,,,,,,,,,,,,,,,,,,,,,,,,,,,,,,,,,,,
call,30dbc597-e4b3-4223-91ee-8a2cb1b6e573,S780,CAD/CHF,2025-10-20 18:08:52,2025-10-20 18:21:52,0.56419,0.56434,1,0.85,USD,,,,,,,,,,,,,,,,,,,,,,,,,,,,,,,,,,,,,,,
call,d3c9d249-8382-487d-8cb5-3a961e570a56,S780,GBP/CHF,2025-10-20 18:09:12,2025-10-20 18:22:12,1.06237,1.06237,1,0.0,USD,,,,,,,,,,,,,,,,,,,,,,,,,,,,,,,,,,,,,,,
call,3627f12d-9e69-426f-9c91-abf3be6a2975,S780,USD/CAD,2025-10-20 18:09:24,2025-10-20 18:22:24,1.40289,1.40299,1,0.77,USD,,,,,,,,,,,,,,,,,,,,,,,,,,,,,,,,,,,,,,,
call,c3406a8a-b8e7-4f0b-86b0-9b05846cd1e7,S780,USD/CHF,2025-10-20 18:09:28,2025-10-20 18:22:28,0.79161,0.79183,1,0.55,USD,,,,,,,,,,,,,,,,,,,,,,,,,,,,,,,,,,,,,,,
call,8dac7183-c824-42e2-a105-2f27953f7319,S780,AUD/CAD,2025-10-21 04:48:22,2025-10-21 05:01:22,0.91441,0.91416,1,-1.0,USD,,,,,,,,,,,,,,,,,,,,,,,,,,,,,,,,,,,,,,,
call,024350c0-a531-4e4e-bb23-c2c70973c454,S780,EUR/USD,2025-10-21 04:48:43,2025-10-21 05:01:43,1.16344,1.16334,1,-1.0,USD,,,,,,,,,,,,,,,,,,,,,,,,,,,,,,,,,,,,,,,
call,b14cdca9-a4fb-4ab7-976f-28aef27d4539,S780,GBP/JPY,2025-10-21 04:48:53,2025-10-21 05:01:53,202.34,202.354,1,0.78,USD,,,,,,,,,,,,,,,,,,,,,,,,,,,,,,,,,,,,,,,
call,8c715ddb-7056-4329-afa7-090254a20f31,S780,AUD/CAD,2025-10-21 04:50:01,2025-10-21 05:03:01,0.91426,0.91416,1,-1.0,USD,,,,,,,,,,,,,,,,,,,,,,,,,,,,,,,,,,,,,,,
call,34139dd9-8115-47c9-aa39-c043e31fb5f2,S780,EUR/USD,2025-10-21 04:50:23,2025-10-21 05:03:23,1.16328,1.1633,1,0.78,USD,,,,,,,,,,,,,,,,,,,,,,,,,,,,,,,,,,,,,,,
call,7dbaf10e-8fc7-41f0-9c4f-9ce609909297,S780,AUD/CAD,2025-10-21 04:51:40,2025-10-21 05:04:40,0.9141,0.9142,1,0.64,USD,,,,,,,,,,,,,,,,,,,,,,,,,,,,,,,,,,,,,,,
call,fa7d0b57-fae4-420d-abb8-10291719b130,S780,EUR/USD,2025-10-21 04:52:06,2025-10-21 05:05:06,1.16327,1.16331,1,0.78,USD,,,,,,,,,,,,,,,,,,,,,,,,,,,,,,,,,,,,,,,
call,6f7fd565-7087-4361-9a4a-d4ef5e8e8d1b,S780,GBP/JPY,2025-10-21 04:52:24,2025-10-21 05:05:24,202.357,202.359,1,0.78,USD,,,,,,,,,,,,,,,,,,,,,,,,,,,,,,,,,,,,,,,
call,e107218d-738d-4966-b769-cd9d79ac6a30,S780,AUD/CAD,2025-10-21 04:53:33,2025-10-21 05:06:33,0.9142,0.91426,1,0.64,USD,,,,,,,,,,,,,,,,,,,,,,,,,,,,,,,,,,,,,,,
call,a287cfc0-0110-494c-8820-3c07ef402013,S780,EUR/GBP,2025-10-21 04:53:51,2025-10-21 05:06:51,0.86874,0.86868,1,-1.0,USD,,,,,,,,,,,,,,,,,,,,,,,,,,,,,,,,,,,,,,,
call,d12d3d78-d8f3-4229-b075-ac8ebb2df7db,S780,EUR/GBP,2025-10-21 04:56:52,2025-10-21 05:09:52,0.86869,0.86868,1,-1.0,USD,,,,,,,,,,,,,,,,,,,,,,,,,,,,,,,,,,,,,,,
call,87b86209-f6d7-4ada-836a-99a8244bf912,S780,EUR/GBP,2025-10-21 04:58:21,2025-10-21 05:11:21,0.86866,0.86867,1,0.78,USD,,,,,,,,,,,,,,,,,,,,,,,,,,,,,,,,,,,,,,,
call,c3bca404-9b7c-4232-a5e3-23f21bd5e642,S780,EUR/GBP,2025-10-21 04:59:50,2025-10-21 05:12:50,0.86862,0.86872,1,0.78,USD,,,,,,,,,,,,,,,,,,,,,,,,,,,,,,,,,,,,,,,
call,9e1fe521-6454-468f-a511-ff5347aa7946,S780,AUD/USD,2025-10-21 05:01:08,2025-10-21 05:14:08,0.65077,0.65066,1,-1.0,USD,,,,,,,,,,,,,,,,,,,,,,,,,,,,,,,,,,,,,,,
call,65139a0e-1257-4169-9221-053b11cf6765,S780,GBP/JPY,2025-10-21 05:01:29,2025-10-21 05:14:29,202.374,202.352,1,-1.0,USD,,,,,,,,,,,,,,,,,,,,,,,,,,,,,,,,,,,,,,,
call,bb983229-9a0e-40e6-a1b1-6d78e622007f,S780,AUD/USD,2025-10-21 05:04:09,2025-10-21 05:17:09,0.65075,0.65076,1,0.72,USD,,,,,,,,,,,,,,,,,,,,,,,,,,,,,,,,,,,,,,,
call,6c4ca9db-2925-4385-9ca2-3d194140ee9c,S780,CAD/JPY,2025-10-21 05:10:16,2025-10-21 05:23:16,107.554,107.566,1,0.74,USD,,,,,,,,,,,,,,,,,,,,,,,,,,,,,,,,,,,,,,,
call,606d8af3-f369-4012-aa4a-fbaf467045a0,S780,EUR/CAD,2025-10-21 05:10:21,2025-10-21 05:23:21,1.6342,1.63429,1,0.73,USD,,,,,,,,,,,,,,,,,,,,,,,,,,,,,,,,,,,,,,,
call,209a4d86-073f-4efe-86ba-49987ba15f00,S780,AUD/JPY,2025-10-21 05:11:49,2025-10-21 05:24:49,98.345,98.351,1,0.74,USD,,,,,,,,,,,,,,,,,,,,,,,,,,,,,,,,,,,,,,,
call,0b37c401-84c6-4f3f-a6c2-a1dfdeaf25bd,S780,EUR/CAD,2025-10-21 05:11:59,2025-10-21 05:24:59,1.63437,1.63438,1,0.73,USD,,,,,,,,,,,,,,,,,,,,,,,,,,,,,,,,,,,,,,,
call,345a125a-f7ef-4081-8ab4-bf4e2ecda203,S780,AUD/JPY,2025-10-21 05:13:24,2025-10-21 05:26:24,98.341,98.349,1,0.74,USD,,,,,,,,,,,,,,,,,,,,,,,,,,,,,,,,,,,,,,,
call,518db467-e1ad-446f-a338-5837f9e41dac,S780,AUD/JPY,2025-10-21 05:15:06,2025-10-21 05:28:06,98.319,98.35,1,0.74,USD,,,,,,,,,,,,,,,,,,,,,,,,,,,,,,,,,,,,,,,
call,b3b0842e-9218-4250-acbb-8f078b88461e,S780,AUD/JPY,2025-10-21 05:16:33,2025-10-21 05:29:33,98.319,98.34,1,0.74,USD,,,,,,,,,,,,,,,,,,,,,,,,,,,,,,,,,,,,,,,
call,5fd6aebd-cc8b-471b-ab14-9962ae92c5a6,S780,AUD/JPY,2025-10-21 05:18:06,2025-10-21 05:31:06,98.328,98.332,1,0.74,USD,,,,,,,,,,,,,,,,,,,,,,,,,,,,,,,,,,,,,,,
call,68e455de-d0d6-4886-a6c1-58ce2d578bf8,S780,AUD/JPY,2025-10-21 05:19:33,2025-10-21 05:32:33,98.323,98.323,1,0.0,USD,,,,,,,,,,,,,,,,,,,,,,,,,,,,,,,,,,,,,,,
call,9c9d10ed-df06-46ff-893f-770d4e5159e4,S780,AUD/CAD,2025-10-21 05:20:58,2025-10-21 05:33:58,0.91414,0.91407,1,-1.0,USD,,,,,,,,,,,,,,,,,,,,,,,,,,,,,,,,,,,,,,,
call,c7a92cdb-1069-4b9f-a393-103bed07c7d9,S780,AUD/JPY,2025-10-21 05:21:03,2025-10-21 05:34:03,98.326,98.322,1,-1.0,USD,,,,,,,,,,,,,,,,,,,,,,,,,,,,,,,,,,,,,,,
call,d70bde0d-327f-46f4-8d42-d7ef655087d3,S780,AUD/CAD,2025-10-21 05:22:29,2025-10-21 05:35:29,0.91413,0.91415,1,0.78,USD,,,,,,,,,,,,,,,,,,,,,,,,,,,,,,,,,,,,,,,
call,1272b70f-0b97-4fb7-b5b9-182bf64c809d,S780,AUD/JPY,2025-10-21 05:22:35,2025-10-21 05:35:35,98.34,98.317,1,-1.0,USD,,,,,,,,,,,,,,,,,,,,,,,,,,,,,,,,,,,,,,,
call,f8389c99-cc5b-4c8b-82e1-506920fdf4aa,S780,AUD/CAD,2025-10-21 05:23:59,2025-10-21 05:36:59,0.91417,0.91428,1,0.78,USD,,,,,,,,,,,,,,,,,,,,,,,,,,,,,,,,,,,,,,,
call,d5481a5d-fb6b-4023-a772-19aa4f21df0b,S780,AUD/JPY,2025-10-21 05:24:04,2025-10-21 05:37:04,98.351,98.332,1,-1.0,USD,,,,,,,,,,,,,,,,,,,,,,,,,,,,,,,,,,,,,,,
call,61e529fe-e466-4b13-a69f-940b22d27dcc,S780,GBP/AUD,2025-10-21 05:25:50,2025-10-21 05:38:50,2.05752,2.05741,1,-1.0,USD,,,,,,,,,,,,,,,,,,,,,,,,,,,,,,,,,,,,,,,
call,43a60f5b-0f62-4746-8814-50d1d40dea99,S780,GBP/AUD,2025-10-21 05:28:49,2025-10-21 05:41:49,2.0576,2.05757,1,-1.0,USD,,,,,,,,,,,,,,,,,,,,,,,,,,,,,,,,,,,,,,,
call,ec999cb6-1560-42e7-8657-ac4d8567d1af,S780,GBP/AUD,2025-10-21 05:30:21,2025-10-21 05:43:21,2.05775,2.05756,1,-1.0,USD,,,,,,,,,,,,,,,,,,,,,,,,,,,,,,,,,,,,,,,
call,685c7003-727a-4267-991d-bb98b987437e,S780,GBP/AUD,2025-10-21 05:31:52,2025-10-21 05:44:52,2.05739,2.05794,1,0.78,USD,,,,,,,,,,,,,,,,,,,,,,,,,,,,,,,,,,,,,,,
call,d046f730-0c19-4a1c-a8a2-766557939d4a,S780,GBP/AUD,2025-10-21 05:33:21,2025-10-21 05:46:21,2.05751,2.05833,1,0.78,USD,,,,,,,,,,,,,,,,,,,,,,,,,,,,,,,,,,,,,,,
call,8deba31b-a1ae-4203-b7a6-65f963953b23,S780,GBP/AUD,2025-10-21 05:34:50,2025-10-21 05:47:50,2.05749,2.05847,1,0.78,USD,,,,,,,,,,,,,,,,,,,,,,,,,,,,,,,,,,,,,,,
call,e9e26efd-29ff-4db2-85d2-21b599012128,S780,AUD/JPY,2025-10-21 05:36:07,2025-10-21 05:49:07,98.317,98.236,1,-1.0,USD,,,,,,,,,,,,,,,,,,,,,,,,,,,,,,,,,,,,,,,
call,f0f82409-0aa3-4cf6-8344-83e6eb018c79,S780,GBP/AUD,2025-10-21 05:36:21,2025-10-21 05:49:21,2.05744,2.05861,1,0.78,USD,,,,,,,,,,,,,,,,,,,,,,,,,,,,,,,,,,,,,,,
call,1dfe147d-4d26-42ec-bbd2-a3f1fb7c2d93,S780,AUD/JPY,2025-10-21 05:37:36,2025-10-21 05:50:36,98.337,98.239,1,-1.0,USD,,,,,,,,,,,,,,,,,,,,,,,,,,,,,,,,,,,,,,,
call,4b6ccfa0-96ad-4b3a-8ea1-664e0704a30a,S780,GBP/AUD,2025-10-21 05:37:54,2025-10-21 05:50:54,2.05735,2.0588,1,0.78,USD,,,,,,,,,,,,,,,,,,,,,,,,,,,,,,,,,,,,,,,
call,495ad020-0347-4aef-90e2-77b96d7eea36,S780,AUD/JPY,2025-10-21 05:39:09,2025-10-21 05:52:09,98.33,98.237,1,-1.0,USD,,,,,,,,,,,,,,,,,,,,,,,,,,,,,,,,,,,,,,,
call,e2b25bcc-ecd5-4976-99d8-e9aa4b25ad50,S780,GBP/AUD,2025-10-21 05:39:25,2025-10-21 05:52:25,2.05729,2.05862,1,0.78,USD,,,,,,,,,,,,,,,,,,,,,,,,,,,,,,,,,,,,,,,
call,98fae2a5-98fc-4304-8f1f-6e25d1ffff66,S780,AUD/JPY,2025-10-21 05:40:40,2025-10-21 05:53:40,98.316,98.234,1,-1.0,USD,,,,,,,,,,,,,,,,,,,,,,,,,,,,,,,,,,,,,,,
call,28fee48c-24c9-4a99-9f0a-c1bd8637777a,S780,GBP/AUD,2025-10-21 05:41:04,2025-10-21 05:54:04,2.05748,2.05869,1,0.78,USD,,,,,,,,,,,,,,,,,,,,,,,,,,,,,,,,,,,,,,,
call,933b04e0-b446-473a-96f8-12252e896ad8,S780,AUD/JPY,2025-10-21 05:42:19,2025-10-21 05:55:19,98.319,98.246,1,-1.0,USD,,,,,,,,,,,,,,,,,,,,,,,,,,,,,,,,,,,,,,,
call,223103b2-29c3-48d6-b28b-aecfa3db5e35,S780,CAD/JPY,2025-10-21 05:42:23,2025-10-21 05:55:23,107.526,107.496,1,-1.0,USD,,,,,,,,,,,,,,,,,,,,,,,,,,,,,,,,,,,,,,,
call,c9cc3195-dd67-42b7-9d7d-2e63aa8ff7ab,S780,AUD/JPY,2025-10-21 05:43:56,2025-10-21 05:56:56,98.299,98.253,1,-1.0,USD,,,,,,,,,,,,,,,,,,,,,,,,,,,,,,,,,,,,,,,
call,90564464-85f0-4c0a-8a5a-ca807f220d8f,S900,AUD/JPY,2025-10-21 05:45:30,2025-10-21 06:00:30,98.308,98.241,1,-1.0,USD,,,,,,,,,,,,,,,,,,,,,,,,,,,,,,,,,,,,,,,
call,6a947155-8294-42c7-9300-ea2e4c44cf22,S900,CAD/JPY,2025-10-21 05:45:34,2025-10-21 06:00:34,107.528,107.508,1,-1.0,USD,,,,,,,,,,,,,,,,,,,,,,,,,,,,,,,,,,,,,,,
call,a44f1054-d92c-44f6-b3a7-37ba5c687536,S900,AUD/JPY,2025-10-21 05:47:04,2025-10-21 06:02:04,98.266,98.223,1,-1.0,USD,,,,,,,,,,,,,,,,,,,,,,,,,,,,,,,,,,,,,,,
call,b6b30a95-66d2-4af9-8a82-5ac34427ed83,S900,CAD/JPY,2025-10-21 05:47:09,2025-10-21 06:02:09,107.506,107.503,1,-1.0,USD,,,,,,,,,,,,,,,,,,,,,,,,,,,,,,,,,,,,,,,
call,d1060cc9-c800-4eb3-9127-ed898608d6a3,S900,GBP/JPY,2025-10-21 05:47:28,2025-10-21 06:02:28,202.285,202.285,1,0.0,USD,,,,,,,,,,,,,,,,,,,,,,,,,,,,,,,,,,,,,,,
call,40b5e116-c0da-47b3-b26e-8e9898c4fe3e,S900,AUD/JPY,2025-10-21 05:48:41,2025-10-21 06:03:41,98.247,98.219,1,-1.0,USD,,,,,,,,,,,,,,,,,,,,,,,,,,,,,,,,,,,,,,,
call,85c5d182-785c-4b60-ab58-543510a42afc,S900,CAD/JPY,2025-10-21 05:48:46,2025-10-21 06:03:46,107.494,107.494,1,0.0,USD,,,,,,,,,,,,,,,,,,,,,,,,,,,,,,,,,,,,,,,
call,cc267ff8-0aab-4e40-b68f-4c417e96616c,S900,GBP/JPY,2025-10-21 05:49:09,2025-10-21 06:04:09,202.266,202.265,1,-1.0,USD,,,,,,,,,,,,,,,,,,,,,,,,,,,,,,,,,,,,,,,
call,529bff83-76f5-4a07-8954-61de74e29993,S900,USD/JPY,2025-10-21 05:49:14,2025-10-21 06:04:14,151.034,151.035,1,0.62,USD,,,,,,,,,,,,,,,,,,,,,,,,,,,,,,,,,,,,,,,
call,1fcd84ec-53be-4621-80c3-0dfa0cef117b,S900,AUD/JPY,2025-10-21 05:50:24,2025-10-21 06:05:24,98.233,98.211,1,-1.0,USD,,,,,,,,,,,,,,,,,,,,,,,,,,,,,,,,,,,,,,,
call,5da100b2-dc1c-4f19-8ede-d1d623f91f80,S900,CAD/JPY,2025-10-21 05:50:28,2025-10-21 06:05:28,107.49,107.488,1,-1.0,USD,,,,,,,,,,,,,,,,,,,,,,,,,,,,,,,,,,,,,,,
call,a0d41cf1-a851-43b6-8b46-8a8e723b61da,S900,EUR/CAD,2025-10-21 05:50:37,2025-10-21 06:05:37,1.63462,1.6345,1,-1.0,USD,,,,,,,,,,,,,,,,,,,,,,,,,,,,,,,,,,,,,,,
call,a2f7e9e5-bf03-491d-8c35-9ab51b16b428,S900,AUD/CAD,2025-10-21 05:52:02,2025-10-21 06:07:02,0.91386,0.91346,1,-1.0,USD,,,,,,,,,,,,,,,,,,,,,,,,,,,,,,,,,,,,,,,
call,47685e9c-d72b-4961-a6b6-978919389110,S900,AUD/USD,2025-10-21 05:52:11,2025-10-21 06:07:11,0.65046,0.65012,1,-1.0,USD,,,,,,,,,,,,,,,,,,,,,,,,,,,,,,,,,,,,,,,
call,db66bc36-067a-43f8-b821-000c9b7a8422,S900,USD/JPY,2025-10-21 05:52:48,2025-10-21 06:07:48,151.015,151.067,1,0.7,USD,,,,,,,,,,,,,,,,,,,,,,,,,,,,,,,,,,,,,,,
call,25c252da-3d48-4426-9c38-e2f622029ee1,S900,AUD/CAD,2025-10-21 05:56:41,2025-10-21 06:11:41,0.91386,0.91334,1,-1.0,USD,,,,,,,,,,,,,,,,,,,,,,,,,,,,,,,,,,,,,,,
call,fd887f1f-a62e-4fa9-a8ad-9c8253ecc2e7,S900,AUD/USD,2025-10-21 05:56:50,2025-10-21 06:11:50,0.65052,0.65004,1,-1.0,USD,,,,,,,,,,,,,,,,,,,,,,,,,,,,,,,,,,,,,,,
call,ecf6c307-f128-4779-80f6-7963e1ea330c,S900,EUR/CAD,2025-10-21 05:56:55,2025-10-21 06:11:55,1.63451,1.63461,1,0.78,USD,,,,,,,,,,,,,,,,,,,,,,,,,,,,,,,,,,,,,,,
call,b7b1bb14-702e-445e-a9d1-2e89995c6780,S900,AUD/CAD,2025-10-21 05:58:14,2025-10-21 06:13:14,0.9139,0.91347,1,-1.0,USD,,,,,,,,,,,,,,,,,,,,,,,,,,,,,,,,,,,,,,,
call,8f6aca91-9a59-4019-b691-04c24bf6ad5d,S900,AUD/JPY,2025-10-21 05:58:18,2025-10-21 06:13:18,98.255,98.195,1,-1.0,USD,,,,,,,,,,,,,,,,,,,,,,,,,,,,,,,,,,,,,,,
call,130d020c-dc14-441c-950f-1d527ab02c79,S720,EUR/AUD,2025-10-21 06:06:03,2025-10-21 06:18:03,1.78894,1.78927,1,0.75,USD,,,,,,,,,,,,,,,,,,,,,,,,,,,,,,,,,,,,,,,
call,c5474f6d-9c9b-4c60-9ecf-afb17e696215,S720,USD/CAD,2025-10-21 06:17:26,2025-10-21 06:29:26,1.40511,1.40518,1,0.58,USD,,,,,,,,,,,,,,,,,,,,,,,,,,,,,,,,,,,,,,,
call,231f8172-1284-4d70-8e9f-278d6536fadd,S720,GBP/AUD,2025-10-21 06:26:24,2025-10-21 06:38:24,2.0586,2.05924,1,0.78,USD,,,,,,,,,,,,,,,,,,,,,,,,,,,,,,,,,,,,,,,
call,7bd727ce-586c-4a67-99f9-8687365db2eb,S720,GBP/AUD,2025-10-21 06:26:24,2025-10-21 06:38:24,2.0586,2.05924,1,0.78,USD,,,,,,,,,,,,,,,,,,,,,,,,,,,,,,,,,,,,,,,
call,10b0f85c-3cea-4c30-be9b-b4e80b1e3592,S720,EUR/AUD,2025-10-21 06:26:43,2025-10-21 06:38:43,1.78861,1.789,1,0.78,USD,,,,,,,,,,,,,,,,,,,,,,,,,,,,,,,,,,,,,,,
call,19e2b52e-aac1-4e3c-a153-5c48b75dad79,S720,EUR/AUD,2025-10-21 06:27:37,2025-10-21 06:39:37,1.78857,1.78917,1,0.78,USD,,,,,,,,,,,,,,,,,,,,,,,,,,,,,,,,,,,,,,,
call,ce2c83fd-97ee-4898-9cf1-42f46c8e9ce8,S720,GBP/AUD,2025-10-21 06:27:45,2025-10-21 06:39:45,2.05859,2.0594,1,0.78,USD,,,,,,,,,,,,,,,,,,,,,,,,,,,,,,,,,,,,,,,
call,83a9cf51-546c-46ac-8d68-3b57197f987f,S720,GBP/AUD,2025-10-21 06:29:15,2025-10-21 06:41:15,2.05856,2.05933,1,0.78,USD,,,,,,,,,,,,,,,,,,,,,,,,,,,,,,,,,,,,,,,
call,b46f7e3d-cdeb-470a-ae1a-9dbc602df481,S720,EUR/AUD,2025-10-21 06:30:33,2025-10-21 06:42:33,1.78826,1.78907,1,0.78,USD,,,,,,,,,,,,,,,,,,,,,,,,,,,,,,,,,,,,,,,
call,1eb82e3b-53cd-4675-a9c2-e204ebfb4e51,S720,EUR/AUD,2025-10-21 06:31:26,2025-10-21 06:43:26,1.78837,1.78913,1,0.78,USD,,,,,,,,,,,,,,,,,,,,,,,,,,,,,,,,,,,,,,,
call,484542a7-7b5d-4f70-abb1-7fc9f38be5cc,S720,GBP/AUD,2025-10-21 06:31:54,2025-10-21 06:43:54,2.05824,2.05945,1,0.78,USD,,,,,,,,,,,,,,,,,,,,,,,,,,,,,,,,,,,,,,,
call,3f22906e-4be8-4882-9322-f73e322e7ead,S720,EUR/AUD,2025-10-21 06:33:16,2025-10-21 06:45:16,1.78867,1.78891,1,0.78,USD,,,,,,,,,,,,,,,,,,,,,,,,,,,,,,,,,,,,,,,
call,814c5244-49a2-413e-94a2-014fb847d728,S720,EUR/CAD,2025-10-21 06:33:20,2025-10-21 06:45:20,1.63452,1.63467,1,0.63,USD,,,,,,,,,,,,,,,,,,,,,,,,,,,,,,,,,,,,,,,
call,587f94d6-58c7-44a7-b7ad-7e8e0bc63500,S720,GBP/AUD,2025-10-21 06:33:30,2025-10-21 06:45:30,2.05881,2.05915,1,0.78,USD,,,,,,,,,,,,,,,,,,,,,,,,,,,,,,,,,,,,,,,
call,d29ca3ca-244e-4ba5-aa8a-b5b01d4d0206,S720,EUR/AUD,2025-10-21 06:35:29,2025-10-21 06:47:29,1.78887,1.78859,1,-1.0,USD,,,,,,,,,,,,,,,,,,,,,,,,,,,,,,,,,,,,,,,
call,437d49e6-5f5d-4e44-b1fd-8e68d5c451ed,S720,EUR/AUD,2025-10-21 06:37:02,2025-10-21 06:49:02,1.78875,1.78902,1,0.78,USD,,,,,,,,,,,,,,,,,,,,,,,,,,,,,,,,,,,,,,,
call,032b0cc9-a7bc-4df4-a7a1-cffd96374ed8,S720,EUR/AUD,2025-10-21 06:37:29,2025-10-21 06:49:29,1.78934,1.78934,1,0.0,USD,,,,,,,,,,,,,,,,,,,,,,,,,,,,,,,,,,,,,,,
call,4b6b1c27-8779-4258-9990-49d99005326f,S720,EUR/AUD,2025-10-21 06:38:55,2025-10-21 06:50:55,1.78919,1.78925,1,0.78,USD,,,,,,,,,,,,,,,,,,,,,,,,,,,,,,,,,,,,,,,
call,7400b0fa-a9ec-4f77-9167-b6155a15cf1f,S720,EUR/GBP,2025-10-21 06:40:35,2025-10-21 06:52:35,0.86875,0.86863,1,-1.0,USD,,,,,,,,,,,,,,,,,,,,,,,,,,,,,,,,,,,,,,,
call,48612a8a-f0e3-4f8c-927f-57d9bfa8b718,S720,EUR/AUD,2025-10-21 06:42:06,2025-10-21 06:54:06,1.78909,1.78908,1,-1.0,USD,,,,,,,,,,,,,,,,,,,,,,,,,,,,,,,,,,,,,,,
call,40740e6b-c84c-4c01-a1f8-601d08c13f5f,S720,EUR/GBP,2025-10-21 06:48:11,2025-10-21 07:00:11,0.86863,0.8688,1,0.64,USD,,,,,,,,,,,,,,,,,,,,,,,,,,,,,,,,,,,,,,,
call,8c0e6b32-40ed-4c1f-b398-fd1be79d9af9,S720,CAD/JPY,2025-10-21 06:49:30,2025-10-21 07:01:30,107.589,107.573,1,-1.0,USD,,,,,,,,,,,,,,,,,,,,,,,,,,,,,,,,,,,,,,,
call,6c881d8a-85b4-47f7-ac9b-04c67be2e64b,S900,EUR/CAD,2025-10-21 06:49:38,2025-10-21 07:04:38,1.6346,1.63471,1,0.65,USD,,,,,,,,,,,,,,,,,,,,,,,,,,,,,,,,,,,,,,,
call,1eab3ab5-67dc-4cae-b467-5a06c1e6800d,S900,CAD/JPY,2025-10-21 06:51:03,2025-10-21 07:06:03,107.569,107.547,1,-1.0,USD,,,,,,,,,,,,,,,,,,,,,,,,,,,,,,,,,,,,,,,
call,1326922d-cff6-4f7b-9b06-ddc5a4473ec3,S900,EUR/CAD,2025-10-21 06:51:08,2025-10-21 07:06:08,1.63455,1.63452,1,-1.0,USD,,,,,,,,,,,,,,,,,,,,,,,,,,,,,,,,,,,,,,,
call,3e7496d3-d441-4f44-96a7-604d0fd022fc,S900,CAD/JPY,2025-10-21 06:52:34,2025-10-21 07:07:34,107.582,107.59,1,0.68,USD,,,,,,,,,,,,,,,,,,,,,,,,,,,,,,,,,,,,,,,
call,67f72c1d-5299-46c5-9008-fd7b29e4f22e,S900,EUR/GBP,2025-10-21 06:52:49,2025-10-21 07:07:49,0.86869,0.86884,1,0.64,USD,,,,,,,,,,,,,,,,,,,,,,,,,,,,,,,,,,,,,,,
call,5f4ad16b-afdd-47a9-a54f-e9f7d0493716,S900,EUR/GBP,2025-10-21 06:54:13,2025-10-21 07:09:13,0.86879,0.86879,1,0.0,USD,,,,,,,,,,,,,,,,,,,,,,,,,,,,,,,,,,,,,,,
call,949def83-a141-4679-8b39-fdb333ca5be9,S900,GBP/CAD,2025-10-21 06:55:47,2025-10-21 07:10:47,1.8812,1.88106,1,-1.0,USD,,,,,,,,,,,,,,,,,,,,,,,,,,,,,,,,,,,,,,,
call,338cf9a0-c03d-4965-ad26-7dcfa4a0d8d8,S900,GBP/CAD,2025-10-21 06:57:17,2025-10-21 07:12:17,1.88117,1.88126,1,0.74,USD,,,,,,,,,,,,,,,,,,,,,,,,,,,,,,,,,,,,,,,
call,531b7ffc-dea0-457e-a36f-6618ec9d99db,S900,EUR/CAD,2025-10-21 06:58:42,2025-10-21 07:13:42,1.63465,1.63468,1,0.69,USD,,,,,,,,,,,,,,,,,,,,,,,,,,,,,,,,,,,,,,,
call,49d0a858-51b9-4310-9365-4a66827e84bb,S900,EUR/CAD,2025-10-21 07:00:16,2025-10-21 07:15:16,1.6345,1.63468,1,0.73,USD,,,,,,,,,,,,,,,,,,,,,,,,,,,,,,,,,,,,,,,
call,c6474e2f-d380-4639-bec1-724202fe3a64,S900,GBP/CAD,2025-10-21 07:00:23,2025-10-21 07:15:23,1.88119,1.88122,1,0.64,USD,,,,,,,,,,,,,,,,,,,,,,,,,,,,,,,,,,,,,,,
call,d65fd0a2-42aa-4837-b917-918033bd31ae,S900,AUD/CAD,2025-10-21 07:01:33,2025-10-21 07:16:33,0.91359,0.91339,1,-1.0,USD,,,,,,,,,,,,,,,,,,,,,,,,,,,,,,,,,,,,,,,
call,8a259b3c-adaa-4f95-97d1-603c01381a7b,S900,EUR/CAD,2025-10-21 07:01:44,2025-10-21 07:16:44,1.63456,1.63451,1,-1.0,USD,,,,,,,,,,,,,,,,,,,,,,,,,,,,,,,,,,,,,,,
call,e882d333-23c6-4cad-bfe6-0ecc81e7dc80,S900,AUD/CAD,2025-10-21 07:03:02,2025-10-21 07:18:02,0.91355,0.91321,1,-1.0,USD,,,,,,,,,,,,,,,,,,,,,,,,,,,,,,,,,,,,,,,
call,a31074fc-03c4-4f05-9c33-bb2aef8446f3,S900,EUR/CAD,2025-10-21 07:03:12,2025-10-21 07:18:12,1.63457,1.63451,1,-1.0,USD,,,,,,,,,,,,,,,,,,,,,,,,,,,,,,,,,,,,,,,
call,4106d207-72c4-44c1-9bb7-d639e1d88500,S900,EUR/USD,2025-10-21 07:03:20,2025-10-21 07:18:20,1.16349,1.16319,1,-1.0,USD,,,,,,,,,,,,,,,,,,,,,,,,,,,,,,,,,,,,,,,
call,84a5a0a8-50aa-4546-be50-baa97ecc04b1,S900,AUD/CAD,2025-10-21 07:04:33,2025-10-21 07:19:33,0.9135,0.91331,1,-1.0,USD,,,,,,,,,,,,,,,,,,,,,,,,,,,,,,,,,,,,,,,
call,468ebfe2-ca5a-4b8c-9958-a347545c69b8,S900,EUR/CAD,2025-10-21 07:04:43,2025-10-21 07:19:43,1.63462,1.63447,1,-1.0,USD,,,,,,,,,,,,,,,,,,,,,,,,,,,,,,,,,,,,,,,
call,0f00ae9c-7474-4fd8-9402-0026a3ce8c45,S900,AUD/CAD,2025-10-21 07:06:02,2025-10-21 07:21:02,0.91346,0.91328,1,-1.0,USD,,,,,,,,,,,,,,,,,,,,,,,,,,,,,,,,,,,,,,,
call,e17734ce-9773-4459-bc35-7347de0879f8,S900,EUR/CAD,2025-10-21 07:06:11,2025-10-21 07:21:11,1.6345,1.63448,1,-1.0,USD,,,,,,,,,,,,,,,,,,,,,,,,,,,,,,,,,,,,,,,
call,3c9de600-fb9d-47e6-b30e-c66a87200895,S900,AUD/CAD,2025-10-21 07:07:28,2025-10-21 07:22:28,0.91344,0.91313,1,-1.0,USD,,,,,,,,,,,,,,,,,,,,,,,,,,,,,,,,,,,,,,,
call,98101ac2-da3b-4f23-b5fc-d9b8cd5da4b9,S900,EUR/CAD,2025-10-21 07:07:39,2025-10-21 07:22:39,1.6345,1.63451,1,0.78,USD,,,,,,,,,,,,,,,,,,,,,,,,,,,,,,,,,,,,,,,
call,b96f67b1-e751-4146-9dbc-60d24a1f6d04,S900,AUD/CAD,2025-10-21 07:08:57,2025-10-21 07:23:57,0.9134,0.91295,1,-1.0,USD,,,,,,,,,,,,,,,,,,,,,,,,,,,,,,,,,,,,,,,
call,fe08cd3f-f82b-4e94-9be7-c7d80f2bbdda,S900,EUR/CAD,2025-10-21 07:09:08,2025-10-21 07:24:08,1.63437,1.63438,1,0.78,USD,,,,,,,,,,,,,,,,,,,,,,,,,,,,,,,,,,,,,,,
call,988fc77d-74ba-414b-8c18-ebc3bfaa1d03,S900,EUR/CAD,2025-10-21 07:10:40,2025-10-21 07:25:40,1.63439,1.63451,1,0.78,USD,,,,,,,,,,,,,,,,,,,,,,,,,,,,,,,,,,,,,,,
call,ba6a07da-2324-4a45-a21d-8043c1490204,S900,EUR/GBP,2025-10-21 07:10:45,2025-10-21 07:25:45,0.86882,0.86895,1,0.78,USD,,,,,,,,,,,,,,,,,,,,,,,,,,,,,,,,,,,,,,,
call,e189de92-02b6-487a-95ab-d11f5ed4d574,S900,AUD/USD,2025-10-21 07:12:01,2025-10-21 07:27:01,0.65004,0.64968,1,-1.0,USD,,,,,,,,,,,,,,,,,,,,,,,,,,,,,,,,,,,,,,,
call,f870eae8-0780-44b6-bdbd-a8e732b33b30,S900,AUD/USD,2025-10-21 07:13:33,2025-10-21 07:28:33,0.65021,0.64966,1,-1.0,USD,,,,,,,,,,,,,,,,,,,,,,,,,,,,,,,,,,,,,,,
call,c3a1cad1-4fb2-4eda-88ca-27589970318d,S900,AUD/USD,2025-10-21 07:15:01,2025-10-21 07:30:01,0.65019,0.64977,1,-1.0,USD,,,,,,,,,,,,,,,,,,,,,,,,,,,,,,,,,,,,,,,
call,7c7e5570-3b1b-43e7-affe-c6972ac29159,S900,AUD/CAD,2025-10-21 07:16:30,2025-10-21 07:31:30,0.91341,0.91314,1,-1.0,USD,,,,,,,,,,,,,,,,,,,,,,,,,,,,,,,,,,,,,,,
call,06af3624-18ba-47ae-abe9-2632621ee1ab,S900,AUD/CAD,2025-10-21 07:17:59,2025-10-21 07:32:59,0.9132,0.91326,1,0.78,USD,,,,,,,,,,,,,,,,,,,,,,,,,,,,,,,,,,,,,,,
call,4abe833f-c910-4112-ace3-35f4672f7c7f,S900,EUR/CAD,2025-10-21 07:18:08,2025-10-21 07:33:08,1.6345,1.6343,1,-1.0,USD,,,,,,,,,,,,,,,,,,,,,,,,,,,,,,,,,,,,,,,
call,35a485fa-d970-4019-9476-7092b9cc96a5,S900,AUD/CAD,2025-10-21 07:19:25,2025-10-21 07:34:25,0.91334,0.91323,1,-1.0,USD,,,,,,,,,,,,,,,,,,,,,,,,,,,,,,,,,,,,,,,
call,cc6b5950-2730-4906-969c-37b11685b1b8,S900,AUD/USD,2025-10-21 07:20:57,2025-10-21 07:35:57,0.64999,0.64986,1,-1.0,USD,,,,,,,,,,,,,,,,,,,,,,,,,,,,,,,,,,,,,,,
call,04c355ea-2fe3-4392-93a5-b9f64503c088,S900,AUD/USD,2025-10-21 07:22:24,2025-10-21 07:37:24,0.64995,0.64986,1,-1.0,USD,,,,,,,,,,,,,,,,,,,,,,,,,,,,,,,,,,,,,,,
call,483ebfc5-b0a6-4465-9afa-3e39195874ee,S900,AUD/USD,2025-10-21 07:23:54,2025-10-21 07:38:54,0.6497,0.64961,1,-1.0,USD,,,,,,,,,,,,,,,,,,,,,,,,,,,,,,,,,,,,,,,
call,ea0f1816-9fff-4fd7-bf40-95d99ebde2cd,S900,AUD/USD,2025-10-21 07:25:24,2025-10-21 07:40:24,0.64975,0.64966,1,-1.0,USD,,,,,,,,,,,,,,,,,,,,,,,,,,,,,,,,,,,,,,,
call,7f5a98ba-c2cd-4335-b1c8-117de6946e93,S900,AUD/USD,2025-10-21 07:26:53,2025-10-21 07:41:53,0.64966,0.64971,1,0.78,USD,,,,,,,,,,,,,,,,,,,,,,,,,,,,,,,,,,,,,,,
call,b321fe26-f448-4303-9f4e-bcbbe5844897,S900,AUD/CAD,2025-10-21 07:28:14,2025-10-21 07:43:14,0.9129,0.91313,1,0.78,USD,,,,,,,,,,,,,,,,,,,,,,,,,,,,,,,,,,,,,,,
call,2d6d2875-1071-41a0-9f9c-beaf8df267a3,S900,AUD/USD,2025-10-21 07:28:22,2025-10-21 07:43:22,0.64962,0.64976,1,0.78,USD,,,,,,,,,,,,,,,,,,,,,,,,,,,,,,,,,,,,,,,
call,2cafa97e-072a-4a6f-80cb-9a2f005eb634,S900,AUD/CAD,2025-10-21 07:29:50,2025-10-21 07:44:50,0.91304,0.91289,1,-1.0,USD,,,,,,,,,,,,,,,,,,,,,,,,,,,,,,,,,,,,,,,
call,f57ea636-22c3-4a53-adf6-1591bafa070f,S900,AUD/USD,2025-10-21 07:29:55,2025-10-21 07:44:55,0.64977,0.64957,1,-1.0,USD,,,,,,,,,,,,,,,,,,,,,,,,,,,,,,,,,,,,,,,
call,fb4dcbc7-6f89-4e96-aa16-2f5991e37c49,S900,EUR/CAD,2025-10-21 07:30:06,2025-10-21 07:45:06,1.63425,1.63408,1,-1.0,USD,,,,,,,,,,,,,,,,,,,,,,,,,,,,,,,,,,,,,,,
call,6e8dd39f-0fbe-48fc-9122-0456723ae476,S900,AUD/USD,2025-10-21 07:31:31,2025-10-21 07:46:31,0.64983,0.64936,1,-1.0,USD,,,,,,,,,,,,,,,,,,,,,,,,,,,,,,,,,,,,,,,
call,2c2edb56-e530-4146-8246-c9f44d1f9f42,S900,AUD/USD,2025-10-21 07:33:02,2025-10-21 07:48:02,0.64986,0.64938,1,-1.0,USD,,,,,,,,,,,,,,,,,,,,,,,,,,,,,,,,,,,,,,,
call,4ca52f9a-78a9-48a4-9b3d-f927c962bec8,S900,EUR/CAD,2025-10-21 07:33:10,2025-10-21 07:48:10,1.63431,1.6343,1,-1.0,USD,,,,,,,,,,,,,,,,,,,,,,,,,,,,,,,,,,,,,,,
call,afe658d1-3554-4d20-a4fd-28c374e5fbfa,S900,AUD/USD,2025-10-21 07:34:32,2025-10-21 07:49:32,0.64985,0.64934,1,-1.0,USD,,,,,,,,,,,,,,,,,,,,,,,,,,,,,,,,,,,,,,,
call,722ea3f3-e42e-4685-a894-acac2c47ee2e,S900,EUR/CAD,2025-10-21 07:34:43,2025-10-21 07:49:43,1.63427,1.63421,1,-1.0,USD,,,,,,,,,,,,,,,,,,,,,,,,,,,,,,,,,,,,,,,
call,9fe77793-eb5e-431f-97dc-404e8ad2aa0c,S900,AUD/USD,2025-10-21 07:36:09,2025-10-21 07:51:09,0.64985,0.64985,1,0.0,USD,,,,,,,,,,,,,,,,,,,,,,,,,,,,,,,,,,,,,,,
call,0995aa5d-3f64-4cb9-ac41-48691b15fb7b,S900,EUR/CAD,2025-10-21 07:36:16,2025-10-21 07:51:16,1.63428,1.63416,1,-1.0,USD,,,,,,,,,,,,,,,,,,,,,,,,,,,,,,,,,,,,,,,
call,cc801e17-a6b5-4116-a1b3-9558be34e325,S900,AUD/USD,2025-10-21 07:37:42,2025-10-21 07:52:42,0.64986,0.64924,1,-1.0,USD,,,,,,,,,,,,,,,,,,,,,,,,,,,,,,,,,,,,,,,
call,aebd3787-3353-4a3c-9437-dfaa78511f26,S780,EUR/CAD,2025-10-21 07:37:49,2025-10-21 07:50:49,1.63426,1.63419,1,-1.0,USD,,,,,,,,,,,,,,,,,,,,,,,,,,,,,,,,,,,,,,,
call,8f7da764-c8ba-457e-9b53-344c7f4b8561,S780,AUD/USD,2025-10-21 07:39:15,2025-10-21 07:52:15,0.64957,0.64918,1,-1.0,USD,,,,,,,,,,,,,,,,,,,,,,,,,,,,,,,,,,,,,,,
call,48b347e1-e46b-43e6-8e2e-73221510e378,S780,EUR/CAD,2025-10-21 07:39:22,2025-10-21 07:52:22,1.63416,1.63427,1,0.78,USD,,,,,,,,,,,,,,,,,,,,,,,,,,,,,,,,,,,,,,,
call,4a64add7-a2e0-4e5b-905f-be2e486b0c9d,S780,AUD/USD,2025-10-21 07:40:51,2025-10-21 07:53:51,0.64969,0.64927,1,-1.0,USD,,,,,,,,,,,,,,,,,,,,,,,,,,,,,,,,,,,,,,,
call,d4881e8f-d053-436f-bc41-b21b61797d65,S780,AUD/USD,2025-10-21 07:41:08,2025-10-21 07:54:08,0.64971,0.64935,1,-1.0,USD,,,,,,,,,,,,,,,,,,,,,,,,,,,,,,,,,,,,,,,
call,ed8975f7-94c0-46b9-bfba-484d525ef4e3,S780,EUR/CAD,2025-10-21 07:41:16,2025-10-21 07:54:16,1.63409,1.63423,1,0.78,USD,,,,,,,,,,,,,,,,,,,,,,,,,,,,,,,,,,,,,,,
call,d1b6c055-e65d-4fb7-8b74-f7de68871790,S780,AUD/USD,2025-10-21 07:42:53,2025-10-21 07:55:53,0.64971,0.6491,1,-1.0,USD,,,,,,,,,,,,,,,,,,,,,,,,,,,,,,,,,,,,,,,
call,09ea62be-b277-446d-a9e0-842a8ea98898,S780,GBP/AUD,2025-10-21 07:43:15,2025-10-21 07:56:15,2.05876,2.06047,1,0.64,USD,,,,,,,,,,,,,,,,,,,,,,,,,,,,,,,,,,,,,,,
call,01946f5b-18ca-417b-ae32-ab853309849f,S780,GBP/USD,2025-10-21 07:43:24,2025-10-21 07:56:24,1.3378,1.33754,1,-1.0,USD,,,,,,,,,,,,,,,,,,,,,,,,,,,,,,,,,,,,,,,
call,0a7f80c2-035b-4ff3-958a-167701622a9b,S780,GBP/AUD,2025-10-21 07:44:51,2025-10-21 07:57:51,2.05888,2.06008,1,0.64,USD,,,,,,,,,,,,,,,,,,,,,,,,,,,,,,,,,,,,,,,
call,55907956-1dac-42b9-bf34-bc8208e347b2,S780,AUD/USD,2025-10-21 07:46:10,2025-10-21 07:59:10,0.6494,0.64915,1,-1.0,USD,,,,,,,,,,,,,,,,,,,,,,,,,,,,,,,,,,,,,,,
call,2b0e5d4f-5622-4b9b-8720-6e7a30732cba,S780,EUR/CAD,2025-10-21 07:46:18,2025-10-21 07:59:18,1.63407,1.63405,1,-1.0,USD,,,,,,,,,,,,,,,,,,,,,,,,,,,,,,,,,,,,,,,
call,f99409c8-6d90-4f1d-b119-dc0eb685a25f,S780,GBP/USD,2025-10-21 07:46:39,2025-10-21 07:59:39,1.33744,1.33746,1,0.74,USD,,,,,,,,,,,,,,,,,,,,,,,,,,,,,,,,,,,,,,,
call,7e8330a1-ad47-44c8-830d-ec94e39b9e8d,S780,AUD/CAD,2025-10-21 07:49:22,2025-10-21 08:02:22,0.91264,0.91238,1,-1.0,USD,,,,,,,,,,,,,,,,,,,,,,,,,,,,,,,,,,,,,,,
call,0bd9bdb9-6a4c-41a0-a6ce-4d4b4de23a0f,S780,AUD/USD,2025-10-21 07:49:34,2025-10-21 08:02:34,0.64933,0.64902,1,-1.0,USD,,,,,,,,,,,,,,,,,,,,,,,,,,,,,,,,,,,,,,,
call,623fc945-27cb-4103-9b2a-f881bf20fa7b,S780,AUD/USD,2025-10-21 07:51:18,2025-10-21 08:04:18,0.64924,0.64871,1,-1.0,USD,,,,,,,,,,,,,,,,,,,,,,,,,,,,,,,,,,,,,,,
call,4b80e470-76c9-4474-8f5e-bccad15bf2ea,S780,GBP/USD,2025-10-21 07:51:49,2025-10-21 08:04:49,1.3374,1.33749,1,0.75,USD,,,,,,,,,,,,,,,,,,,,,,,,,,,,,,,,,,,,,,,
call,f3657f49-4738-43fc-bec2-39bc83318451,S780,AUD/USD,2025-10-21 07:52:08,2025-10-21 08:05:08,0.6492,0.64873,1,-1.0,USD,,,,,,,,,,,,,,,,,,,,,,,,,,,,,,,,,,,,,,,
call,5582c56d-1247-4597-8875-882310625fab,S780,GBP/USD,2025-10-21 07:52:33,2025-10-21 08:05:33,1.33755,1.33747,1,-1.0,USD,,,,,,,,,,,,,,,,,,,,,,,,,,,,,,,,,,,,,,,
call,17ace050-b44d-4c8c-8b34-45e6e679292b,S780,AUD/USD,2025-10-21 07:53:52,2025-10-21 08:06:52,0.64927,0.64877,1,-1.0,USD,,,,,,,,,,,,,,,,,,,,,,,,,,,,,,,,,,,,,,,
call,a811c381-e076-4e8f-aa68-82b7bf82800a,S780,GBP/USD,2025-10-21 07:57:48,2025-10-21 08:10:48,1.33753,1.33798,1,0.74,USD,,,,,,,,,,,,,,,,,,,,,,,,,,,,,,,,,,,,,,,
call,833f5ba1-2d70-4985-a2e9-328e1f64e50d,S780,AUD/USD,2025-10-21 07:59:00,2025-10-21 08:12:00,0.64915,0.64877,1,-1.0,USD,,,,,,,,,,,,,,,,,,,,,,,,,,,,,,,,,,,,,,,
call,581637a7-84b0-4fae-878d-a91fd1e3a43e,S780,GBP/JPY,2025-10-21 07:59:31,2025-10-21 08:12:31,202.592,202.748,1,0.78,USD,,,,,,,,,,,,,,,,,,,,,,,,,,,,,,,,,,,,,,,
call,e46c28a6-f12b-47e2-ad67-bb554bdc08ae,S780,AUD/USD,2025-10-21 08:00:45,2025-10-21 08:13:45,0.64916,0.64868,1,-1.0,USD,,,,,,,,,,,,,,,,,,,,,,,,,,,,,,,,,,,,,,,
call,ea4b7857-16cc-4df4-b9da-5b31e1af1c98,S780,AUD/USD,2025-10-21 08:02:24,2025-10-21 08:15:24,0.64906,0.64873,1,-1.0,USD,,,,,,,,,,,,,,,,,,,,,,,,,,,,,,,,,,,,,,,
call,225446f9-a680-41f4-8719-bf8d43f594c5,S780,EUR/GBP,2025-10-21 08:02:41,2025-10-21 08:15:41,0.86898,0.8688,1,-1.0,USD,,,,,,,,,,,,,,,,,,,,,,,,,,,,,,,,,,,,,,,
call,2a096964-8505-4acb-b137-f2dfbe3500d0,S780,AUD/USD,2025-10-21 08:04:08,2025-10-21 08:17:08,0.64872,0.64883,1,0.74,USD,,,,,,,,,,,,,,,,,,,,,,,,,,,,,,,,,,,,,,,
call,dd86302f-54ff-4154-b23f-5ce6a45a4cfa,S780,EUR/GBP,2025-10-21 08:04:18,2025-10-21 08:17:18,0.86893,0.86889,1,-1.0,USD,,,,,,,,,,,,,,,,,,,,,,,,,,,,,,,,,,,,,,,
call,98725f58-71aa-4e62-9fb9-a195d21edcd8,S780,EUR/USD,2025-10-21 08:04:26,2025-10-21 08:17:26,1.16219,1.16227,1,0.66,USD,,,,,,,,,,,,,,,,,,,,,,,,,,,,,,,,,,,,,,,
call,2a5f20a2-beca-4056-bc3e-47b17d74f5f4,S780,AUD/USD,2025-10-21 08:05:47,2025-10-21 08:18:47,0.64877,0.64866,1,-1.0,USD,,,,,,,,,,,,,,,,,,,,,,,,,,,,,,,,,,,,,,,
call,f1eb4b19-ae4a-4d4c-8130-8ad3757dd6f7,S780,EUR/CAD,2025-10-21 08:05:58,2025-10-21 08:18:58,1.63379,1.6337,1,-1.0,USD,,,,,,,,,,,,,,,,,,,,,,,,,,,,,,,,,,,,,,,
call,58d1bb0f-4019-4d2c-8762-ea72bd35ef1f,S780,EUR/GBP,2025-10-21 08:06:03,2025-10-21 08:19:03,0.86887,0.86889,1,0.79,USD,,,,,,,,,,,,,,,,,,,,,,,,,,,,,,,,,,,,,,,
call,2c1be692-d4d0-4d39-8bee-6e20dda3dbd8,S780,EUR/USD,2025-10-21 08:06:08,2025-10-21 08:19:08,1.16215,1.16213,1,-1.0,USD,,,,,,,,,,,,,,,,,,,,,,,,,,,,,,,,,,,,,,,
call,6e408805-7427-410a-a8c3-f51977f8878a,S780,AUD/CHF,2025-10-21 08:07:23,2025-10-21 08:20:23,0.51473,0.51469,1,-1.0,USD,,,,,,,,,,,,,,,,,,,,,,,,,,,,,,,,,,,,,,,
call,ec36e7d3-bf7e-44e6-8ce1-dabfea6b54ba,S780,AUD/USD,2025-10-21 08:07:31,2025-10-21 08:20:31,0.64859,0.64867,1,0.74,USD,,,,,,,,,,,,,,,,,,,,,,,,,,,,,,,,,,,,,,,
call,5c374fca-41ee-4db8-a0e7-601ff3042fe9,S780,EUR/CAD,2025-10-21 08:07:39,2025-10-21 08:20:39,1.63347,1.63374,1,0.64,USD,,,,,,,,,,,,,,,,,,,,,,,,,,,,,,,,,,,,,,,
call,6c673f6e-70ee-40ea-ab27-635fd8979fdc,S780,EUR/GBP,2025-10-21 08:07:43,2025-10-21 08:20:43,0.86874,0.86884,1,0.79,USD,,,,,,,,,,,,,,,,,,,,,,,,,,,,,,,,,,,,,,,
call,146ebb69-b7fa-40fa-adde-aa669960e783,S780,EUR/USD,2025-10-21 08:07:49,2025-10-21 08:20:49,1.16201,1.16227,1,0.81,USD,,,,,,,,,,,,,,,,,,,,,,,,,,,,,,,,,,,,,,,
call,37b3d98f-f8a1-453a-ae89-1e392526d57d,S780,AUD/USD,2025-10-21 08:09:11,2025-10-21 08:22:11,0.64879,0.64887,1,0.74,USD,,,,,,,,,,,,,,,,,,,,,,,,,,,,,,,,,,,,,,,
call,41cc9c48-2e10-4c27-b25c-191b8dca26e3,S780,EUR/CAD,2025-10-21 08:09:18,2025-10-21 08:22:18,1.63393,1.63389,1,-1.0,USD,,,,,,,,,,,,,,,,,,,,,,,,,,,,,,,,,,,,,,,
call,36249049-767c-4be3-a258-18a51bdaeac7,S780,AUD/USD,2025-10-21 08:10:52,2025-10-21 08:23:52,0.64876,0.64896,1,0.74,USD,,,,,,,,,,,,,,,,,,,,,,,,,,,,,,,,,,,,,,,
call,b9874112-15e1-465a-9217-3e5c5e09a734,S780,AUD/USD,2025-10-21 08:12:29,2025-10-21 08:25:29,0.64881,0.64891,1,0.74,USD,,,,,,,,,,,,,,,,,,,,,,,,,,,,,,,,,,,,,,,
call,181b5040-4a14-4f44-925c-ff2d0a55f13d,S780,AUD/USD,2025-10-21 08:14:11,2025-10-21 08:27:11,0.64871,0.64886,1,0.74,USD,,,,,,,,,,,,,,,,,,,,,,,,,,,,,,,,,,,,,,,
call,956d9842-4826-4c3d-809c-3fd56f3141cd,S780,EUR/GBP,2025-10-21 08:14:19,2025-10-21 08:27:19,0.86872,0.86901,1,0.79,USD,,,,,,,,,,,,,,,,,,,,,,,,,,,,,,,,,,,,,,,
call,463ab0e0-6ce1-4427-9bff-ce99d5485634,S780,AUD/USD,2025-10-21 08:15:48,2025-10-21 08:28:48,0.64881,0.64893,1,0.74,USD,,,,,,,,,,,,,,,,,,,,,,,,,,,,,,,,,,,,,,,
call,1a2d9354-0cdf-4cf8-9400-6f048f42cab5,S780,EUR/CAD,2025-10-21 08:15:59,2025-10-21 08:28:59,1.63361,1.63434,1,0.62,USD,,,,,,,,,,,,,,,,,,,,,,,,,,,,,,,,,,,,,,,
call,667584a3-b2e9-42b4-881f-f906440a35b3,S780,AUD/USD,2025-10-21 08:17:28,2025-10-21 08:30:28,0.64886,0.64897,1,0.74,USD,,,,,,,,,,,,,,,,,,,,,,,,,,,,,,,,,,,,,,,
call,5503214f-674d-4f88-85a9-ea33be4c1ce3,S780,EUR/CAD,2025-10-21 08:17:36,2025-10-21 08:30:36,1.63369,1.63438,1,0.62,USD,,,,,,,,,,,,,,,,,,,,,,,,,,,,,,,,,,,,,,,
call,2aa30272-b080-4bda-98f0-d9278273c8f7,S780,USD/CAD,2025-10-21 08:17:53,2025-10-21 08:30:53,1.40568,1.40594,1,0.92,USD,,,,,,,,,,,,,,,,,,,,,,,,,,,,,,,,,,,,,,,
call,925a9e6b-e762-470c-b434-ef34ecb82860,S780,USD/CAD,2025-10-21 08:19:26,2025-10-21 08:32:26,1.40585,1.40585,1,0.0,USD,,,,,,,,,,,,,,,,,,,,,,,,,,,,,,,,,,,,,,,
call,b31ca9cf-4cb7-4d8b-b7f4-3e83739b05b2,S780,EUR/USD,2025-10-21 08:33:24,2025-10-21 08:46:24,1.16246,1.16296,1,0.84,USD,,,,,,,,,,,,,,,,,,,,,,,,,,,,,,,,,,,,,,,
call,3d74c09b-4127-4036-a4c3-3408790f3815,S780,EUR/USD,2025-10-21 08:35:01,2025-10-21 08:48:01,1.16243,1.16304,1,0.84,USD,,,,,,,,,,,,,,,,,,,,,,,,,,,,,,,,,,,,,,,
call,8ec70e6a-043d-4cb0-9d77-07f7d9adefc1,S780,CAD/JPY,2025-10-21 08:36:21,2025-10-21 08:49:21,107.744,107.655,1,-1.0,USD,,,,,,,,,,,,,,,,,,,,,,,,,,,,,,,,,,,,,,,
call,28f454af-0e77-4f6e-a9cb-c1e128782970,S780,EUR/USD,2025-10-21 08:36:35,2025-10-21 08:49:35,1.16253,1.16305,1,0.84,USD,,,,,,,,,,,,,,,,,,,,,,,,,,,,,,,,,,,,,,,
call,059945db-8e78-4c7a-80d4-cff0ab1d28a9,S780,CAD/JPY,2025-10-21 08:38:00,2025-10-21 08:51:00,107.714,107.667,1,-1.0,USD,,,,,,,,,,,,,,,,,,,,,,,,,,,,,,,,,,,,,,,
call,a2344452-fa38-474c-bc96-571b8a2d7fce,S780,CHF/JPY,2025-10-21 08:38:05,2025-10-21 08:51:05,190.993,191.01,1,0.86,USD,,,,,,,,,,,,,,,,,,,,,,,,,,,,,,,,,,,,,,,
call,44871029-beb1-446c-b0aa-b83eaf851be8,S780,EUR/JPY,2025-10-21 08:38:10,2025-10-21 08:51:10,176.048,175.991,1,-1.0,USD,,,,,,,,,,,,,,,,,,,,,,,,,,,,,,,,,,,,,,,
call,186c36e8-0cae-4479-b768-5ea074247446,S780,EUR/USD,2025-10-21 08:38:14,2025-10-21 08:51:14,1.16272,1.16302,1,0.84,USD,,,,,,,,,,,,,,,,,,,,,,,,,,,,,,,,,,,,,,,
call,67269cd7-7c53-4fc0-9f1d-65685b28556b,S780,CAD/JPY,2025-10-21 08:39:40,2025-10-21 08:52:40,107.68,107.659,1,-1.0,USD,,,,,,,,,,,,,,,,,,,,,,,,,,,,,,,,,,,,,,,
call,6568393a-0c77-4aa1-ae81-2c9cf572eb0b,S780,CHF/JPY,2025-10-21 08:39:45,2025-10-21 08:52:45,191.002,190.974,1,-1.0,USD,,,,,,,,,,,,,,,,,,,,,,,,,,,,,,,,,,,,,,,
call,9b79f337-0bc3-4225-ab73-ab49cbdad2fc,S780,EUR/JPY,2025-10-21 08:39:53,2025-10-21 08:52:53,175.984,175.997,1,0.86,USD,,,,,,,,,,,,,,,,,,,,,,,,,,,,,,,,,,,,,,,
call,677f57b8-7929-443a-9b39-6adc0cd00e94,S780,EUR/USD,2025-10-21 08:39:57,2025-10-21 08:52:57,1.16264,1.16311,1,0.84,USD,,,,,,,,,,,,,,,,,,,,,,,,,,,,,,,,,,,,,,,
call,3471ad66-e453-4ddc-a132-38380eaa50dc,S780,CAD/JPY,2025-10-21 08:41:23,2025-10-21 08:54:23,107.685,107.674,1,-1.0,USD,,,,,,,,,,,,,,,,,,,,,,,,,,,,,,,,,,,,,,,
call,e22697f6-a2be-4804-82aa-adcbcbfc9537,S780,CHF/JPY,2025-10-21 08:41:28,2025-10-21 08:54:28,191.079,191.011,1,-1.0,USD,,,,,,,,,,,,,,,,,,,,,,,,,,,,,,,,,,,,,,,
call,e378cc71-e560-4afa-ba71-a40c89533e57,S780,EUR/GBP,2025-10-21 08:41:35,2025-10-21 08:54:35,0.86848,0.8687,1,0.79,USD,,,,,,,,,,,,,,,,,,,,,,,,,,,,,,,,,,,,,,,
call,41f4e76b-ec93-4d2d-8ce7-08f3627c4d85,S780,EUR/JPY,2025-10-21 08:41:40,2025-10-21 08:54:40,176.013,176.006,1,-1.0,USD,,,,,,,,,,,,,,,,,,,,,,,,,,,,,,,,,,,,,,,
call,21e31b80-7f3a-45f7-a79e-383e0df6472e,S780,EUR/USD,2025-10-21 08:41:44,2025-10-21 08:54:44,1.16281,1.16318,1,0.84,USD,,,,,,,,,,,,,,,,,,,,,,,,,,,,,,,,,,,,,,,
call,d07cc12c-c4bc-40ac-bab0-0f43009a21c2,S780,CAD/JPY,2025-10-21 08:43:07,2025-10-21 08:56:07,107.651,107.633,1,-1.0,USD,,,,,,,,,,,,,,,,,,,,,,,,,,,,,,,,,,,,,,,
call,798bd4cf-6a39-4f43-b289-be99214f207c,S780,EUR/GBP,2025-10-21 08:43:14,2025-10-21 08:56:14,0.86857,0.86878,1,0.79,USD,,,,,,,,,,,,,,,,,,,,,,,,,,,,,,,,,,,,,,,
call,aaa9507f-c2f1-4246-9592-4e7cdb7d6424,S780,EUR/USD,2025-10-21 08:43:22,2025-10-21 08:56:22,1.16286,1.16332,1,0.84,USD,,,,,,,,,,,,,,,,,,,,,,,,,,,,,,,,,,,,,,,
call,39731b6c-10ba-4e4a-b514-0d791533557b,S780,CAD/JPY,2025-10-21 08:46:29,2025-10-21 08:59:29,107.598,107.624,1,0.92,USD,,,,,,,,,,,,,,,,,,,,,,,,,,,,,,,,,,,,,,,
call,4aee5d9e-9d05-4ead-8f23-d050797e5b21,S780,CAD/JPY,2025-10-21 08:48:06,2025-10-21 09:01:06,107.632,107.546,1,-1.0,USD,,,,,,,,,,,,,,,,,,,,,,,,,,,,,,,,,,,,,,,
call,96df1821-9e35-4557-90d9-50f2742b2024,S780,CAD/JPY,2025-10-21 08:49:46,2025-10-21 09:02:46,107.662,107.558,1,-1.0,USD,,,,,,,,,,,,,,,,,,,,,,,,,,,,,,,,,,,,,,,
call,e99e6a6f-96e4-49d6-befd-1bfc1dea3fd8,S780,CHF/JPY,2025-10-21 08:49:51,2025-10-21 09:02:51,190.984,190.875,1,-1.0,USD,,,,,,,,,,,,,,,,,,,,,,,,,,,,,,,,,,,,,,,
call,6f5d0701-6696-48fa-8206-381435848450,S780,CAD/JPY,2025-10-21 08:51:24,2025-10-21 09:04:24,107.661,107.53,1,-1.0,USD,,,,,,,,,,,,,,,,,,,,,,,,,,,,,,,,,,,,,,,
call,69b81c89-444e-43fe-928c-deb5187df1f2,S780,CHF/JPY,2025-10-21 08:51:28,2025-10-21 09:04:28,191.004,190.797,1,-1.0,USD,,,,,,,,,,,,,,,,,,,,,,,,,,,,,,,,,,,,,,,
call,9b8e22e8-72bf-4107-ad38-5a20a8936cff,S780,EUR/GBP,2025-10-21 08:51:38,2025-10-21 09:04:38,0.86862,0.86842,1,-1.0,USD,,,,,,,,,,,,,,,,,,,,,,,,,,,,,,,,,,,,,,,
call,b287e81d-89e9-4c89-8adf-e00f079090fe,S780,EUR/JPY,2025-10-21 08:51:43,2025-10-21 09:04:43,175.979,175.844,1,-1.0,USD,,,,,,,,,,,,,,,,,,,,,,,,,,,,,,,,,,,,,,,
call,fe6ea956-6d3b-47bc-bfb0-b91ac35af713,S780,CAD/JPY,2025-10-21 08:53:03,2025-10-21 09:06:03,107.673,107.533,1,-1.0,USD,,,,,,,,,,,,,,,,,,,,,,,,,,,,,,,,,,,,,,,
call,194e0e2d-b872-46f2-9b49-f5e1c0a4d61f,S780,EUR/JPY,2025-10-21 08:53:13,2025-10-21 09:06:13,176.019,175.828,1,-1.0,USD,,,,,,,,,,,,,,,,,,,,,,,,,,,,,,,,,,,,,,,
call,fe1873c0-78f2-4586-adf5-1f84cfe89a05,S780,USD/CAD,2025-10-21 08:54:52,2025-10-21 09:07:52,1.40538,1.40609,1,0.92,USD,,,,,,,,,,,,,,,,,,,,,,,,,,,,,,,,,,,,,,,
call,f1795e32-dab2-475f-ae55-b876e818147a,S780,CHF/JPY,2025-10-21 08:57:36,2025-10-21 09:10:36,190.986,190.692,1,-1.0,USD,,,,,,,,,,,,,,,,,,,,,,,,,,,,,,,,,,,,,,,
call,ecac28dd-7947-4b56-86ad-04b16b89afa3,S780,CHF/JPY,2025-10-21 08:59:04,2025-10-21 09:12:04,190.978,190.725,1,-1.0,USD,,,,,,,,,,,,,,,,,,,,,,,,,,,,,,,,,,,,,,,
call,669d4452-2662-45fe-a6a4-219260ffe1f4,S780,USD/CAD,2025-10-21 08:59:19,2025-10-21 09:12:19,1.40527,1.40588,1,0.92,USD,,,,,,,,,,,,,,,,,,,,,,,,,,,,,,,,,,,,,,,
call,f1fcaf8f-fa81-4d87-99f8-d85e49f5254a,S780,CHF/JPY,2025-10-21 09:00:37,2025-10-21 09:13:37,190.873,190.702,1,-1.0,USD,,,,,,,,,,,,,,,,,,,,,,,,,,,,,,,,,,,,,,,
call,45226c7c-bd72-45b6-ba39-fd86c41fdd81,S780,USD/CAD,2025-10-21 09:00:56,2025-10-21 09:13:56,1.40535,1.40598,1,0.79,USD,,,,,,,,,,,,,,,,,,,,,,,,,,,,,,,,,,,,,,,
call,7462a531-c223-4c2f-ae55-319d3b557547,S780,CHF/JPY,2025-10-21 09:02:10,2025-10-21 09:15:10,190.889,190.651,1,-1.0,USD,,,,,,,,,,,,,,,,,,,,,,,,,,,,,,,,,,,,,,,
call,bff721cb-d78c-4da4-bfea-88b3e3b8150b,S780,USD/JPY,2025-10-21 09:02:28,2025-10-21 09:15:28,151.18,151.121,1,-1.0,USD,,,,,,,,,,,,,,,,,,,,,,,,,,,,,,,,,,,,,,,
call,1f65eaf2-81ca-4103-b9f4-ec30d62502ca,S780,AUD/JPY,2025-10-21 09:03:34,2025-10-21 09:16:34,98.177,98.113,1,-1.0,USD,,,,,,,,,,,,,,,,,,,,,,,,,,,,,,,,,,,,,,,
call,f7545036-aa12-4073-a602-e7f843ba2177,S780,CHF/JPY,2025-10-21 09:03:42,2025-10-21 09:16:42,190.818,190.675,1,-1.0,USD,,,,,,,,,,,,,,,,,,,,,,,,,,,,,,,,,,,,,,,
call,b568a8db-546c-44b2-9896-8fee3986942c,S780,EUR/JPY,2025-10-21 09:03:55,2025-10-21 09:16:55,175.826,175.733,1,-1.0,USD,,,,,,,,,,,,,,,,,,,,,,,,,,,,,,,,,,,,,,,
call,1cb690e9-6f8a-4dbc-8005-7b1c7ac60727,S780,USD/JPY,2025-10-21 09:04:04,2025-10-21 09:17:04,151.16,151.171,1,0.74,USD,,,,,,,,,,,,,,,,,,,,,,,,,,,,,,,,,,,,,,,
call,907ec3a6-c7c2-4d65-ba12-9dedc388ddc8,S780,AUD/JPY,2025-10-21 09:05:11,2025-10-21 09:18:11,98.19,98.122,1,-1.0,USD,,,,,,,,,,,,,,,,,,,,,,,,,,,,,,,,,,,,,,,
call,f46aa4d8-16a0-47c5-aefc-ad451408d254,S780,CHF/JPY,2025-10-21 09:05:19,2025-10-21 09:18:19,190.813,190.703,1,-1.0,USD,,,,,,,,,,,,,,,,,,,,,,,,,,,,,,,,,,,,,,,
call,fabe04d9-7495-4ad9-8d7d-bb86c809957d,S780,EUR/GBP,2025-10-21 09:05:28,2025-10-21 09:18:28,0.86837,0.86869,1,0.79,USD,,,,,,,,,,,,,,,,,,,,,,,,,,,,,,,,,,,,,,,
call,0da42925-2583-48ad-88eb-8268a7165f83,S780,EUR/JPY,2025-10-21 09:05:33,2025-10-21 09:18:33,175.861,175.74,1,-1.0,USD,,,,,,,,,,,,,,,,,,,,,,,,,,,,,,,,,,,,,,,
call,d2893b55-7062-4eea-a20b-e6977171017e,S780,USD/JPY,2025-10-21 09:05:44,2025-10-21 09:18:44,151.159,151.17,1,0.78,USD,,,,,,,,,,,,,,,,,,,,,,,,,,,,,,,,,,,,,,,
call,6a9b0860-7396-4b35-87cb-a7bcac9879a9,S780,AUD/JPY,2025-10-21 09:06:49,2025-10-21 09:19:49,98.161,98.123,1,-1.0,USD,,,,,,,,,,,,,,,,,,,,,,,,,,,,,,,,,,,,,,,
call,6f77ce1f-21bf-4b76-8c82-5d00e14efd75,S780,CHF/JPY,2025-10-21 09:06:54,2025-10-21 09:19:54,190.766,190.676,1,-1.0,USD,,,,,,,,,,,,,,,,,,,,,,,,,,,,,,,,,,,,,,,
call,62a55aed-bbe2-4de6-9d1b-0880b9e021ec,S780,EUR/GBP,2025-10-21 09:07:04,2025-10-21 09:20:04,0.86839,0.86859,1,0.79,USD,,,,,,,,,,,,,,,,,,,,,,,,,,,,,,,,,,,,,,,
call,6e587f71-2be5-4ce1-8479-65f68bd3dd68,S780,AUD/JPY,2025-10-21 09:08:23,2025-10-21 09:21:23,98.148,98.16,1,0.65,USD,,,,,,,,,,,,,,,,,,,,,,,,,,,,,,,,,,,,,,,
call,92bacaf9-1bd4-413b-9299-f05009864fad,S780,AUD/JPY,2025-10-21 09:11:29,2025-10-21 09:24:29,98.107,98.122,1,0.78,USD,,,,,,,,,,,,,,,,,,,,,,,,,,,,,,,,,,,,,,,
call,4afa0401-faab-4f81-8442-81c88f86b49a,S780,AUD/JPY,2025-10-21 09:13:05,2025-10-21 09:26:05,98.093,98.11,1,0.78,USD,,,,,,,,,,,,,,,,,,,,,,,,,,,,,,,,,,,,,,,
call,1126dff4-8b0a-42a5-8779-ea29915e1989,S780,CHF/JPY,2025-10-21 09:13:09,2025-10-21 09:26:09,190.718,190.664,1,-1.0,USD,,,,,,,,,,,,,,,,,,,,,,,,,,,,,,,,,,,,,,,
call,1f863a6a-b753-4bd5-952d-1353a3bc7d33,S780,AUD/JPY,2025-10-21 09:14:38,2025-10-21 09:27:38,98.081,98.094,1,0.78,USD,,,,,,,,,,,,,,,,,,,,,,,,,,,,,,,,,,,,,,,
call,de822f56-729c-426d-b3c6-391af921b0fa,S780,CHF/JPY,2025-10-21 09:14:42,2025-10-21 09:27:42,190.659,190.643,1,-1.0,USD,,,,,,,,,,,,,,,,,,,,,,,,,,,,,,,,,,,,,,,
call,6ce6d7d0-431f-495e-89e9-ffa743494a35,S780,AUD/JPY,2025-10-21 09:16:10,2025-10-21 09:29:10,98.088,98.109,1,0.78,USD,,,,,,,,,,,,,,,,,,,,,,,,,,,,,,,,,,,,,,,
call,c661e673-d3d9-4c37-ab99-5624347a96a5,S780,CHF/JPY,2025-10-21 09:16:17,2025-10-21 09:29:17,190.627,190.669,1,0.92,USD,,,,,,,,,,,,,,,,,,,,,,,,,,,,,,,,,,,,,,,
call,8e1cec20-83eb-4d76-8c15-284183f0575f,S780,AUD/JPY,2025-10-21 09:17:45,2025-10-21 09:30:45,98.121,98.106,1,-1.0,USD,,,,,,,,,,,,,,,,,,,,,,,,,,,,,,,,,,,,,,,
call,e30224ec-8f95-4f71-a754-919e04e7c352,S780,CHF/JPY,2025-10-21 09:17:50,2025-10-21 09:30:50,190.692,190.654,1,-1.0,USD,,,,,,,,,,,,,,,,,,,,,,,,,,,,,,,,,,,,,,,
call,dab96ddc-6685-405b-82b8-98c3d49c77ea,S780,EUR/CAD,2025-10-21 09:17:55,2025-10-21 09:30:55,1.63425,1.63488,1,0.89,USD,,,,,,,,,,,,,,,,,,,,,,,,,,,,,,,,,,,,,,,
call,113a9d87-3290-48d0-af6a-72072d1c1a75,S780,EUR/GBP,2025-10-21 09:17:59,2025-10-21 09:30:59,0.86862,0.86857,1,-1.0,USD,,,,,,,,,,,,,,,,,,,,,,,,,,,,,,,,,,,,,,,
call,63693cc3-e30e-4140-8fb0-c2cd2dad1ab9,S780,AUD/JPY,2025-10-21 09:19:22,2025-10-21 09:32:22,98.126,98.107,1,-1.0,USD,,,,,,,,,,,,,,,,,,,,,,,,,,,,,,,,,,,,,,,
call,581e2891-8009-41db-9fae-55c0f74f41b8,S780,EUR/CAD,2025-10-21 09:19:34,2025-10-21 09:32:34,1.63424,1.63487,1,0.89,USD,,,,,,,,,,,,,,,,,,,,,,,,,,,,,,,,,,,,,,,
call,5eab1f54-927d-475a-b213-131bdd1f7ff7,S780,EUR/USD,2025-10-21 09:19:39,2025-10-21 09:32:39,1.16244,1.16296,1,0.89,USD,,,,,,,,,,,,,,,,,,,,,,,,,,,,,,,,,,,,,,,
call,100f7ed9-8c7a-41c9-ae9a-7b82805aace3,S780,CHF/JPY,2025-10-21 09:21:00,2025-10-21 09:34:00,190.702,190.655,1,-1.0,USD,,,,,,,,,,,,,,,,,,,,,,,,,,,,,,,,,,,,,,,
call,66413eae-e3ee-48d1-bd0a-9e1e867ce678,S780,EUR/CAD,2025-10-21 09:21:05,2025-10-21 09:34:05,1.63422,1.63502,1,0.89,USD,,,,,,,,,,,,,,,,,,,,,,,,,,,,,,,,,,,,,,,
call,4b5cae01-d868-4a76-ab84-46c4953ca6a9,S780,EUR/JPY,2025-10-21 09:21:10,2025-10-21 09:34:10,175.769,175.762,1,-1.0,USD,,,,,,,,,,,,,,,,,,,,,,,,,,,,,,,,,,,,,,,
call,aa11416a-e253-44d5-b3d8-189c7ee3b7fd,S780,EUR/USD,2025-10-21 09:21:14,2025-10-21 09:34:14,1.1626,1.16287,1,0.86,USD,,,,,,,,,,,,,,,,,,,,,,,,,,,,,,,,,,,,,,,
call,be863e82-f7b4-4e7b-88e7-b33647cbdd3e,S780,CHF/JPY,2025-10-21 09:22:32,2025-10-21 09:35:32,190.723,190.699,1,-1.0,USD,,,,,,,,,,,,,,,,,,,,,,,,,,,,,,,,,,,,,,,
call,8a442b6b-2cb6-492e-a860-82e2f6d64460,S780,EUR/CAD,2025-10-21 09:22:37,2025-10-21 09:35:37,1.63429,1.63509,1,0.89,USD,,,,,,,,,,,,,,,,,,,,,,,,,,,,,,,,,,,,,,,
call,79895f4d-c9d2-46f6-8bae-7e94050f8760,S780,EUR/GBP,2025-10-21 09:25:41,2025-10-21 09:38:41,0.86863,0.86875,1,0.78,USD,,,,,,,,,,,,,,,,,,,,,,,,,,,,,,,,,,,,,,,
call,81a89fbd-10cc-4bee-89b3-14ca24898800,S780,EUR/GBP,2025-10-21 09:27:12,2025-10-21 09:40:12,0.86861,0.86873,1,0.78,USD,,,,,,,,,,,,,,,,,,,,,,,,,,,,,,,,,,,,,,,
call,5eea2369-1a6e-4618-96af-0646f1ce38d8,S780,EUR/JPY,2025-10-21 09:27:17,2025-10-21 09:40:17,175.715,175.717,1,0.83,USD,,,,,,,,,,,,,,,,,,,,,,,,,,,,,,,,,,,,,,,
call,68cf96e9-6bb8-4ae8-9c79-48f7540c3822,S780,AUD/JPY,2025-10-21 09:28:33,2025-10-21 09:41:33,98.099,98.039,1,-1.0,USD,,,,,,,,,,,,,,,,,,,,,,,,,,,,,,,,,,,,,,,
call,8ab14545-30d6-461b-b0ec-abb4bea3b2ca,S780,CHF/JPY,2025-10-21 09:28:41,2025-10-21 09:41:41,190.664,190.669,1,0.92,USD,,,,,,,,,,,,,,,,,,,,,,,,,,,,,,,,,,,,,,,
call,e1722686-ce25-493e-8721-1f72ff308904,S780,CHF/JPY,2025-10-21 09:30:07,2025-10-21 09:43:07,190.674,190.647,1,-1.0,USD,,,,,,,,,,,,,,,,,,,,,,,,,,,,,,,,,,,,,,,
call,98922700-f43f-4516-a85a-d7746a4e9642,S780,EUR/JPY,2025-10-21 09:30:15,2025-10-21 09:43:15,175.751,175.728,1,-1.0,USD,,,,,,,,,,,,,,,,,,,,,,,,,,,,,,,,,,,,,,,
call,30168e8c-4e69-4ac7-b2a1-20acf7cd95db,S780,CHF/JPY,2025-10-21 09:31:35,2025-10-21 09:44:35,190.668,190.65,1,-1.0,USD,,,,,,,,,,,,,,,,,,,,,,,,,,,,,,,,,,,,,,,
call,1a26b948-5671-4245-848a-1f43746261ca,S780,EUR/JPY,2025-10-21 09:31:43,2025-10-21 09:44:43,175.774,175.785,1,0.83,USD,,,,,,,,,,,,,,,,,,,,,,,,,,,,,,,,,,,,,,,
call,58ca0627-ee45-4b67-8340-0f789ee5eb12,S780,CHF/JPY,2025-10-21 09:33:04,2025-10-21 09:46:04,190.653,190.652,1,-1.0,USD,,,,,,,,,,,,,,,,,,,,,,,,,,,,,,,,,,,,,,,
call,1406f7c3-f94d-4772-8810-ab724effbbda,S780,AUD/CAD,2025-10-21 09:34:22,2025-10-21 09:47:22,0.9123,0.91179,1,-1.0,USD,,,,,,,,,,,,,,,,,,,,,,,,,,,,,,,,,,,,,,,
call,92d7e3f3-47bd-4374-8604-85b54201943d,S780,AUD/JPY,2025-10-21 09:34:27,2025-10-21 09:47:27,98.077,98.03,1,-1.0,USD,,,,,,,,,,,,,,,,,,,,,,,,,,,,,,,,,,,,,,,
call,d5ad31dc-0e5b-411f-98cd-823ebff635ee,S780,CHF/JPY,2025-10-21 09:34:32,2025-10-21 09:47:32,190.685,190.654,1,-1.0,USD,,,,,,,,,,,,,,,,,,,,,,,,,,,,,,,,,,,,,,,
call,5245aca6-66b0-4ca2-ab4b-327a635a1d50,S780,AUD/CAD,2025-10-21 09:35:52,2025-10-21 09:48:52,0.91226,0.91187,1,-1.0,USD,,,,,,,,,,,,,,,,,,,,,,,,,,,,,,,,,,,,,,,
call,ca778aa5-4a4b-4631-a4fe-f731ea1939f1,S780,AUD/JPY,2025-10-21 09:35:58,2025-10-21 09:48:58,98.089,98.025,1,-1.0,USD,,,,,,,,,,,,,,,,,,,,,,,,,,,,,,,,,,,,,,,
call,2ef6af7a-c77a-4141-864f-99f66bf4f63e,S780,AUD/CAD,2025-10-21 09:37:22,2025-10-21 09:50:22,0.91223,0.91201,1,-1.0,USD,,,,,,,,,,,,,,,,,,,,,,,,,,,,,,,,,,,,,,,
call,3dd84b72-7840-49c2-964b-084fae415e29,S780,AUD/JPY,2025-10-21 09:37:27,2025-10-21 09:50:27,98.087,98.021,1,-1.0,USD,,,,,,,,,,,,,,,,,,,,,,,,,,,,,,,,,,,,,,,
call,2ff2d7b1-db5b-4dc5-9047-79e5d171b066,S780,CHF/JPY,2025-10-21 09:37:35,2025-10-21 09:50:35,190.668,190.6,1,-1.0,USD,,,,,,,,,,,,,,,,,,,,,,,,,,,,,,,,,,,,,,,
call,4235c803-7b8b-42d8-8844-bbf99514d5dc,S780,EUR/JPY,2025-10-21 09:37:39,2025-10-21 09:50:39,175.757,175.695,1,-1.0,USD,,,,,,,,,,,,,,,,,,,,,,,,,,,,,,,,,,,,,,,
call,fc8fe66c-e0ad-4d98-b58e-accb2973cea2,S780,AUD/CAD,2025-10-21 09:38:54,2025-10-21 09:51:54,0.91207,0.91203,1,-1.0,USD,,,,,,,,,,,,,,,,,,,,,,,,,,,,,,,,,,,,,,,
call,88193c16-5ab6-458b-8fdb-fd974f0be3e5,S780,AUD/JPY,2025-10-21 09:38:58,2025-10-21 09:51:58,98.052,98.041,1,-1.0,USD,,,,,,,,,,,,,,,,,,,,,,,,,,,,,,,,,,,,,,,
call,1973b1bc-f697-4067-a674-e8b8a8ca6fcd,S780,AUD/CAD,2025-10-21 09:40:25,2025-10-21 09:53:25,0.91207,0.912,1,-1.0,USD,,,,,,,,,,,,,,,,,,,,,,,,,,,,,,,,,,,,,,,
call,ef403f02-4823-449d-a172-205dec6de012,S780,AUD/JPY,2025-10-21 09:40:31,2025-10-21 09:53:31,98.041,98.028,1,-1.0,USD,,,,,,,,,,,,,,,,,,,,,,,,,,,,,,,,,,,,,,,
call,aa1ea52e-7314-4622-b04a-038441dbed33,S780,AUD/CAD,2025-10-21 09:42:00,2025-10-21 09:55:00,0.91209,0.91205,1,-1.0,USD,,,,,,,,,,,,,,,,,,,,,,,,,,,,,,,,,,,,,,,
call,12ce6422-bb34-4577-85e4-485f0d1e0404,S780,AUD/CHF,2025-10-21 09:42:05,2025-10-21 09:55:05,0.51411,0.5141,1,-1.0,USD,,,,,,,,,,,,,,,,,,,,,,,,,,,,,,,,,,,,,,,
call,b0dbcdf0-61ab-41f5-b430-fe3d59dfc4d3,S780,AUD/CAD,2025-10-21 09:43:33,2025-10-21 09:56:33,0.91205,0.91207,1,0.78,USD,,,,,,,,,,,,,,,,,,,,,,,,,,,,,,,,,,,,,,,
call,f724b9c2-3843-4920-9cf7-e2ab0854f411,S780,AUD/JPY,2025-10-21 09:43:38,2025-10-21 09:56:38,98.047,98.073,1,0.78,USD,,,,,,,,,,,,,,,,,,,,,,,,,,,,,,,,,,,,,,,
call,9bccdc15-9270-450d-9a68-63f5404471d2,S780,AUD/CAD,2025-10-21 09:45:05,2025-10-21 09:58:05,0.9119,0.91213,1,0.78,USD,,,,,,,,,,,,,,,,,,,,,,,,,,,,,,,,,,,,,,,
call,6a60df9e-1b64-4f42-9ac2-08dafaaf1e05,S780,AUD/CHF,2025-10-21 09:45:10,2025-10-21 09:58:10,0.51421,0.51436,1,0.92,USD,,,,,,,,,,,,,,,,,,,,,,,,,,,,,,,,,,,,,,,
call,7046a311-3d21-45c2-a8fc-4d7b79d8616a,S780,AUD/CAD,2025-10-21 09:46:38,2025-10-21 09:59:38,0.9119,0.91197,1,0.78,USD,,,,,,,,,,,,,,,,,,,,,,,,,,,,,,,,,,,,,,,
call,f75118b1-6e71-44fd-952a-b7c77069921f,S780,AUD/CAD,2025-10-21 09:48:08,2025-10-21 10:01:08,0.91183,0.91198,1,0.78,USD,,,,,,,,,,,,,,,,,,,,,,,,,,,,,,,,,,,,,,,
call,d5518461-19d6-45a3-b76a-641db9f8975a,S780,AUD/JPY,2025-10-21 09:48:12,2025-10-21 10:01:12,98.027,98.051,1,0.77,USD,,,,,,,,,,,,,,,,,,,,,,,,,,,,,,,,,,,,,,,
call,349d67c8-759b-4ee4-86eb-ff7419957b92,S780,CHF/JPY,2025-10-21 09:48:20,2025-10-21 10:01:20,190.635,190.625,1,-1.0,USD,,,,,,,,,,,,,,,,,,,,,,,,,,,,,,,,,,,,,,,
call,910e351c-67d4-426e-ac7c-f3171012d136,S780,AUD/CAD,2025-10-21 09:49:38,2025-10-21 10:02:38,0.91182,0.9117,1,-1.0,USD,,,,,,,,,,,,,,,,,,,,,,,,,,,,,,,,,,,,,,,
call,5498773e-c6d0-43f8-8972-e6154348e219,S780,AUD/JPY,2025-10-21 09:49:43,2025-10-21 10:02:43,98.024,98.015,1,-1.0,USD,,,,,,,,,,,,,,,,,,,,,,,,,,,,,,,,,,,,,,,
call,6e29739c-f2cc-44d3-8d9e-545484a80656,S780,AUD/CAD,2025-10-21 09:51:12,2025-10-21 10:04:12,0.91196,0.9114,1,-1.0,USD,,,,,,,,,,,,,,,,,,,,,,,,,,,,,,,,,,,,,,,
call,e7576a7d-dadf-410e-abce-f9d7e4a51d08,S780,AUD/JPY,2025-10-21 09:51:17,2025-10-21 10:04:17,98.017,98.026,1,0.71,USD,,,,,,,,,,,,,,,,,,,,,,,,,,,,,,,,,,,,,,,
call,3d0b6b3e-948f-41f5-bc62-d5f92e31f383,S780,CHF/JPY,2025-10-21 09:51:21,2025-10-21 10:04:21,190.606,190.675,1,0.92,USD,,,,,,,,,,,,,,,,,,,,,,,,,,,,,,,,,,,,,,,
call,1e1e12a1-e5e3-44a5-beb0-ad1a25915d92,S780,EUR/GBP,2025-10-21 09:51:26,2025-10-21 10:04:26,0.86848,0.86828,1,-1.0,USD,,,,,,,,,,,,,,,,,,,,,,,,,,,,,,,,,,,,,,,
call,87d883a2-7abd-42db-a68f-1999cdf35871,S780,AUD/CAD,2025-10-21 09:52:47,2025-10-21 10:05:47,0.91197,0.91107,1,-1.0,USD,,,,,,,,,,,,,,,,,,,,,,,,,,,,,,,,,,,,,,,
call,3db61be4-021e-4a88-a093-814b1f55747f,S780,CAD/JPY,2025-10-21 09:52:51,2025-10-21 10:05:51,107.483,107.53,1,0.9,USD,,,,,,,,,,,,,,,,,,,,,,,,,,,,,,,,,,,,,,,
call,bf6c2821-6e0f-40ce-bd02-72a9e3f84c29,S780,AUD/CAD,2025-10-21 09:54:19,2025-10-21 10:07:19,0.91201,0.91131,1,-1.0,USD,,,,,,,,,,,,,,,,,,,,,,,,,,,,,,,,,,,,,,,
call,eaa8daf3-b3ff-45b6-86b3-40ecf43dfaa5,S780,AUD/JPY,2025-10-21 09:54:23,2025-10-21 10:07:23,98.036,97.939,1,-1.0,USD,,,,,,,,,,,,,,,,,,,,,,,,,,,,,,,,,,,,,,,
call,90eaa9f9-f2d9-4cb7-8099-8548d1a939e7,S780,AUD/CAD,2025-10-21 09:55:59,2025-10-21 10:08:59,0.91208,0.91151,1,-1.0,USD,,,,,,,,,,,,,,,,,,,,,,,,,,,,,,,,,,,,,,,
call,c4223dd0-6c2f-4f62-abba-d5c13e074b43,S780,CHF/JPY,2025-10-21 09:56:06,2025-10-21 10:09:06,190.685,190.642,1,-1.0,USD,,,,,,,,,,,,,,,,,,,,,,,,,,,,,,,,,,,,,,,
call,6247542d-e54f-441a-b9f8-18cf8cb22f9c,S780,AUD/USD,2025-10-21 09:57:32,2025-10-21 10:10:32,0.64895,0.64825,1,-1.0,USD,,,,,,,,,,,,,,,,,,,,,,,,,,,,,,,,,,,,,,,
call,4c4f2da8-949e-42a7-bd80-b4c24eb8158c,S780,CHF/JPY,2025-10-21 09:57:37,2025-10-21 10:10:37,190.676,190.61,1,-1.0,USD,,,,,,,,,,,,,,,,,,,,,,,,,,,,,,,,,,,,,,,
call,fda98d95-5fa9-4bbc-b45f-d259ae4383ce,S780,AUD/USD,2025-10-21 09:59:04,2025-10-21 10:12:04,0.64876,0.64825,1,-1.0,USD,,,,,,,,,,,,,,,,,,,,,,,,,,,,,,,,,,,,,,,
call,482aaa92-d9a6-439b-91ce-6e2afefc74e5,S780,CHF/JPY,2025-10-21 09:59:09,2025-10-21 10:12:09,190.643,190.611,1,-1.0,USD,,,,,,,,,,,,,,,,,,,,,,,,,,,,,,,,,,,,,,,
call,0b0107e0-8781-4a7c-9b94-5d839297822c,S780,AUD/USD,2025-10-21 10:00:34,2025-10-21 10:13:34,0.64866,0.64795,1,-1.0,USD,,,,,,,,,,,,,,,,,,,,,,,,,,,,,,,,,,,,,,,
call,8468c081-bed0-4544-9787-de880e3c038c,S780,AUD/USD,2025-10-21 10:02:08,2025-10-21 10:15:08,0.64852,0.64791,1,-1.0,USD,,,,,,,,,,,,,,,,,,,,,,,,,,,,,,,,,,,,,,,
call,bc4d409a-b0aa-4ea0-9fc1-c2329dd4ddd2,S780,CHF/JPY,2025-10-21 10:02:13,2025-10-21 10:15:13,190.634,190.574,1,-1.0,USD,,,,,,,,,,,,,,,,,,,,,,,,,,,,,,,,,,,,,,,
call,3fd13226-0d9c-4ddf-812c-14f89b50da06,S780,EUR/AUD,2025-10-21 10:02:18,2025-10-21 10:15:18,1.79213,1.79368,1,0.88,USD,,,,,,,,,,,,,,,,,,,,,,,,,,,,,,,,,,,,,,,
call,2c474f24-9146-4723-9715-6da730bde239,S780,AUD/JPY,2025-10-21 10:03:38,2025-10-21 10:16:38,98.003,97.941,1,-1.0,USD,,,,,,,,,,,,,,,,,,,,,,,,,,,,,,,,,,,,,,,
call,53b4a33e-2d98-461b-ad47-4f361b3d7b4b,S780,AUD/USD,2025-10-21 10:03:43,2025-10-21 10:16:43,0.64816,0.64789,1,-1.0,USD,,,,,,,,,,,,,,,,,,,,,,,,,,,,,,,,,,,,,,,
call,fe1e5f0b-3c2a-449c-99d4-01664bab1a1d,S780,AUD/USD,2025-10-21 10:05:14,2025-10-21 10:18:14,0.64801,0.64804,1,0.92,USD,,,,,,,,,,,,,,,,,,,,,,,,,,,,,,,,,,,,,,,
call,0fa5125c-c7fc-4bed-b1c5-c5a918a10e4e,S780,EUR/USD,2025-10-21 10:05:28,2025-10-21 10:18:28,1.16206,1.16205,1,-1.0,USD,,,,,,,,,,,,,,,,,,,,,,,,,,,,,,,,,,,,,,,
call,594156ee-f41c-4c03-8088-ada3998f3383,S780,AUD/JPY,2025-10-21 10:06:42,2025-10-21 10:19:42,97.988,97.958,1,-1.0,USD,,,,,,,,,,,,,,,,,,,,,,,,,,,,,,,,,,,,,,,
call,72f749ee-c70e-43da-8976-91b1e990764f,S780,EUR/USD,2025-10-21 10:06:56,2025-10-21 10:19:56,1.16245,1.16231,1,-1.0,USD,,,,,,,,,,,,,,,,,,,,,,,,,,,,,,,,,,,,,,,
call,5db413a7-f71d-4bf8-baab-94faa20bbc62,S780,AUD/USD,2025-10-21 10:08:11,2025-10-21 10:21:11,0.64822,0.6478,1,-1.0,USD,,,,,,,,,,,,,,,,,,,,,,,,,,,,,,,,,,,,,,,
call,2b1031d6-e189-4958-83d9-c4fa37de8e1d,S780,EUR/USD,2025-10-21 10:08:22,2025-10-21 10:21:22,1.1625,1.16232,1,-1.0,USD,,,,,,,,,,,,,,,,,,,,,,,,,,,,,,,,,,,,,,,
call,9c3fd4ec-020b-4c92-a340-9f73571aa2db,S780,AUD/JPY,2025-10-21 10:09:37,2025-10-21 10:22:37,97.978,97.974,1,-1.0,USD,,,,,,,,,,,,,,,,,,,,,,,,,,,,,,,,,,,,,,,
call,41d5f101-bf87-4fe7-be5b-ed95e4985bb5,S780,AUD/USD,2025-10-21 10:09:41,2025-10-21 10:22:41,0.64828,0.64792,1,-1.0,USD,,,,,,,,,,,,,,,,,,,,,,,,,,,,,,,,,,,,,,,
call,ab5b3e19-5a4d-4224-9bb7-d2fddf67891d,S780,EUR/JPY,2025-10-21 10:09:49,2025-10-21 10:22:49,175.689,175.76,1,0.92,USD,,,,,,,,,,,,,,,,,,,,,,,,,,,,,,,,,,,,,,,
call,bf8fd1c0-130b-451b-a789-0f875a779b51,S780,EUR/USD,2025-10-21 10:09:54,2025-10-21 10:22:54,1.16246,1.16229,1,-1.0,USD,,,,,,,,,,,,,,,,,,,,,,,,,,,,,,,,,,,,,,,
call,38ae6da3-f2ae-4845-82f6-8621d4f542af,S780,AUD/JPY,2025-10-21 10:11:05,2025-10-21 10:24:05,97.969,97.974,1,0.92,USD,,,,,,,,,,,,,,,,,,,,,,,,,,,,,,,,,,,,,,,
call,5a4404f8-a652-4b9f-aa68-5739047d33bd,S780,AUD/USD,2025-10-21 10:11:10,2025-10-21 10:24:10,0.64827,0.64782,1,-1.0,USD,,,,,,,,,,,,,,,,,,,,,,,,,,,,,,,,,,,,,,,
call,845bc7fb-56e9-4dae-9eb2-bd1cdb64a11f,S780,AUD/JPY,2025-10-21 10:12:36,2025-10-21 10:25:36,97.994,98.01,1,0.92,USD,,,,,,,,,,,,,,,,,,,,,,,,,,,,,,,,,,,,,,,
call,a78e063c-d4de-44b4-a170-d4bbb3675353,S780,CAD/JPY,2025-10-21 10:12:40,2025-10-21 10:25:40,107.509,107.575,1,0.92,USD,,,,,,,,,,,,,,,,,,,,,,,,,,,,,,,,,,,,,,,
call,e9c5138b-0061-4fa7-9909-ec43901a80b8,S780,AUD/USD,2025-10-21 10:14:11,2025-10-21 10:27:11,0.6479,0.64787,1,-1.0,USD,,,,,,,,,,,,,,,,,,,,,,,,,,,,,,,,,,,,,,,
call,6440906a-86a2-4e3d-816d-d02de87fb605,S780,AUD/CAD,2025-10-21 10:15:33,2025-10-21 10:28:33,0.91123,0.91096,1,-1.0,USD,,,,,,,,,,,,,,,,,,,,,,,,,,,,,,,,,,,,,,,
call,d2429049-ff5d-4472-b6f4-946c74d2cc28,S780,AUD/USD,2025-10-21 10:15:41,2025-10-21 10:28:41,0.64792,0.64785,1,-1.0,USD,,,,,,,,,,,,,,,,,,,,,,,,,,,,,,,,,,,,,,,
call,14af0910-ff7b-4b9f-a8e4-2cc875cb73ee,S780,EUR/USD,2025-10-21 10:15:52,2025-10-21 10:28:52,1.16218,1.16255,1,0.66,USD,,,,,,,,,,,,,,,,,,,,,,,,,,,,,,,,,,,,,,,
call,fd897a45-7f79-4996-9e67-4beaffb6b98c,S780,AUD/CHF,2025-10-21 10:17:07,2025-10-21 10:30:07,0.51387,0.51385,1,-1.0,USD,,,,,,,,,,,,,,,,,,,,,,,,,,,,,,,,,,,,,,,
call,cd09dafc-2265-444b-a7d2-7e77bbfc5850,S780,AUD/USD,2025-10-21 10:17:12,2025-10-21 10:30:12,0.64791,0.64794,1,0.92,USD,,,,,,,,,,,,,,,,,,,,,,,,,,,,,,,,,,,,,,,
call,deb69896-87c6-4dd2-b20f-ad7ac82b4df2,S780,CAD/JPY,2025-10-21 10:18:41,2025-10-21 10:31:41,107.53,107.651,1,0.83,USD,,,,,,,,,,,,,,,,,,,,,,,,,,,,,,,,,,,,,,,
call,020e1daa-4991-4639-b84e-0f1a9460f708,S780,EUR/JPY,2025-10-21 10:18:52,2025-10-21 10:31:52,175.735,175.983,1,0.92,USD,,,,,,,,,,,,,,,,,,,,,,,,,,,,,,,,,,,,,,,
call,025eafc6-65e8-4db3-80dd-4179ff228fc5,S780,CAD/JPY,2025-10-21 10:20:12,2025-10-21 10:33:12,107.514,107.662,1,0.83,USD,,,,,,,,,,,,,,,,,,,,,,,,,,,,,,,,,,,,,,,
call,ec1fbe76-9841-4909-adce-08b8fc250e0e,S780,EUR/JPY,2025-10-21 10:20:23,2025-10-21 10:33:23,175.726,176.003,1,0.92,USD,,,,,,,,,,,,,,,,,,,,,,,,,,,,,,,,,,,,,,,
call,21409c90-277e-4bc7-ac1f-ddfbb12f0721,S780,CAD/JPY,2025-10-21 10:21:44,2025-10-21 10:34:44,107.519,107.678,1,0.83,USD,,,,,,,,,,,,,,,,,,,,,,,,,,,,,,,,,,,,,,,
call,bead236b-9cf5-4a4a-aa83-0c154ae98dfa,S780,EUR/JPY,2025-10-21 10:21:54,2025-10-21 10:34:54,175.775,176.026,1,0.92,USD,,,,,,,,,,,,,,,,,,,,,,,,,,,,,,,,,,,,,,,
call,746120e9-651e-4589-9807-5c9a9866a6b9,S780,AUD/USD,2025-10-21 10:23:14,2025-10-21 10:36:14,0.64779,0.64819,1,0.92,USD,,,,,,,,,,,,,,,,,,,,,,,,,,,,,,,,,,,,,,,
call,ad46634b-d1d2-428b-b692-f38dc5dc2934,S780,CAD/JPY,2025-10-21 10:23:19,2025-10-21 10:36:19,107.527,107.687,1,0.83,USD,,,,,,,,,,,,,,,,,,,,,,,,,,,,,,,,,,,,,,,
call,15dda513-bc70-4569-bf15-a117d6c91d1f,S780,AUD/USD,2025-10-21 10:24:47,2025-10-21 10:37:47,0.64781,0.64806,1,0.92,USD,,,,,,,,,,,,,,,,,,,,,,,,,,,,,,,,,,,,,,,
call,c34d766a-685f-4972-8218-00a8a923bd08,S780,EUR/USD,2025-10-21 10:24:58,2025-10-21 10:37:58,1.16245,1.16221,1,-1.0,USD,,,,,,,,,,,,,,,,,,,,,,,,,,,,,,,,,,,,,,,
call,e620fc25-d7a2-4dc1-9360-b44f993bea8c,S780,AUD/USD,2025-10-21 10:26:16,2025-10-21 10:39:16,0.64786,0.64827,1,0.92,USD,,,,,,,,,,,,,,,,,,,,,,,,,,,,,,,,,,,,,,,
call,52f14962-26d0-4c08-a5af-c34f487ed1e9,S780,EUR/AUD,2025-10-21 10:29:17,2025-10-21 10:42:17,1.79428,1.79308,1,-1.0,USD,,,,,,,,,,,,,,,,,,,,,,,,,,,,,,,,,,,,,,,
call,b02d89f1-9161-4111-9c87-eebdf0fd0aca,S780,EUR/AUD,2025-10-21 10:30:45,2025-10-21 10:43:45,1.79393,1.79277,1,-1.0,USD,,,,,,,,,,,,,,,,,,,,,,,,,,,,,,,,,,,,,,,
call,6cca2a71-defd-4189-a565-03db18e64293,S780,EUR/AUD,2025-10-21 10:32:16,2025-10-21 10:45:16,1.79351,1.79253,1,-1.0,USD,,,,,,,,,,,,,,,,,,,,,,,,,,,,,,,,,,,,,,,
call,99aa03e9-34c8-44bb-be1a-936631ff63a5,S780,EUR/AUD,2025-10-21 10:33:43,2025-10-21 10:46:43,1.79364,1.79188,1,-1.0,USD,,,,,,,,,,,,,,,,,,,,,,,,,,,,,,,,,,,,,,,
call,ecf34bf5-1d74-445b-a0fe-af4f7b642a7c,S780,EUR/AUD,2025-10-21 10:35:20,2025-10-21 10:48:20,1.79347,1.79158,1,-1.0,USD,,,,,,,,,,,,,,,,,,,,,,,,,,,,,,,,,,,,,,,
call,8cc39ffa-a50e-432a-acc6-d618a5fca6ac,S780,EUR/AUD,2025-10-21 10:36:51,2025-10-21 10:49:51,1.7932,1.79151,1,-1.0,USD,,,,,,,,,,,,,,,,,,,,,,,,,,,,,,,,,,,,,,,
call,4845fdf7-40d9-406d-8bce-893606e3205d,S780,EUR/AUD,2025-10-21 10:38:24,2025-10-21 10:51:24,1.79314,1.79095,1,-1.0,USD,,,,,,,,,,,,,,,,,,,,,,,,,,,,,,,,,,,,,,,
call,18722f46-0802-44c3-93ac-5ab9be9f18b8,S780,EUR/USD,2025-10-21 10:38:32,2025-10-21 10:51:32,1.16227,1.16141,1,-1.0,USD,,,,,,,,,,,,,,,,,,,,,,,,,,,,,,,,,,,,,,,
call,be1f48b6-5791-4571-8d56-5a769d90138a,S780,EUR/AUD,2025-10-21 10:40:02,2025-10-21 10:53:02,1.79302,1.79131,1,-1.0,USD,,,,,,,,,,,,,,,,,,,,,,,,,,,,,,,,,,,,,,,
call,762c4856-3602-4e85-b73f-d467a5b4168f,S780,EUR/USD,2025-10-21 10:40:10,2025-10-21 10:53:10,1.16242,1.1614,1,-1.0,USD,,,,,,,,,,,,,,,,,,,,,,,,,,,,,,,,,,,,,,,
call,40471c0e-d581-4f5f-93aa-44eff8bfc653,S780,EUR/AUD,2025-10-21 10:41:40,2025-10-21 10:54:40,1.79319,1.7911,1,-1.0,USD,,,,,,,,,,,,,,,,,,,,,,,,,,,,,,,,,,,,,,,
call,718ea05f-4875-4ded-98e9-e719708e4eea,S780,EUR/AUD,2025-10-21 10:43:16,2025-10-21 10:56:16,1.79295,1.79136,1,-1.0,USD,,,,,,,,,,,,,,,,,,,,,,,,,,,,,,,,,,,,,,,
call,cf7d2604-6c7b-4d5c-9670-22ab13308326,S780,EUR/USD,2025-10-21 10:43:27,2025-10-21 10:56:27,1.16196,1.16201,1,0.92,USD,,,,,,,,,,,,,,,,,,,,,,,,,,,,,,,,,,,,,,,
call,fa5a47f5-4ceb-4b21-aaf2-a9318ddbec08,S780,EUR/AUD,2025-10-21 10:44:54,2025-10-21 10:57:54,1.79253,1.79175,1,-1.0,USD,,,,,,,,,,,,,,,,,,,,,,,,,,,,,,,,,,,,,,,
call,742edc28-1256-42ab-9aed-495016161d4e,S780,EUR/USD,2025-10-21 10:45:08,2025-10-21 10:58:08,1.16217,1.16205,1,-1.0,USD,,,,,,,,,,,,,,,,,,,,,,,,,,,,,,,,,,,,,,,
call,56a04d7b-252f-40c1-ac6b-08990a021ad9,S780,EUR/AUD,2025-10-21 10:46:39,2025-10-21 10:59:39,1.79195,1.79189,1,-1.0,USD,,,,,,,,,,,,,,,,,,,,,,,,,,,,,,,,,,,,,,,
call,836ac38b-cc70-47bb-ba49-3d909bd918ff,S780,EUR/USD,2025-10-21 10:46:54,2025-10-21 10:59:54,1.16163,1.16213,1,0.92,USD,,,,,,,,,,,,,,,,,,,,,,,,,,,,,,,,,,,,,,,
call,714f47a0-f55b-445f-b540-1a8af6cfb90b,S780,EUR/AUD,2025-10-21 10:48:19,2025-10-21 11:01:19,1.79159,1.79159,1,0.0,USD,,,,,,,,,,,,,,,,,,,,,,,,,,,,,,,,,,,,,,,
call,81f68f5d-9780-4100-9043-7d5c9def8f23,S780,EUR/USD,2025-10-21 10:48:40,2025-10-21 11:01:40,1.16142,1.16204,1,0.92,USD,,,,,,,,,,,,,,,,,,,,,,,,,,,,,,,,,,,,,,,
call,56e44973-370c-48c7-a591-fd60ddbf8acc,S780,EUR/AUD,2025-10-21 10:50:05,2025-10-21 11:03:05,1.79142,1.79127,1,-1.0,USD,,,,,,,,,,,,,,,,,,,,,,,,,,,,,,,,,,,,,,,
call,f44db62d-bd3b-419c-8b3f-a905f513425a,S780,EUR/USD,2025-10-21 10:50:19,2025-10-21 11:03:19,1.16148,1.16204,1,0.92,USD,,,,,,,,,,,,,,,,,,,,,,,,,,,,,,,,,,,,,,,
call,35669fc5-b711-4f88-810b-7abe63d033c5,S780,EUR/AUD,2025-10-21 10:51:45,2025-10-21 11:04:45,1.79084,1.79134,1,0.88,USD,,,,,,,,,,,,,,,,,,,,,,,,,,,,,,,,,,,,,,,
call,a8e5a960-203d-4ebe-b9ed-48ccd19ab90e,S780,EUR/USD,2025-10-21 10:52:00,2025-10-21 11:05:00,1.16137,1.16174,1,0.92,USD,,,,,,,,,,,,,,,,,,,,,,,,,,,,,,,,,,,,,,,
call,32f107ba-8100-437c-a1d0-4f969eaaa66b,S780,EUR/AUD,2025-10-21 10:53:27,2025-10-21 11:06:27,1.79136,1.79152,1,0.88,USD,,,,,,,,,,,,,,,,,,,,,,,,,,,,,,,,,,,,,,,
call,47afa223-467f-4dbc-8213-7717790e5241,S780,EUR/USD,2025-10-21 10:53:36,2025-10-21 11:06:36,1.16145,1.16173,1,0.92,USD,,,,,,,,,,,,,,,,,,,,,,,,,,,,,,,,,,,,,,,
call,4c778268-7883-405f-98be-ad9ca4006201,S780,EUR/AUD,2025-10-21 10:55:01,2025-10-21 11:08:01,1.79113,1.792,1,0.88,USD,,,,,,,,,,,,,,,,,,,,,,,,,,,,,,,,,,,,,,,
call,bf4f6a93-84c9-4c06-b648-9e7368e7a27b,S780,EUR/GBP,2025-10-21 10:55:10,2025-10-21 11:08:10,0.86834,0.86844,1,0.63,USD,,,,,,,,,,,,,,,,,,,,,,,,,,,,,,,,,,,,,,,
call,690f7934-a1f9-40e4-bfbd-fa40529864d6,S780,EUR/USD,2025-10-21 10:55:14,2025-10-21 11:08:14,1.16173,1.16178,1,0.92,USD,,,,,,,,,,,,,,,,,,,,,,,,,,,,,,,,,,,,,,,
call,d4c3a3fc-24b1-4c77-89e5-fb4336bd51c9,S780,EUR/AUD,2025-10-21 10:56:36,2025-10-21 11:09:36,1.79138,1.79215,1,0.88,USD,,,,,,,,,,,,,,,,,,,,,,,,,,,,,,,,,,,,,,,
call,4decb83e-0378-4176-bcbd-50b17f8aade2,S780,EUR/GBP,2025-10-21 10:56:42,2025-10-21 11:09:42,0.86819,0.86837,1,0.68,USD,,,,,,,,,,,,,,,,,,,,,,,,,,,,,,,,,,,,,,,
call,935186a3-3486-4a94-a14c-c422d664edae,S780,EUR/AUD,2025-10-21 10:58:06,2025-10-21 11:11:06,1.7917,1.79244,1,0.88,USD,,,,,,,,,,,,,,,,,,,,,,,,,,,,,,,,,,,,,,,
call,93b74a80-205e-45cd-a0a9-523f0b3415ee,S780,EUR/AUD,2025-10-21 10:59:34,2025-10-21 11:12:34,1.79189,1.79218,1,0.88,USD,,,,,,,,,,,,,,,,,,,,,,,,,,,,,,,,,,,,,,,
call,9d9b9229-1519-4ddc-8eac-259950826e00,S780,EUR/AUD,2025-10-21 11:01:06,2025-10-21 11:14:06,1.79154,1.79209,1,0.78,USD,,,,,,,,,,,,,,,,,,,,,,,,,,,,,,,,,,,,,,,
call,14644bc0-6d84-485e-98a8-4cbaad4af212,S780,GBP/AUD,2025-10-21 11:01:13,2025-10-21 11:14:13,2.0631,2.06364,1,0.92,USD,,,,,,,,,,,,,,,,,,,,,,,,,,,,,,,,,,,,,,,
call,bc176da8-9ba3-45a4-a8bc-0976a89057d6,S780,EUR/AUD,2025-10-21 11:02:31,2025-10-21 11:15:31,1.79154,1.7923,1,0.78,USD,,,,,,,,,,,,,,,,,,,,,,,,,,,,,,,,,,,,,,,
call,2206e937-076f-4854-a2f9-184d0647ca5e,S780,EUR/AUD,2025-10-21 11:04:02,2025-10-21 11:17:02,1.79128,1.79258,1,0.78,USD,,,,,,,,,,,,,,,,,,,,,,,,,,,,,,,,,,,,,,,
call,caf47069-4091-4303-bf1a-fc6a184e37a2,S780,EUR/AUD,2025-10-21 11:05:31,2025-10-21 11:18:31,1.79127,1.79254,1,0.78,USD,,,,,,,,,,,,,,,,,,,,,,,,,,,,,,,,,,,,,,,
call,b0394a31-0cfb-415f-9485-a8581252676c,S780,GBP/CAD,2025-10-21 11:05:41,2025-10-21 11:18:41,1.88065,1.88089,1,0.92,USD,,,,,,,,,,,,,,,,,,,,,,,,,,,,,,,,,,,,,,,
call,58347184-ce7c-4a51-9915-19c985c7bf9b,S780,GBP/CAD,2025-10-21 11:07:05,2025-10-21 11:20:05,1.88041,1.88103,1,0.92,USD,,,,,,,,,,,,,,,,,,,,,,,,,,,,,,,,,,,,,,,
call,23165d32-8642-4471-8fb4-690459f11bb2,S780,GBP/CAD,2025-10-21 11:08:33,2025-10-21 11:21:33,1.88059,1.88094,1,0.92,USD,,,,,,,,,,,,,,,,,,,,,,,,,,,,,,,,,,,,,,,
call,d286304f-1c90-43d6-9964-42a0f3a5e5eb,S780,AUD/CAD,2025-10-21 11:09:47,2025-10-21 11:22:47,0.91123,0.91104,1,-1.0,USD,,,,,,,,,,,,,,,,,,,,,,,,,,,,,,,,,,,,,,,
call,12bb245b-ec47-4d34-9294-dae288a3d0de,S780,GBP/CAD,2025-10-21 11:10:06,2025-10-21 11:23:06,1.88092,1.88083,1,-1.0,USD,,,,,,,,,,,,,,,,,,,,,,,,,,,,,,,,,,,,,,,
call,c09347c2-fd82-4e89-93f4-6faef8d91aa4,S780,AUD/CAD,2025-10-21 11:11:19,2025-10-21 11:24:19,0.91124,0.91115,1,-1.0,USD,,,,,,,,,,,,,,,,,,,,,,,,,,,,,,,,,,,,,,,
call,88986176-c66b-4801-8451-b121760fd111,S780,EUR/USD,2025-10-21 11:11:37,2025-10-21 11:24:37,1.16175,1.16222,1,0.92,USD,,,,,,,,,,,,,,,,,,,,,,,,,,,,,,,,,,,,,,,
call,93fa7660-b088-4918-a3f9-dd453ef50ff3,S780,AUD/CAD,2025-10-21 11:12:51,2025-10-21 11:25:51,0.91119,0.91119,1,0.0,USD,,,,,,,,,,,,,,,,,,,,,,,,,,,,,,,,,,,,,,,
call,11aca15a-73ae-4c49-b36f-9c957118175a,S780,EUR/CAD,2025-10-21 11:13:02,2025-10-21 11:26:02,1.63316,1.63375,1,0.88,USD,,,,,,,,,,,,,,,,,,,,,,,,,,,,,,,,,,,,,,,
call,f87b924d-1b11-46c7-9e12-20425262722f,S780,GBP/CAD,2025-10-21 11:13:11,2025-10-21 11:26:11,1.8806,1.88156,1,0.92,USD,,,,,,,,,,,,,,,,,,,,,,,,,,,,,,,,,,,,,,,
call,ec0e5e24-5b19-4d50-9460-1e75310bdf61,S780,AUD/CAD,2025-10-21 11:14:21,2025-10-21 11:27:21,0.91127,0.9114,1,0.91,USD,,,,,,,,,,,,,,,,,,,,,,,,,,,,,,,,,,,,,,,
call,575dd48f-1390-4507-8809-89fe2b189a21,S780,EUR/CAD,2025-10-21 11:14:32,2025-10-21 11:27:32,1.6334,1.63366,1,0.88,USD,,,,,,,,,,,,,,,,,,,,,,,,,,,,,,,,,,,,,,,
call,56e5e374-756f-430d-8ad7-94c644a5dc98,S780,EUR/USD,2025-10-21 11:14:40,2025-10-21 11:27:40,1.16188,1.16228,1,0.92,USD,,,,,,,,,,,,,,,,,,,,,,,,,,,,,,,,,,,,,,,
call,89cfd50b-8fb9-444d-9059-b097b4d128c8,S780,GBP/CAD,2025-10-21 11:14:44,2025-10-21 11:27:44,1.8806,1.88154,1,0.92,USD,,,,,,,,,,,,,,,,,,,,,,,,,,,,,,,,,,,,,,,
call,2431aef8-3d0b-42f6-a2ea-082ccb82b121,S780,AUD/CAD,2025-10-21 11:15:58,2025-10-21 11:28:58,0.91138,0.91148,1,0.91,USD,,,,,,,,,,,,,,,,,,,,,,,,,,,,,,,,,,,,,,,
call,ae252106-43d2-4e69-a82d-2a73bee1e898,S780,GBP/CAD,2025-10-21 11:16:14,2025-10-21 11:29:14,1.88067,1.8815,1,0.92,USD,,,,,,,,,,,,,,,,,,,,,,,,,,,,,,,,,,,,,,,
call,be246c77-5022-4424-affc-d1c0a98b5200,S780,AUD/CAD,2025-10-21 11:17:25,2025-10-21 11:30:25,0.91122,0.91161,1,0.91,USD,,,,,,,,,,,,,,,,,,,,,,,,,,,,,,,,,,,,,,,
call,9f0d0c8e-9a66-493b-8cfe-ee685bb73592,S780,AUD/CHF,2025-10-21 11:17:30,2025-10-21 11:30:30,0.51456,0.51489,1,0.88,USD,,,,,,,,,,,,,,,,,,,,,,,,,,,,,,,,,,,,,,,
call,93fb4d4a-1404-4888-ae9d-304aac33b7c7,S780,GBP/CAD,2025-10-21 11:17:44,2025-10-21 11:30:44,1.88076,1.88143,1,0.92,USD,,,,,,,,,,,,,,,,,,,,,,,,,,,,,,,,,,,,,,,
call,bd7c6aea-5fd3-42d0-93c9-690d18e1837f,S780,AUD/CAD,2025-10-21 11:18:56,2025-10-21 11:31:56,0.91135,0.91188,1,0.92,USD,,,,,,,,,,,,,,,,,,,,,,,,,,,,,,,,,,,,,,,
call,22eccf35-a153-41e8-b714-a60300acb1dc,S780,AUD/CHF,2025-10-21 11:19:01,2025-10-21 11:32:01,0.51462,0.515,1,0.88,USD,,,,,,,,,,,,,,,,,,,,,,,,,,,,,,,,,,,,,,,
call,8db2dbd5-d709-4992-bca4-05d818e0db38,S780,AUD/CAD,2025-10-21 11:20:22,2025-10-21 11:33:22,0.91142,0.91189,1,0.92,USD,,,,,,,,,,,,,,,,,,,,,,,,,,,,,,,,,,,,,,,
call,b0d80b7a-1ef4-4ead-a6a6-df252d115f46,S780,AUD/CAD,2025-10-21 11:21:55,2025-10-21 11:34:55,0.91101,0.9118,1,0.92,USD,,,,,,,,,,,,,,,,,,,,,,,,,,,,,,,,,,,,,,,
call,b0e21147-e6c3-4164-924e-2e4911976a61,S780,AUD/CAD,2025-10-21 11:23:22,2025-10-21 11:36:22,0.91105,0.91184,1,0.92,USD,,,,,,,,,,,,,,,,,,,,,,,,,,,,,,,,,,,,,,,
call,30854b45-3f5b-42d5-bb0e-5b4d09059c33,S780,USD/CHF,2025-10-21 11:26:42,2025-10-21 11:39:42,0.79376,0.79389,1,0.76,USD,,,,,,,,,,,,,,,,,,,,,,,,,,,,,,,,,,,,,,,
call,6c07a62e-dce8-4531-b3ee-ca07e219f92a,S780,CAD/JPY,2025-10-21 11:27:55,2025-10-21 11:40:55,107.88,107.976,1,0.89,USD,,,,,,,,,,,,,,,,,,,,,,,,,,,,,,,,,,,,,,,
call,5f369436-5994-4d3e-a025-7c6627142735,S780,EUR/GBP,2025-10-21 11:28:03,2025-10-21 11:41:03,0.86822,0.86827,1,0.71,USD,,,,,,,,,,,,,,,,,,,,,,,,,,,,,,,,,,,,,,,
call,a8d3ee8f-31c7-4043-8d0d-5815a49231cb,S780,EUR/JPY,2025-10-21 11:28:08,2025-10-21 11:41:08,176.249,176.392,1,0.91,USD,,,,,,,,,,,,,,,,,,,,,,,,,,,,,,,,,,,,,,,
call,e5473230-2e80-432f-bed9-2a8acc8a727a,S780,USD/JPY,2025-10-21 11:28:21,2025-10-21 11:41:21,151.639,151.747,1,0.92,USD,,,,,,,,,,,,,,,,,,,,,,,,,,,,,,,,,,,,,,,
call,05428a33-aa14-46b7-b45b-b5dca4ee81c6,S780,EUR/AUD,2025-10-21 11:29:36,2025-10-21 11:42:36,1.79202,1.79191,1,-1.0,USD,,,,,,,,,,,,,,,,,,,,,,,,,,,,,,,,,,,,,,,
call,8495b9b0-bc6a-47b1-a78a-87cefb5eb18c,S780,EUR/GBP,2025-10-21 11:29:40,2025-10-21 11:42:40,0.86822,0.86829,1,0.71,USD,,,,,,,,,,,,,,,,,,,,,,,,,,,,,,,,,,,,,,,
call,c5b39d3b-9b06-49ef-b7d5-f95599996711,S780,EUR/JPY,2025-10-21 11:29:45,2025-10-21 11:42:45,176.29,176.391,1,0.91,USD,,,,,,,,,,,,,,,,,,,,,,,,,,,,,,,,,,,,,,,
call,d7dcebe0-a5f9-4889-9355-ea86c472cfe7,S780,USD/CHF,2025-10-21 11:29:58,2025-10-21 11:42:58,0.79382,0.79391,1,0.76,USD,,,,,,,,,,,,,,,,,,,,,,,,,,,,,,,,,,,,,,,
call,994aa2f0-e0c9-4e8d-86e3-6c70a3e611b5,S780,EUR/AUD,2025-10-21 11:31:11,2025-10-21 11:44:11,1.79134,1.7918,1,0.78,USD,,,,,,,,,,,,,,,,,,,,,,,,,,,,,,,,,,,,,,,
call,656bdf31-9a23-4da0-ba8f-e7ec8aa82d0b,S780,USD/CAD,2025-10-21 11:31:24,2025-10-21 11:44:24,1.40554,1.40538,1,-1.0,USD,,,,,,,,,,,,,,,,,,,,,,,,,,,,,,,,,,,,,,,
call,966ffbd5-0129-4c73-8715-840726c3912b,S780,EUR/AUD,2025-10-21 11:32:42,2025-10-21 11:45:42,1.79147,1.79162,1,0.78,USD,,,,,,,,,,,,,,,,,,,,,,,,,,,,,,,,,,,,,,,
call,b2e7f38a-dfce-4005-b610-1df890baf951,S780,EUR/GBP,2025-10-21 11:32:47,2025-10-21 11:45:47,0.8682,0.86842,1,0.6,USD,,,,,,,,,,,,,,,,,,,,,,,,,,,,,,,,,,,,,,,
call,8b370ebe-304b-4ff1-b14c-b17cd0ba6747,S780,USD/CAD,2025-10-21 11:32:59,2025-10-21 11:45:59,1.40548,1.40535,1,-1.0,USD,,,,,,,,,,,,,,,,,,,,,,,,,,,,,,,,,,,,,,,
call,e245e9b1-496a-480f-bd23-12c7462e99ed,S780,EUR/AUD,2025-10-21 11:34:12,2025-10-21 11:47:12,1.79194,1.79153,1,-1.0,USD,,,,,,,,,,,,,,,,,,,,,,,,,,,,,,,,,,,,,,,
call,c982305c-adc4-4938-924a-6f73666fbb3a,S780,USD/CHF,2025-10-21 11:34:34,2025-10-21 11:47:34,0.79375,0.79415,1,0.76,USD,,,,,,,,,,,,,,,,,,,,,,,,,,,,,,,,,,,,,,,
call,c8618bef-c309-4546-9a38-16625ad67da6,S780,USD/CAD,2025-10-21 11:36:10,2025-10-21 11:49:10,1.40535,1.40542,1,0.73,USD,,,,,,,,,,,,,,,,,,,,,,,,,,,,,,,,,,,,,,,
call,820ff32a-f496-40b5-9f94-0f57101c12cf,S780,USD/CHF,2025-10-21 11:36:15,2025-10-21 11:49:15,0.79378,0.79417,1,0.76,USD,,,,,,,,,,,,,,,,,,,,,,,,,,,,,,,,,,,,,,,
call,4d0ad1f3-54c0-441f-bff8-4695c9b5da1b,S780,USD/CAD,2025-10-21 11:37:44,2025-10-21 11:50:44,1.40533,1.40521,1,-1.0,USD,,,,,,,,,,,,,,,,,,,,,,,,,,,,,,,,,,,,,,,
call,93dc8113-da7f-4a67-aa4a-3945c44ebdc0,S780,USD/CHF,2025-10-21 11:37:48,2025-10-21 11:50:48,0.79376,0.79418,1,0.76,USD,,,,,,,,,,,,,,,,,,,,,,,,,,,,,,,,,,,,,,,
call,2d55edab-796e-46f2-9fec-9dbfb1be6974,S780,EUR/CAD,2025-10-21 11:40:46,2025-10-21 11:53:46,1.63351,1.63319,1,-1.0,USD,,,,,,,,,,,,,,,,,,,,,,,,,,,,,,,,,,,,,,,
call,56c98d16-f0d6-4ed4-80e3-47c8b649eee1,S780,EUR/USD,2025-10-21 11:41:00,2025-10-21 11:54:00,1.16242,1.16224,1,-1.0,USD,,,,,,,,,,,,,,,,,,,,,,,,,,,,,,,,,,,,,,,
call,0235c956-d704-4e6a-8648-2fa26ab8c14f,S780,EUR/CAD,2025-10-21 11:42:32,2025-10-21 11:55:32,1.63357,1.63331,1,-1.0,USD,,,,,,,,,,,,,,,,,,,,,,,,,,,,,,,,,,,,,,,
call,dd8e999f-bad1-4df0-ba65-b7eca84f2728,S780,EUR/USD,2025-10-21 11:42:39,2025-10-21 11:55:39,1.16239,1.16227,1,-1.0,USD,,,,,,,,,,,,,,,,,,,,,,,,,,,,,,,,,,,,,,,
call,ab7a094c-2b26-4d7d-bf63-90ae00ecbb25,S780,USD/CAD,2025-10-21 11:42:48,2025-10-21 11:55:48,1.40544,1.4053,1,-1.0,USD,,,,,,,,,,,,,,,,,,,,,,,,,,,,,,,,,,,,,,,
call,f3080d8b-de7f-4c8e-adf7-89012cb6f772,S780,AUD/CAD,2025-10-21 11:43:57,2025-10-21 11:56:57,0.91162,0.91161,1,-1.0,USD,,,,,,,,,,,,,,,,,,,,,,,,,,,,,,,,,,,,,,,
call,3e90c76f-758f-410e-b9f0-3373a79aa257,S780,EUR/CAD,2025-10-21 11:44:14,2025-10-21 11:57:14,1.63353,1.63321,1,-1.0,USD,,,,,,,,,,,,,,,,,,,,,,,,,,,,,,,,,,,,,,,
call,ab734335-6e71-44c2-9c9d-0c693caef80a,S780,EUR/USD,2025-10-21 11:44:23,2025-10-21 11:57:23,1.16239,1.16211,1,-1.0,USD,,,,,,,,,,,,,,,,,,,,,,,,,,,,,,,,,,,,,,,
call,8f763ed1-5013-4544-a194-81d4ac77fbd9,S780,AUD/CAD,2025-10-21 11:45:44,2025-10-21 11:58:44,0.91167,0.91166,1,-1.0,USD,,,,,,,,,,,,,,,,,,,,,,,,,,,,,,,,,,,,,,,
call,fee0188c-74cd-4ba1-a4a7-f5eb89171022,S780,AUD/JPY,2025-10-21 11:45:48,2025-10-21 11:58:48,98.444,98.464,1,0.92,USD,,,,,,,,,,,,,,,,,,,,,,,,,,,,,,,,,,,,,,,
call,912f9d3b-9084-4508-9ef3-c11edf29fe23,S780,CAD/JPY,2025-10-21 11:45:53,2025-10-21 11:58:53,107.976,107.999,1,0.89,USD,,,,,,,,,,,,,,,,,,,,,,,,,,,,,,,,,,,,,,,
call,31ffcb23-9081-4926-8c11-0e7476f2c5d4,S780,CHF/JPY,2025-10-21 11:46:01,2025-10-21 11:59:01,191.113,191.035,1,-1.0,USD,,,,,,,,,,,,,,,,,,,,,,,,,,,,,,,,,,,,,,,
call,141f870f-6472-42ac-b358-4ef528abfe3a,S780,AUD/CAD,2025-10-21 11:47:28,2025-10-21 12:00:28,0.91157,0.91163,1,0.9,USD,,,,,,,,,,,,,,,,,,,,,,,,,,,,,,,,,,,,,,,
call,836374c4-3e65-4930-bb0a-2400b113f6c5,S780,AUD/JPY,2025-10-21 11:47:32,2025-10-21 12:00:32,98.439,98.475,1,0.92,USD,,,,,,,,,,,,,,,,,,,,,,,,,,,,,,,,,,,,,,,
call,a060c649-63af-491a-95b5-fc6e3989b820,S780,CHF/JPY,2025-10-21 11:47:38,2025-10-21 12:00:38,191.093,191.03,1,-1.0,USD,,,,,,,,,,,,,,,,,,,,,,,,,,,,,,,,,,,,,,,
call,99cdb66f-e070-437e-9a23-6fae763b189b,S780,EUR/CAD,2025-10-21 11:47:42,2025-10-21 12:00:42,1.63317,1.63321,1,0.88,USD,,,,,,,,,,,,,,,,,,,,,,,,,,,,,,,,,,,,,,,
call,3e8dc3d2-a696-4324-b419-8014f7918f54,S780,AUD/CAD,2025-10-21 11:49:11,2025-10-21 12:02:11,0.91155,0.91166,1,0.89,USD,,,,,,,,,,,,,,,,,,,,,,,,,,,,,,,,,,,,,,,
call,02dccf49-5f37-44fb-8135-867bf203ca34,S780,AUD/JPY,2025-10-21 11:49:16,2025-10-21 12:02:16,98.43,98.456,1,0.92,USD,,,,,,,,,,,,,,,,,,,,,,,,,,,,,,,,,,,,,,,
call,e0ae5a4b-6d13-4506-91f7-e83cb45ed25c,S780,AUD/CAD,2025-10-21 11:51:14,2025-10-21 12:04:14,0.91149,0.91172,1,0.9,USD,,,,,,,,,,,,,,,,,,,,,,,,,,,,,,,,,,,,,,,
call,1dc11227-d80b-495b-bc06-7da86b7fea68,S780,AUD/JPY,2025-10-21 11:51:19,2025-10-21 12:04:19,98.437,98.453,1,0.92,USD,,,,,,,,,,,,,,,,,,,,,,,,,,,,,,,,,,,,,,,
call,37548d09-b6c9-49aa-b5d0-a8280a10d15b,S900,EUR/CAD,2025-10-21 11:54:59,2025-10-21 12:09:59,1.63325,1.63248,1,-1.0,USD,,,,,,,,,,,,,,,,,,,,,,,,,,,,,,,,,,,,,,,
call,7744cc96-23fc-4c71-b3f7-a63be12be566,S900,EUR/JPY,2025-10-21 11:55:04,2025-10-21 12:10:04,176.377,176.331,1,-1.0,USD,,,,,,,,,,,,,,,,,,,,,,,,,,,,,,,,,,,,,,,
call,bf892a4c-1f89-48f4-82cc-641e08b5e68a,S900,CHF/JPY,2025-10-21 11:56:33,2025-10-21 12:11:33,191.031,191.08,1,0.92,USD,,,,,,,,,,,,,,,,,,,,,,,,,,,,,,,,,,,,,,,
call,e1d5588c-814b-425b-8f01-c8cfe3998c89,S900,EUR/JPY,2025-10-21 11:56:41,2025-10-21 12:11:41,176.369,176.387,1,0.91,USD,,,,,,,,,,,,,,,,,,,,,,,,,,,,,,,,,,,,,,,
call,5483a978-d3d9-4009-aced-00e624ddab84,S900,USD/CAD,2025-10-21 11:56:52,2025-10-21 12:11:52,1.40535,1.40537,1,0.84,USD,,,,,,,,,,,,,,,,,,,,,,,,,,,,,,,,,,,,,,,
call,4bbbfa0d-c8f3-4277-ac74-e6b7543faeba,S900,EUR/CAD,2025-10-21 11:58:10,2025-10-21 12:13:10,1.63311,1.63193,1,-1.0,USD,,,,,,,,,,,,,,,,,,,,,,,,,,,,,,,,,,,,,,,
call,9d838e8a-d3d2-4b38-bda2-3498ec279537,S900,EUR/CAD,2025-10-21 11:59:40,2025-10-21 12:14:40,1.63318,1.63193,1,-1.0,USD,,,,,,,,,,,,,,,,,,,,,,,,,,,,,,,,,,,,,,,
call,c7de1325-c34c-4edf-bbf0-5c6adc124785,S900,EUR/CAD,2025-10-21 12:01:11,2025-10-21 12:16:11,1.63319,1.63198,1,-1.0,USD,,,,,,,,,,,,,,,,,,,,,,,,,,,,,,,,,,,,,,,
call,d6358efc-3ca8-4ba5-a20f-201b612a2508,S900,EUR/GBP,2025-10-21 12:01:15,2025-10-21 12:16:15,0.86822,0.86781,1,-1.0,USD,,,,,,,,,,,,,,,,,,,,,,,,,,,,,,,,,,,,,,,
call,a9850e81-c7fb-46fc-bd92-65ef9a795991,S900,EUR/JPY,2025-10-21 12:01:20,2025-10-21 12:16:20,176.397,176.352,1,-1.0,USD,,,,,,,,,,,,,,,,,,,,,,,,,,,,,,,,,,,,,,,
call,2d04b8eb-3cc7-476c-99b2-69caccde2549,S900,USD/CAD,2025-10-21 12:01:31,2025-10-21 12:16:31,1.40533,1.40554,1,0.83,USD,,,,,,,,,,,,,,,,,,,,,,,,,,,,,,,,,,,,,,,
call,fd555bfe-ebc3-4653-805a-2f32d8eb42a6,S900,CHF/JPY,2025-10-21 12:02:41,2025-10-21 12:17:41,191.075,191.079,1,0.9,USD,,,,,,,,,,,,,,,,,,,,,,,,,,,,,,,,,,,,,,,
call,a4c87a2b-0f68-4cb5-a175-2b3dd3c378cd,S900,USD/CAD,2025-10-21 12:03:02,2025-10-21 12:18:02,1.40536,1.40564,1,0.83,USD,,,,,,,,,,,,,,,,,,,,,,,,,,,,,,,,,,,,,,,
call,9c0146f4-1de0-46c3-9254-743f2d3d46b7,S900,USD/CAD,2025-10-21 12:07:29,2025-10-21 12:22:29,1.40535,1.40549,1,0.83,USD,,,,,,,,,,,,,,,,,,,,,,,,,,,,,,,,,,,,,,,
call,ce06321b-b926-4708-8611-903665ef87ca,S900,GBP/CAD,2025-10-21 12:08:55,2025-10-21 12:23:55,1.88088,1.87909,1,-1.0,USD,,,,,,,,,,,,,,,,,,,,,,,,,,,,,,,,,,,,,,,
call,a0ce59f2-3f27-4f52-af16-a076bbc4d8ce,S900,USD/CAD,2025-10-21 12:09:03,2025-10-21 12:24:03,1.40539,1.40551,1,0.83,USD,,,,,,,,,,,,,,,,,,,,,,,,,,,,,,,,,,,,,,,
call,05ba255e-e689-4f3b-8f27-d45cf1eb01a8,S900,AUD/JPY,2025-10-21 12:10:09,2025-10-21 12:25:09,98.466,98.509,1,0.92,USD,,,,,,,,,,,,,,,,,,,,,,,,,,,,,,,,,,,,,,,
call,c7528546-fb89-4394-9a39-1d59f6decfc6,S900,EUR/CHF,2025-10-21 12:10:17,2025-10-21 12:25:17,0.923,0.92322,1,0.88,USD,,,,,,,,,,,,,,,,,,,,,,,,,,,,,,,,,,,,,,,
call,2da1dae4-597a-44dd-b2d4-8b7c0a2be3a9,S900,GBP/CAD,2025-10-21 12:10:26,2025-10-21 12:25:26,1.88059,1.87928,1,-1.0,USD,,,,,,,,,,,,,,,,,,,,,,,,,,,,,,,,,,,,,,,
call,8e9fa9bb-ae94-44b1-95f2-c15c680eefe3,S900,EUR/AUD,2025-10-21 12:11:48,2025-10-21 12:26:48,1.79047,1.79056,1,0.92,USD,,,,,,,,,,,,,,,,,,,,,,,,,,,,,,,,,,,,,,,
call,72a66044-39ff-4cc3-8f92-69781a610408,S900,EUR/CHF,2025-10-21 12:11:57,2025-10-21 12:26:57,0.92302,0.92327,1,0.88,USD,,,,,,,,,,,,,,,,,,,,,,,,,,,,,,,,,,,,,,,
call,05e0c7da-0d00-4803-8130-d1290da744bd,S900,GBP/CAD,2025-10-21 12:12:06,2025-10-21 12:27:06,1.88061,1.87904,1,-1.0,USD,,,,,,,,,,,,,,,,,,,,,,,,,,,,,,,,,,,,,,,
call,53621479-c88e-4aad-8778-370e8965aae4,S900,USD/CAD,2025-10-21 12:12:12,2025-10-21 12:27:12,1.40538,1.40537,1,-1.0,USD,,,,,,,,,,,,,,,,,,,,,,,,,,,,,,,,,,,,,,,
call,60d703e0-5b8a-4f5f-8001-570e3e105324,S900,EUR/AUD,2025-10-21 12:13:25,2025-10-21 12:28:25,1.79017,1.79028,1,0.92,USD,,,,,,,,,,,,,,,,,,,,,,,,,,,,,,,,,,,,,,,
call,7286a9dc-1784-47ce-91ef-7434b0bacb9c,S900,EUR/CAD,2025-10-21 12:13:30,2025-10-21 12:28:30,1.63191,1.63212,1,0.8,USD,,,,,,,,,,,,,,,,,,,,,,,,,,,,,,,,,,,,,,,
call,b3e19b50-3d24-495a-bb07-dd144a62dad4,S900,EUR/USD,2025-10-21 12:13:40,2025-10-21 12:28:40,1.16132,1.16138,1,0.92,USD,,,,,,,,,,,,,,,,,,,,,,,,,,,,,,,,,,,,,,,
call,83caf277-67fe-473b-9baa-8739b1a95bab,S900,EUR/CAD,2025-10-21 12:15:10,2025-10-21 12:30:10,1.63203,1.63219,1,0.8,USD,,,,,,,,,,,,,,,,,,,,,,,,,,,,,,,,,,,,,,,
call,e339e2f5-497d-4df7-8501-8032c410852a,S900,EUR/CAD,2025-10-21 12:16:44,2025-10-21 12:31:44,1.63189,1.63216,1,0.81,USD,,,,,,,,,,,,,,,,,,,,,,,,,,,,,,,,,,,,,,,
call,85f7d254-a06b-47aa-86e4-0c2b38e35ee1,S900,EUR/CAD,2025-10-21 12:18:12,2025-10-21 12:33:12,1.6317,1.63183,1,0.81,USD,,,,,,,,,,,,,,,,,,,,,,,,,,,,,,,,,,,,,,,
call,377ae6ba-55a2-4c88-9114-8a2133fa30bd,S900,EUR/USD,2025-10-21 12:18:17,2025-10-21 12:33:17,1.16083,1.16122,1,0.92,USD,,,,,,,,,,,,,,,,,,,,,,,,,,,,,,,,,,,,,,,
call,ca4f0653-5a68-410e-ae35-c51349bd1bf9,S900,EUR/CAD,2025-10-21 12:19:42,2025-10-21 12:34:42,1.63164,1.63181,1,0.86,USD,,,,,,,,,,,,,,,,,,,,,,,,,,,,,,,,,,,,,,,
call,0948efd2-cde8-4cdf-9674-ff46ff3c83db,S900,EUR/USD,2025-10-21 12:19:50,2025-10-21 12:34:50,1.16075,1.16122,1,0.92,USD,,,,,,,,,,,,,,,,,,,,,,,,,,,,,,,,,,,,,,,
call,ee0d691d-78a9-4c40-9a27-bdf8d9c0d16e,S900,EUR/USD,2025-10-21 12:21:19,2025-10-21 12:36:19,1.16083,1.16112,1,0.92,USD,,,,,,,,,,,,,,,,,,,,,,,,,,,,,,,,,,,,,,,
call,2a8c5042-fd4b-4a05-8b08-9082a361be74,S900,EUR/USD,2025-10-21 12:22:48,2025-10-21 12:37:48,1.1612,1.16108,1,-1.0,USD,,,,,,,,,,,,,,,,,,,,,,,,,,,,,,,,,,,,,,,
call,6c0bfce0-8fc3-4fc4-bc45-b362b52ed5dc,S780,AUD/CHF,2025-10-21 12:48:27,2025-10-21 13:01:27,0.51558,0.5155,1,-1.0,USD,,,,,,,,,,,,,,,,,,,,,,,,,,,,,,,,,,,,,,,
call,b2082f0f-0290-4327-8416-1619034b72b3,S780,EUR/CHF,2025-10-21 12:48:37,2025-10-21 13:01:37,0.92298,0.92313,1,0.84,USD,,,,,,,,,,,,,,,,,,,,,,,,,,,,,,,,,,,,,,,
call,46ee966c-049a-4942-8612-2c0f8f268058,S780,EUR/JPY,2025-10-21 12:48:42,2025-10-21 13:01:42,176.493,176.482,1,-1.0,USD,,,,,,,,,,,,,,,,,,,,,,,,,,,,,,,,,,,,,,,
call,6ff71b1b-e5df-4a77-a4bb-4376988ff8f8,S780,EUR/USD,2025-10-21 12:48:47,2025-10-21 13:01:47,1.16092,1.16181,1,0.92,USD,,,,,,,,,,,,,,,,,,,,,,,,,,,,,,,,,,,,,,,
call,9d439391-8343-4902-8578-ff5d4836bb51,S780,GBP/CHF,2025-10-21 12:48:52,2025-10-21 13:01:52,1.06326,1.06327,1,0.92,USD,,,,,,,,,,,,,,,,,,,,,,,,,,,,,,,,,,,,,,,
call,5dbdae58-3cf9-4d78-8bb2-cc51026edec3,S780,GBP/USD,2025-10-21 12:48:58,2025-10-21 13:01:58,1.33741,1.33831,1,0.92,USD,,,,,,,,,,,,,,,,,,,,,,,,,,,,,,,,,,,,,,,
call,00913c75-d070-4f8e-bd96-ed16eba50b33,S780,AUD/CHF,2025-10-21 12:50:04,2025-10-21 13:03:04,0.51555,0.51539,1,-1.0,USD,,,,,,,,,,,,,,,,,,,,,,,,,,,,,,,,,,,,,,,
call,8151c150-d7d3-4724-93b9-0506eb0951a5,S780,EUR/GBP,2025-10-21 12:50:15,2025-10-21 13:03:15,0.86808,0.86811,1,0.78,USD,,,,,,,,,,,,,,,,,,,,,,,,,,,,,,,,,,,,,,,
call,19085c33-1d3d-4c15-86e5-3f3a04c8f835,S780,EUR/USD,2025-10-21 12:50:19,2025-10-21 13:03:19,1.16087,1.16195,1,0.92,USD,,,,,,,,,,,,,,,,,,,,,,,,,,,,,,,,,,,,,,,
call,c23f785a-9ad1-42b6-8fe5-ab8e03bf19a7,S780,GBP/CHF,2025-10-21 12:50:24,2025-10-21 13:03:24,1.0632,1.06312,1,-1.0,USD,,,,,,,,,,,,,,,,,,,,,,,,,,,,,,,,,,,,,,,
call,4f3d4912-1023-4744-b2c7-47317ce9b5a0,S780,CAD/CHF,2025-10-21 12:51:40,2025-10-21 13:04:40,0.56569,0.56519,1,-1.0,USD,,,,,,,,,,,,,,,,,,,,,,,,,,,,,,,,,,,,,,,
call,a4f8f6db-6f00-441d-b563-2c8d110bb7b4,S780,GBP/CHF,2025-10-21 12:51:56,2025-10-21 13:04:56,1.06296,1.06302,1,0.92,USD,,,,,,,,,,,,,,,,,,,,,,,,,,,,,,,,,,,,,,,
call,e4cc40b6-6a65-4edd-8fa4-188d18f86979,S780,USD/CHF,2025-10-21 12:52:01,2025-10-21 13:05:01,0.79491,0.79416,1,-1.0,USD,,,,,,,,,,,,,,,,,,,,,,,,,,,,,,,,,,,,,,,
call,3e124b6e-f251-4960-92c5-db16651ff500,S780,CAD/CHF,2025-10-21 12:53:10,2025-10-21 13:06:10,0.56556,0.56529,1,-1.0,USD,,,,,,,,,,,,,,,,,,,,,,,,,,,,,,,,,,,,,,,
call,cf06e8ce-7442-4374-b9af-0c7f160890c4,S780,USD/CHF,2025-10-21 12:53:27,2025-10-21 13:06:27,0.79482,0.79421,1,-1.0,USD,,,,,,,,,,,,,,,,,,,,,,,,,,,,,,,,,,,,,,,
call,3769094f-c810-4694-9c20-c3594c2887c3,S780,CAD/CHF,2025-10-21 12:54:39,2025-10-21 13:07:39,0.56551,0.5654,1,-1.0,USD,,,,,,,,,,,,,,,,,,,,,,,,,,,,,,,,,,,,,,,
call,835fa0ee-9cda-40e2-aaae-54630946d515,S780,AUD/USD,2025-10-21 12:56:09,2025-10-21 13:09:09,0.64877,0.64905,1,0.81,USD,,,,,,,,,,,,,,,,,,,,,,,,,,,,,,,,,,,,,,,
call,0c21fbeb-9795-4f5c-9f1e-0cbf037f1592,S780,EUR/JPY,2025-10-21 12:56:19,2025-10-21 13:09:19,176.461,176.493,1,0.9,USD,,,,,,,,,,,,,,,,,,,,,,,,,,,,,,,,,,,,,,,
call,4d90de35-2bd5-4ccd-9cc5-745470276541,S780,GBP/JPY,2025-10-21 12:56:31,2025-10-21 13:09:31,203.271,203.284,1,0.92,USD,,,,,,,,,,,,,,,,,,,,,,,,,,,,,,,,,,,,,,,
call,646031fa-0d81-47d2-b007-ac1f5797f031,S780,EUR/JPY,2025-10-21 12:57:54,2025-10-21 13:10:54,176.478,176.507,1,0.69,USD,,,,,,,,,,,,,,,,,,,,,,,,,,,,,,,,,,,,,,,
call,56f4c748-2fe3-4287-9e28-0fcd72e63746,S780,AUD/JPY,2025-10-21 13:02:15,2025-10-21 13:15:15,98.542,98.581,1,0.77,USD,,,,,,,,,,,,,,,,,,,,,,,,,,,,,,,,,,,,,,,
call,28b16bf1-a5e4-4d2e-9581-b5a661372d7a,S780,CAD/JPY,2025-10-21 13:02:20,2025-10-21 13:15:20,108.08,108.106,1,0.83,USD,,,,,,,,,,,,,,,,,,,,,,,,,,,,,,,,,,,,,,,
call,2411ce5f-130c-4da5-9a96-56e4dddd82a1,S780,GBP/JPY,2025-10-21 13:02:40,2025-10-21 13:15:40,203.227,203.304,1,0.91,USD,,,,,,,,,,,,,,,,,,,,,,,,,,,,,,,,,,,,,,,
call,b264f7a6-563d-4425-8b97-aba5b3f9f2a7,S780,AUD/JPY,2025-10-21 13:03:53,2025-10-21 13:16:53,98.535,98.587,1,0.82,USD,,,,,,,,,,,,,,,,,,,,,,,,,,,,,,,,,,,,,,,
call,56059c80-d789-4fb8-8976-0aaf897a76e3,S780,CHF/JPY,2025-10-21 13:03:58,2025-10-21 13:16:58,191.144,191.14,1,-1.0,USD,,,,,,,,,,,,,,,,,,,,,,,,,,,,,,,,,,,,,,,
call,7d2954e7-34e0-4020-b1f6-ed6673be9b38,S780,EUR/JPY,2025-10-21 13:04:07,2025-10-21 13:17:07,176.424,176.501,1,0.73,USD,,,,,,,,,,,,,,,,,,,,,,,,,,,,,,,,,,,,,,,
call,23c9a3ed-2d3d-4cc2-a3b1-8610b7ff956c,S780,GBP/JPY,2025-10-21 13:04:17,2025-10-21 13:17:17,203.223,203.34,1,0.91,USD,,,,,,,,,,,,,,,,,,,,,,,,,,,,,,,,,,,,,,,
call,2f46d960-d082-44af-b85f-5118f8c318f6,S780,CHF/JPY,2025-10-21 13:05:34,2025-10-21 13:18:34,191.149,191.161,1,0.84,USD,,,,,,,,,,,,,,,,,,,,,,,,,,,,,,,,,,,,,,,
call,72a33ef8-fb7f-4513-8460-81b070a212b7,S780,EUR/JPY,2025-10-21 13:05:43,2025-10-21 13:18:43,176.434,176.528,1,0.81,USD,,,,,,,,,,,,,,,,,,,,,,,,,,,,,,,,,,,,,,,
call,79ddea85-6cff-4e62-93c1-34cb1d248360,S780,CAD/JPY,2025-10-21 13:07:47,2025-10-21 13:20:47,108.089,108.142,1,0.83,USD,,,,,,,,,,,,,,,,,,,,,,,,,,,,,,,,,,,,,,,
call,59e62d5f-ce74-47e8-aaa9-9872d5e24e77,S780,GBP/JPY,2025-10-21 13:08:01,2025-10-21 13:21:01,203.259,203.379,1,0.91,USD,,,,,,,,,,,,,,,,,,,,,,,,,,,,,,,,,,,,,,,
call,11371472-f66e-4b8e-af8a-b7156138f0fb,S780,USD/CHF,2025-10-21 13:08:06,2025-10-21 13:21:06,0.79434,0.79453,1,0.83,USD,,,,,,,,,,,,,,,,,,,,,,,,,,,,,,,,,,,,,,,
call,da2a86a6-4a16-4972-9240-6f0e2e47e686,S780,CAD/JPY,2025-10-21 13:09:21,2025-10-21 13:22:21,108.101,108.111,1,0.83,USD,,,,,,,,,,,,,,,,,,,,,,,,,,,,,,,,,,,,,,,
call,d5b469f6-d9f3-471a-8a75-4ee9e4044634,S780,GBP/JPY,2025-10-21 13:09:35,2025-10-21 13:22:35,203.281,203.337,1,0.88,USD,,,,,,,,,,,,,,,,,,,,,,,,,,,,,,,,,,,,,,,
call,0eea577d-6992-4070-b152-2b6e99a8138e,S780,USD/CHF,2025-10-21 13:09:43,2025-10-21 13:22:43,0.7944,0.79449,1,0.83,USD,,,,,,,,,,,,,,,,,,,,,,,,,,,,,,,,,,,,,,,
call,05d1785a-a751-4ea0-90cd-9087892b2c43,S780,CAD/JPY,2025-10-21 13:10:55,2025-10-21 13:23:55,108.098,108.117,1,0.83,USD,,,,,,,,,,,,,,,,,,,,,,,,,,,,,,,,,,,,,,,
call,cebeb34c-72b7-4938-b692-6cffd18aa3ae,S780,CAD/JPY,2025-10-21 13:14:05,2025-10-21 13:27:05,108.116,108.141,1,0.83,USD,,,,,,,,,,,,,,,,,,,,,,,,,,,,,,,,,,,,,,,
call,fddf37bd-e6a8-4422-b8e4-c57231bfc420,S780,CHF/JPY,2025-10-21 13:14:10,2025-10-21 13:27:10,191.195,191.206,1,0.92,USD,,,,,,,,,,,,,,,,,,,,,,,,,,,,,,,,,,,,,,,
call,eb8c9063-b11b-4c97-ae65-614196fc3fb5,S780,CAD/JPY,2025-10-21 13:15:45,2025-10-21 13:28:45,108.103,108.149,1,0.83,USD,,,,,,,,,,,,,,,,,,,,,,,,,,,,,,,,,,,,,,,
call,2ef48341-cb89-44e1-b609-cbd0a9268411,S780,CHF/JPY,2025-10-21 13:17:23,2025-10-21 13:30:23,191.141,191.198,1,0.92,USD,,,,,,,,,,,,,,,,,,,,,,,,,,,,,,,,,,,,,,,
call,6d125ecc-c8f6-4a12-80c6-303e1d9552b4,S780,AUD/CAD,2025-10-21 13:18:52,2025-10-21 13:31:52,0.91186,0.9121,1,0.92,USD,,,,,,,,,,,,,,,,,,,,,,,,,,,,,,,,,,,,,,,
call,d4dccf4b-8bf9-426b-9d64-2797db71c338,S780,CHF/JPY,2025-10-21 13:19:04,2025-10-21 13:32:04,191.165,191.218,1,0.92,USD,,,,,,,,,,,,,,,,,,,,,,,,,,,,,,,,,,,,,,,
call,ff8439ae-20d6-4f44-a77d-36638cfb56aa,S780,AUD/CAD,2025-10-21 13:20:36,2025-10-21 13:33:36,0.91175,0.91213,1,0.92,USD,,,,,,,,,,,,,,,,,,,,,,,,,,,,,,,,,,,,,,,
call,64dc84e6-fe01-40a8-84be-7b47a7ae63ac,S780,EUR/CAD,2025-10-21 13:20:47,2025-10-21 13:33:47,1.63239,1.63217,1,-1.0,USD,,,,,,,,,,,,,,,,,,,,,,,,,,,,,,,,,,,,,,,
call,4515591f-b5a5-4230-a31b-11f17d140343,S780,AUD/CAD,2025-10-21 13:22:13,2025-10-21 13:35:13,0.91175,0.91233,1,0.92,USD,,,,,,,,,,,,,,,,,,,,,,,,,,,,,,,,,,,,,,,
call,a22fd49c-44d3-477e-8629-76152b6ab55d,S780,EUR/CAD,2025-10-21 13:22:24,2025-10-21 13:35:24,1.63226,1.63195,1,-1.0,USD,,,,,,,,,,,,,,,,,,,,,,,,,,,,,,,,,,,,,,,
call,d2eb0882-520d-4c3f-81b5-2cef564133a7,S780,EUR/GBP,2025-10-21 13:22:28,2025-10-21 13:35:28,0.86789,0.86802,1,0.87,USD,,,,,,,,,,,,,,,,,,,,,,,,,,,,,,,,,,,,,,,
call,cf1c230f-9ed6-4f68-839a-62b3ab966c90,S780,EUR/AUD,2025-10-21 13:23:59,2025-10-21 13:36:59,1.7895,1.78884,1,-1.0,USD,,,,,,,,,,,,,,,,,,,,,,,,,,,,,,,,,,,,,,,
call,6e038cbb-9127-4b74-8af2-4a8628dbd000,S780,EUR/GBP,2025-10-21 13:24:04,2025-10-21 13:37:04,0.86785,0.86821,1,0.87,USD,,,,,,,,,,,,,,,,,,,,,,,,,,,,,,,,,,,,,,,
call,dedc9823-662d-4057-972e-eb52bdf0875e,S780,EUR/AUD,2025-10-21 13:25:35,2025-10-21 13:38:35,1.78957,1.78906,1,-1.0,USD,,,,,,,,,,,,,,,,,,,,,,,,,,,,,,,,,,,,,,,
call,d8c4fc80-8726-4ad3-aaad-03bfc126516b,S780,EUR/CAD,2025-10-21 13:25:39,2025-10-21 13:38:39,1.63217,1.6323,1,0.92,USD,,,,,,,,,,,,,,,,,,,,,,,,,,,,,,,,,,,,,,,
call,eac9089f-92ff-4429-b51b-9eedb3ce59f5,S780,USD/CHF,2025-10-21 13:25:57,2025-10-21 13:38:57,0.79416,0.79428,1,0.83,USD,,,,,,,,,,,,,,,,,,,,,,,,,,,,,,,,,,,,,,,
call,9f992519-0c18-4dae-bf94-e04803911741,S780,EUR/CAD,2025-10-21 13:27:18,2025-10-21 13:40:18,1.63197,1.63184,1,-1.0,USD,,,,,,,,,,,,,,,,,,,,,,,,,,,,,,,,,,,,,,,
call,43beb16a-18e5-4dde-8816-0379e5ad5bcc,S780,EUR/CHF,2025-10-21 13:27:23,2025-10-21 13:40:23,0.92304,0.92316,1,0.7,USD,,,,,,,,,,,,,,,,,,,,,,,,,,,,,,,,,,,,,,,
call,3f90d236-e884-40b7-94ed-8cc672859dc0,S780,EUR/GBP,2025-10-21 13:27:29,2025-10-21 13:40:29,0.86767,0.86817,1,0.88,USD,,,,,,,,,,,,,,,,,,,,,,,,,,,,,,,,,,,,,,,
call,434c0d1a-524f-48a3-bdc4-619255c2d60b,S780,AUD/CAD,2025-10-21 13:28:45,2025-10-21 13:41:45,0.91206,0.91231,1,0.92,USD,,,,,,,,,,,,,,,,,,,,,,,,,,,,,,,,,,,,,,,
call,f4c3b4d6-9f3a-49fa-ba3e-ef397fa8d8ee,S780,EUR/CAD,2025-10-21 13:28:58,2025-10-21 13:41:58,1.63178,1.63181,1,0.86,USD,,,,,,,,,,,,,,,,,,,,,,,,,,,,,,,,,,,,,,,
call,f5d7a23a-2280-4280-a179-2fae69705347,S780,EUR/CHF,2025-10-21 13:29:03,2025-10-21 13:42:03,0.92296,0.92306,1,0.7,USD,,,,,,,,,,,,,,,,,,,,,,,,,,,,,,,,,,,,,,,
call,7a7b47f1-6b7d-47a1-9d05-ee1e61f3e8fd,S780,EUR/GBP,2025-10-21 13:29:09,2025-10-21 13:42:09,0.86775,0.86816,1,0.88,USD,,,,,,,,,,,,,,,,,,,,,,,,,,,,,,,,,,,,,,,
call,35a7974a-b8ee-4a01-b3fe-2795fbb7d23a,S780,EUR/AUD,2025-10-21 13:30:36,2025-10-21 13:43:36,1.78903,1.78863,1,-1.0,USD,,,,,,,,,,,,,,,,,,,,,,,,,,,,,,,,,,,,,,,
call,f8d885e6-f1e1-43bb-a1eb-dec6b11d686f,S780,AUD/CAD,2025-10-21 13:32:06,2025-10-21 13:45:06,0.91208,0.91227,1,0.92,USD,,,,,,,,,,,,,,,,,,,,,,,,,,,,,,,,,,,,,,,
call,9848ee4c-0531-4324-bda3-6ff038f2f619,S780,EUR/CAD,2025-10-21 13:32:20,2025-10-21 13:45:20,1.63203,1.63181,1,-1.0,USD,,,,,,,,,,,,,,,,,,,,,,,,,,,,,,,,,,,,,,,
call,7bfb4906-e243-4ca4-b826-ee5590e45469,S780,EUR/CHF,2025-10-21 13:34:01,2025-10-21 13:47:01,0.92308,0.92292,1,-1.0,USD,,,,,,,,,,,,,,,,,,,,,,,,,,,,,,,,,,,,,,,
call,d29b4750-e84c-44b4-adc2-d1376808a3f1,S780,GBP/AUD,2025-10-21 13:34:15,2025-10-21 13:47:15,2.06123,2.05917,1,-1.0,USD,,,,,,,,,,,,,,,,,,,,,,,,,,,,,,,,,,,,,,,
call,6d7b09c4-fafb-4069-addf-e65aeacace73,S780,EUR/CHF,2025-10-21 13:35:42,2025-10-21 13:48:42,0.92312,0.92295,1,-1.0,USD,,,,,,,,,,,,,,,,,,,,,,,,,,,,,,,,,,,,,,,
call,fa7b6a83-e867-4dc5-ac2c-e793b3ec7b33,S780,GBP/AUD,2025-10-21 13:35:53,2025-10-21 13:48:53,2.0606,2.05903,1,-1.0,USD,,,,,,,,,,,,,,,,,,,,,,,,,,,,,,,,,,,,,,,
call,71c44c6b-0834-4edb-8f83-cb5e7c4c2374,S780,GBP/CHF,2025-10-21 13:35:58,2025-10-21 13:48:58,1.06333,1.06271,1,-1.0,USD,,,,,,,,,,,,,,,,,,,,,,,,,,,,,,,,,,,,,,,
call,56b784fb-dab6-4dd2-9151-f0ece8255d82,S780,GBP/AUD,2025-10-21 13:37:34,2025-10-21 13:50:34,2.06043,2.05943,1,-1.0,USD,,,,,,,,,,,,,,,,,,,,,,,,,,,,,,,,,,,,,,,
call,022fa6ab-8a86-4f69-8f5f-22e93b20b26c,S780,GBP/CHF,2025-10-21 13:37:38,2025-10-21 13:50:38,1.06326,1.06296,1,-1.0,USD,,,,,,,,,,,,,,,,,,,,,,,,,,,,,,,,,,,,,,,
call,dc27e76c-5839-477d-9a25-ab8d1236c21e,S780,GBP/AUD,2025-10-21 13:39:15,2025-10-21 13:52:15,2.06045,2.05933,1,-1.0,USD,,,,,,,,,,,,,,,,,,,,,,,,,,,,,,,,,,,,,,,
call,82b0d779-ae1d-4cf8-a095-0d2d4b24aa2c,S780,GBP/CAD,2025-10-21 13:39:20,2025-10-21 13:52:20,1.87997,1.87854,1,-1.0,USD,,,,,,,,,,,,,,,,,,,,,,,,,,,,,,,,,,,,,,,
call,297e99ff-7073-443d-9aa9-0d300757b9cd,S780,GBP/USD,2025-10-21 13:39:25,2025-10-21 13:52:25,1.33861,1.33747,1,-1.0,USD,,,,,,,,,,,,,,,,,,,,,,,,,,,,,,,,,,,,,,,
call,7f1379c7-9f9e-4b37-a62d-6b2bc61ef4e7,S780,GBP/AUD,2025-10-21 13:40:54,2025-10-21 13:53:54,2.06018,2.05953,1,-1.0,USD,,,,,,,,,,,,,,,,,,,,,,,,,,,,,,,,,,,,,,,
call,92209115-9808-4a6b-a10d-82fab38d26f9,S780,GBP/CAD,2025-10-21 13:41:01,2025-10-21 13:54:01,1.87961,1.87851,1,-1.0,USD,,,,,,,,,,,,,,,,,,,,,,,,,,,,,,,,,,,,,,,
call,80f92fa0-e033-4975-a923-f8e2a77cf259,S780,GBP/USD,2025-10-21 13:41:05,2025-10-21 13:54:05,1.33827,1.3373,1,-1.0,USD,,,,,,,,,,,,,,,,,,,,,,,,,,,,,,,,,,,,,,,
call,6e0d46f3-73ff-4c91-9a31-29e300620f82,S780,GBP/AUD,2025-10-21 13:42:33,2025-10-21 13:55:33,2.05992,2.05995,1,0.69,USD,,,,,,,,,,,,,,,,,,,,,,,,,,,,,,,,,,,,,,,
call,881242c6-bdf5-498d-9dd3-4a9a6613e14b,S780,GBP/CAD,2025-10-21 13:42:38,2025-10-21 13:55:38,1.87939,1.87896,1,-1.0,USD,,,,,,,,,,,,,,,,,,,,,,,,,,,,,,,,,,,,,,,
call,8ffbdd57-ad9e-4fda-a591-a341af065507,S780,GBP/CHF,2025-10-21 13:42:43,2025-10-21 13:55:43,1.06307,1.06298,1,-1.0,USD,,,,,,,,,,,,,,,,,,,,,,,,,,,,,,,,,,,,,,,
call,0b0a1d4a-540d-4540-bacb-3503d3e90545,S780,GBP/USD,2025-10-21 13:42:52,2025-10-21 13:55:52,1.33804,1.33759,1,-1.0,USD,,,,,,,,,,,,,,,,,,,,,,,,,,,,,,,,,,,,,,,
call,a85ee661-01d7-41f5-9b25-cb52a24a8a48,S780,GBP/AUD,2025-10-21 13:44:18,2025-10-21 13:57:18,2.05996,2.06079,1,0.69,USD,,,,,,,,,,,,,,,,,,,,,,,,,,,,,,,,,,,,,,,
call,8d2502c6-2188-41f4-9c9d-c34a3c722121,S780,GBP/AUD,2025-10-21 13:46:02,2025-10-21 13:59:02,2.0592,2.06101,1,0.62,USD,,,,,,,,,,,,,,,,,,,,,,,,,,,,,,,,,,,,,,,
call,3cab0233-a054-409b-81d8-718210302590,S780,GBP/CAD,2025-10-21 13:46:07,2025-10-21 13:59:07,1.87876,1.87964,1,0.92,USD,,,,,,,,,,,,,,,,,,,,,,,,,,,,,,,,,,,,,,,
call,b82a5147-0be0-4abd-bb4d-c5f76dd0fff2,S780,EUR/CAD,2025-10-21 13:47:37,2025-10-21 14:00:37,1.63155,1.63108,1,-1.0,USD,,,,,,,,,,,,,,,,,,,,,,,,,,,,,,,,,,,,,,,
call,7b619563-1688-46de-8a0d-2cb259d330b2,S780,EUR/USD,2025-10-21 13:47:45,2025-10-21 14:00:45,1.16153,1.16118,1,-1.0,USD,,,,,,,,,,,,,,,,,,,,,,,,,,,,,,,,,,,,,,,
call,5a03b246-635a-44af-9a1a-e36ac08ee2e0,S780,EUR/CAD,2025-10-21 13:49:27,2025-10-21 14:02:27,1.63152,1.63081,1,-1.0,USD,,,,,,,,,,,,,,,,,,,,,,,,,,,,,,,,,,,,,,,
call,2c03b762-fab9-4ca7-8b4e-c2a0f9b936b8,S780,EUR/CHF,2025-10-21 13:49:32,2025-10-21 14:02:32,0.92295,0.9227,1,-1.0,USD,,,,,,,,,,,,,,,,,,,,,,,,,,,,,,,,,,,,,,,
call,7bd862c0-ac64-41a8-aa1f-f650fc48dca2,S780,EUR/USD,2025-10-21 13:49:36,2025-10-21 14:02:36,1.16167,1.16117,1,-1.0,USD,,,,,,,,,,,,,,,,,,,,,,,,,,,,,,,,,,,,,,,
call,48651f0c-f71e-43cf-be59-9efcfe37c505,S780,EUR/CAD,2025-10-21 13:51:23,2025-10-21 14:04:23,1.63151,1.63096,1,-1.0,USD,,,,,,,,,,,,,,,,,,,,,,,,,,,,,,,,,,,,,,,
call,ac65da95-f1fb-4caf-846d-a06a5bde35f4,S780,EUR/CHF,2025-10-21 13:51:28,2025-10-21 14:04:28,0.92309,0.92282,1,-1.0,USD,,,,,,,,,,,,,,,,,,,,,,,,,,,,,,,,,,,,,,,
call,b874f5ed-8823-4bc0-a616-e0fef9aea890,S780,CHF/JPY,2025-10-21 13:53:05,2025-10-21 14:06:05,191.209,191.189,1,-1.0,USD,,,,,,,,,,,,,,,,,,,,,,,,,,,,,,,,,,,,,,,
call,31c80a41-bbfa-40db-8e1c-db481d5e6808,S780,EUR/CAD,2025-10-21 13:53:11,2025-10-21 14:06:11,1.63177,1.63109,1,-1.0,USD,,,,,,,,,,,,,,,,,,,,,,,,,,,,,,,,,,,,,,,
call,d9dbbe01-3025-410e-b0d3-4119e9971ee2,S780,EUR/CHF,2025-10-21 13:53:16,2025-10-21 14:06:16,0.92313,0.92288,1,-1.0,USD,,,,,,,,,,,,,,,,,,,,,,,,,,,,,,,,,,,,,,,
call,77a43610-dbd5-4d75-881f-b0684d3daa38,S780,EUR/CHF,2025-10-21 13:56:15,2025-10-21 14:09:15,0.92296,0.92289,1,-1.0,USD,,,,,,,,,,,,,,,,,,,,,,,,,,,,,,,,,,,,,,,
call,602cfc7f-4207-48f1-b8b5-147a80eae144,S780,EUR/USD,2025-10-21 13:56:27,2025-10-21 14:09:27,1.16135,1.16079,1,-1.0,USD,,,,,,,,,,,,,,,,,,,,,,,,,,,,,,,,,,,,,,,
call,419d393b-a56b-4c1b-94ca-826a1bf0e9d4,S780,GBP/CAD,2025-10-21 13:56:32,2025-10-21 14:09:32,1.87904,1.87831,1,-1.0,USD,,,,,,,,,,,,,,,,,,,,,,,,,,,,,,,,,,,,,,,
call,cb615228-80db-465e-b5f7-c77ce5d8d68b,S780,GBP/USD,2025-10-21 13:56:39,2025-10-21 14:09:39,1.33784,1.33739,1,-1.0,USD,,,,,,,,,,,,,,,,,,,,,,,,,,,,,,,,,,,,,,,
call,9a1f86ae-4a60-4832-a329-5ab80c802afe,S780,AUD/CAD,2025-10-21 13:57:51,2025-10-21 14:10:51,0.91176,0.91128,1,-1.0,USD,,,,,,,,,,,,,,,,,,,,,,,,,,,,,,,,,,,,,,,
call,92cbe476-48f7-4e60-b711-e35cdd0a0ba5,S780,EUR/CAD,2025-10-21 13:58:33,2025-10-21 14:11:33,1.63103,1.62959,1,-1.0,USD,,,,,,,,,,,,,,,,,,,,,,,,,,,,,,,,,,,,,,,
call,4e792249-8b3a-4fb7-9acb-9edf7345fd98,S780,EUR/USD,2025-10-21 13:58:45,2025-10-21 14:11:45,1.16119,1.16046,1,-1.0,USD,,,,,,,,,,,,,,,,,,,,,,,,,,,,,,,,,,,,,,,
call,4314d572-c51b-4289-a382-e7b307eb477b,S780,GBP/USD,2025-10-21 13:58:59,2025-10-21 14:11:59,1.33811,1.3372,1,-1.0,USD,,,,,,,,,,,,,,,,,,,,,,,,,,,,,,,,,,,,,,,
call,187fb7d8-236c-4762-846a-d3be4767d1a0,S780,EUR/CAD,2025-10-21 14:00:35,2025-10-21 14:13:35,1.63109,1.62953,1,-1.0,USD,,,,,,,,,,,,,,,,,,,,,,,,,,,,,,,,,,,,,,,
call,7d016baa-5098-4210-ad9b-af582903f6b6,S106,EUR/CAD,2025-10-21 14:00:41,2025-10-21 14:02:27,1.63096,1.63081,1,-1.0,USD,,,,,,,,,,,,,,,,,,,,,,,,,,,,,,,,,,,,,,,
call,bb9b6479-09cc-4506-b9ef-0880a3e3cf97,S780,EUR/GBP,2025-10-21 14:00:43,2025-10-21 14:13:43,0.86746,0.86782,1,0.92,USD,,,,,,,,,,,,,,,,,,,,,,,,,,,,,,,,,,,,,,,
call,dc2e2aee-cefb-4ffb-b846-bfdc55533ebd,S780,EUR/USD,2025-10-21 14:01:06,2025-10-21 14:14:06,1.1612,1.16049,1,-1.0,USD,,,,,,,,,,,,,,,,,,,,,,,,,,,,,,,,,,,,,,,
call,176a84aa-b4f7-4c8b-b92b-04d9f626c695,S780,EUR/GBP,2025-10-21 14:03:16,2025-10-21 14:16:16,0.8676,0.86776,1,0.92,USD,,,,,,,,,,,,,,,,,,,,,,,,,,,,,,,,,,,,,,,
call,976a0120-777d-4c08-bb8c-3a2a86fca356,S780,EUR/USD,2025-10-21 14:03:24,2025-10-21 14:16:24,1.16119,1.16075,1,-1.0,USD,,,,,,,,,,,,,,,,,,,,,,,,,,,,,,,,,,,,,,,
call,fec26625-0666-430e-965a-8bc50d4c5232,S780,AUD/CHF,2025-10-21 14:05:10,2025-10-21 14:18:10,0.51585,0.51627,1,0.92,USD,,,,,,,,,,,,,,,,,,,,,,,,,,,,,,,,,,,,,,,
call,fffd4aa5-2e2d-42c8-afdb-863a9ebb1911,S780,AUD/USD,2025-10-21 14:05:15,2025-10-21 14:18:15,0.64906,0.64903,1,-1.0,USD,,,,,,,,,,,,,,,,,,,,,,,,,,,,,,,,,,,,,,,
call,bee2b9b1-3774-413c-bd1e-d0048c369e91,S780,EUR/USD,2025-10-21 14:05:44,2025-10-21 14:18:44,1.1611,1.16058,1,-1.0,USD,,,,,,,,,,,,,,,,,,,,,,,,,,,,,,,,,,,,,,,
call,0b137d08-7fa5-4b5c-b897-521a5ace5e5d,S780,AUD/JPY,2025-10-21 14:06:53,2025-10-21 14:19:53,98.641,98.67,1,0.78,USD,,,,,,,,,,,,,,,,,,,,,,,,,,,,,,,,,,,,,,,
call,a2481f94-4e2c-46c0-9fa4-828f6f92ceef,S780,AUD/USD,2025-10-21 14:06:58,2025-10-21 14:19:58,0.64907,0.64902,1,-1.0,USD,,,,,,,,,,,,,,,,,,,,,,,,,,,,,,,,,,,,,,,
call,a7564e94-d7b4-4186-b7af-ea626aa54a5c,S780,CHF/JPY,2025-10-21 14:07:05,2025-10-21 14:20:05,191.162,191.126,1,-1.0,USD,,,,,,,,,,,,,,,,,,,,,,,,,,,,,,,,,,,,,,,
call,2803b899-deb1-4d52-ad58-9ea20d6958d2,S780,GBP/AUD,2025-10-21 14:07:29,2025-10-21 14:20:29,2.06068,2.06077,1,0.92,USD,,,,,,,,,,,,,,,,,,,,,,,,,,,,,,,,,,,,,,,
call,b182d45c-3d82-4952-be72-2d292fd89bb2,S780,CHF/JPY,2025-10-21 14:09:15,2025-10-21 14:22:15,191.159,191.089,1,-1.0,USD,,,,,,,,,,,,,,,,,,,,,,,,,,,,,,,,,,,,,,,
call,29bca16c-f236-47d3-bb54-989cff0ed4ff,S780,GBP/AUD,2025-10-21 14:09:32,2025-10-21 14:22:32,2.06081,2.06136,1,0.92,USD,,,,,,,,,,,,,,,,,,,,,,,,,,,,,,,,,,,,,,,
call,07ede698-f95d-4caf-bcae-d5856fc7ad88,S780,GBP/JPY,2025-10-21 14:09:45,2025-10-21 14:22:45,203.308,203.414,1,0.89,USD,,,,,,,,,,,,,,,,,,,,,,,,,,,,,,,,,,,,,,,
call,0194b710-f89e-45ae-964e-bd2218b577ae,S780,USD/JPY,2025-10-21 14:10:03,2025-10-21 14:23:03,152.015,152.045,1,0.72,USD,,,,,,,,,,,,,,,,,,,,,,,,,,,,,,,,,,,,,,,
call,57ef9d2c-aa9b-4cba-b268-19201a65cb5c,S780,GBP/AUD,2025-10-21 14:11:58,2025-10-21 14:24:58,2.0605,2.0615,1,0.92,USD,,,,,,,,,,,,,,,,,,,,,,,,,,,,,,,,,,,,,,,
call,8a623a06-57f2-4ae3-8957-ef5c04de3778,S780,GBP/JPY,2025-10-21 14:12:10,2025-10-21 14:25:10,203.304,203.377,1,0.89,USD,,,,,,,,,,,,,,,,,,,,,,,,,,,,,,,,,,,,,,,
call,ff0ccbc5-9712-4449-92c8-877174c310ce,S780,GBP/AUD,2025-10-21 14:13:56,2025-10-21 14:26:56,2.06046,2.06112,1,0.92,USD,,,,,,,,,,,,,,,,,,,,,,,,,,,,,,,,,,,,,,,
call,0f194eec-2c9c-47d1-8548-2fa4690dcb82,S780,GBP/JPY,2025-10-21 14:14:19,2025-10-21 14:27:19,203.326,203.315,1,-1.0,USD,,,,,,,,,,,,,,,,,,,,,,,,,,,,,,,,,,,,,,,
call,68d3ce4b-0086-436b-8dc2-6986c7517be4,S780,AUD/JPY,2025-10-21 14:15:41,2025-10-21 14:28:41,98.67,98.655,1,-1.0,USD,,,,,,,,,,,,,,,,,,,,,,,,,,,,,,,,,,,,,,,
call,e6388903-8cbe-4863-9685-d58f45a9be6c,S780,GBP/AUD,2025-10-21 14:16:18,2025-10-21 14:29:18,2.06036,2.06094,1,0.9,USD,,,,,,,,,,,,,,,,,,,,,,,,,,,,,,,,,,,,,,,
call,5b96ab48-818f-4e72-9246-48c24687d1ec,S780,GBP/JPY,2025-10-21 14:16:29,2025-10-21 14:29:29,203.309,203.35,1,0.89,USD,,,,,,,,,,,,,,,,,,,,,,,,,,,,,,,,,,,,,,,
call,b10eb757-8cf0-49c3-a327-420bae49a203,S780,USD/JPY,2025-10-21 14:16:40,2025-10-21 14:29:40,152.012,152.031,1,0.73,USD,,,,,,,,,,,,,,,,,,,,,,,,,,,,,,,,,,,,,,,
call,9f4b7b06-fa5b-46f3-b438-fd0566483609,S780,GBP/JPY,2025-10-21 14:18:36,2025-10-21 14:31:36,203.349,203.388,1,0.89,USD,,,,,,,,,,,,,,,,,,,,,,,,,,,,,,,,,,,,,,,
call,a96f1f85-0177-428f-805e-9bbba15bf785,S780,GBP/JPY,2025-10-21 14:20:37,2025-10-21 14:33:37,203.398,203.365,1,-1.0,USD,,,,,,,,,,,,,,,,,,,,,,,,,,,,,,,,,,,,,,,
call,121af3dd-ab45-40f3-ade1-4f7acacf8e93,S780,GBP/AUD,2025-10-21 14:22:37,2025-10-21 14:35:37,2.06147,2.0607,1,-1.0,USD,,,,,,,,,,,,,,,,,,,,,,,,,,,,,,,,,,,,,,,
call,353e23f7-cc61-4c89-8342-cdb1ec10ef41,S780,AUD/JPY,2025-10-21 14:24:01,2025-10-21 14:37:01,98.652,98.714,1,0.78,USD,,,,,,,,,,,,,,,,,,,,,,,,,,,,,,,,,,,,,,,
call,46bd4b42-9a21-45f9-8a49-5237281d2b22,S780,EUR/JPY,2025-10-21 14:24:21,2025-10-21 14:37:21,176.48,176.554,1,0.9,USD,,,,,,,,,,,,,,,,,,,,,,,,,,,,,,,,,,,,,,,
call,c2d9bd15-bd5b-4995-9432-3f29444f977f,S780,USD/JPY,2025-10-21 14:24:50,2025-10-21 14:37:50,152.006,152.091,1,0.73,USD,,,,,,,,,,,,,,,,,,,,,,,,,,,,,,,,,,,,,,,
call,3727cca9-4031-41b7-9740-ec3ca7df8a04,S780,AUD/CHF,2025-10-21 14:26:00,2025-10-21 14:39:00,0.51608,0.51631,1,0.92,USD,,,,,,,,,,,,,,,,,,,,,,,,,,,,,,,,,,,,,,,
call,c325d55e-a3f8-4858-b1f0-e629730d3591,S780,AUD/JPY,2025-10-21 14:26:05,2025-10-21 14:39:05,98.66,98.766,1,0.78,USD,,,,,,,,,,,,,,,,,,,,,,,,,,,,,,,,,,,,,,,
call,a1fe938f-7e18-4f1d-b82d-38bebd09dbe2,S780,EUR/JPY,2025-10-21 14:26:37,2025-10-21 14:39:37,176.459,176.583,1,0.9,USD,,,,,,,,,,,,,,,,,,,,,,,,,,,,,,,,,,,,,,,
call,fc7c44ca-c6f8-4b83-b8a5-db8c2f838080,S780,GBP/JPY,2025-10-21 14:26:56,2025-10-21 14:39:56,203.338,203.448,1,0.89,USD,,,,,,,,,,,,,,,,,,,,,,,,,,,,,,,,,,,,,,,
call,d8dc1672-1cb2-4a02-9692-e41c80f92f4f,S780,USD/CHF,2025-10-21 14:27:06,2025-10-21 14:40:06,0.79542,0.79533,1,-1.0,USD,,,,,,,,,,,,,,,,,,,,,,,,,,,,,,,,,,,,,,,
call,41696953-a536-4334-8e59-3fe0dcf6cebe,S780,USD/JPY,2025-10-21 14:27:11,2025-10-21 14:40:11,152.025,152.128,1,0.73,USD,,,,,,,,,,,,,,,,,,,,,,,,,,,,,,,,,,,,,,,
call,a2e72e50-9daf-40ed-93d7-7f1f3b0cdece,S780,AUD/CHF,2025-10-21 14:28:18,2025-10-21 14:41:18,0.5163,0.5163,1,0.0,USD,,,,,,,,,,,,,,,,,,,,,,,,,,,,,,,,,,,,,,,
call,76a17e38-93ed-4dd8-b073-e9ea7f42ec81,S780,AUD/JPY,2025-10-21 14:28:23,2025-10-21 14:41:23,98.664,98.754,1,0.78,USD,,,,,,,,,,,,,,,,,,,,,,,,,,,,,,,,,,,,,,,
call,52c56658-5631-4052-b13d-e999bbcb7635,S780,GBP/JPY,2025-10-21 14:28:53,2025-10-21 14:41:53,203.345,203.443,1,0.89,USD,,,,,,,,,,,,,,,,,,,,,,,,,,,,,,,,,,,,,,,
call,222bbf42-e68c-4cca-a6be-a74a4c1e4652,S780,USD/JPY,2025-10-21 14:29:04,2025-10-21 14:42:04,152.027,152.125,1,0.73,USD,,,,,,,,,,,,,,,,,,,,,,,,,,,,,,,,,,,,,,,
call,2e451e08-b9e6-4f45-b39d-da8cf2f024ff,S780,AUD/CHF,2025-10-21 14:30:10,2025-10-21 14:43:10,0.51641,0.51621,1,-1.0,USD,,,,,,,,,,,,,,,,,,,,,,,,,,,,,,,,,,,,,,,
call,00f97c52-93b5-4fa1-933f-694619e9c543,S780,GBP/JPY,2025-10-21 14:30:50,2025-10-21 14:43:50,203.392,203.467,1,0.89,USD,,,,,,,,,,,,,,,,,,,,,,,,,,,,,,,,,,,,,,,
call,978e4bc0-6583-4e50-a1c1-b6b0dec89c25,S780,USD/JPY,2025-10-21 14:31:00,2025-10-21 14:44:00,152.055,152.154,1,0.73,USD,,,,,,,,,,,,,,,,,,,,,,,,,,,,,,,,,,,,,,,
call,497e4a94-be14-4016-afe9-5163e387fc48,S780,GBP/CHF,2025-10-21 14:32:57,2025-10-21 14:45:57,1.06392,1.0636,1,-1.0,USD,,,,,,,,,,,,,,,,,,,,,,,,,,,,,,,,,,,,,,,
call,677c5b47-44c2-4c19-8bfd-02f126e9ca55,S780,GBP/JPY,2025-10-21 14:33:01,2025-10-21 14:46:01,203.358,203.479,1,0.89,USD,,,,,,,,,,,,,,,,,,,,,,,,,,,,,,,,,,,,,,,
call,55555c8d-1a26-40b1-9dfb-3786edb137e7,S780,EUR/JPY,2025-10-21 14:34:39,2025-10-21 14:47:39,176.514,176.56,1,0.9,USD,,,,,,,,,,,,,,,,,,,,,,,,,,,,,,,,,,,,,,,
call,cf790536-37ad-4a03-932e-d2f077fd7e00,S780,AUD/CHF,2025-10-21 14:36:16,2025-10-21 14:49:16,0.51607,0.51633,1,0.92,USD,,,,,,,,,,,,,,,,,,,,,,,,,,,,,,,,,,,,,,,
call,1da888cd-aa4d-4a7e-86a0-da0d88ee5cc5,S780,USD/CHF,2025-10-21 14:37:10,2025-10-21 14:50:10,0.79521,0.79551,1,0.8,USD,,,,,,,,,,,,,,,,,,,,,,,,,,,,,,,,,,,,,,,
call,c65defd9-a329-4576-8e0a-c5a6482f6aeb,S780,AUD/CHF,2025-10-21 14:38:22,2025-10-21 14:51:22,0.51613,0.51634,1,0.92,USD,,,,,,,,,,,,,,,,,,,,,,,,,,,,,,,,,,,,,,,
call,db7f166a-40e6-4b83-bf7b-018d518c0167,S780,GBP/JPY,2025-10-21 14:39:01,2025-10-21 14:52:01,203.434,203.428,1,-1.0,USD,,,,,,,,,,,,,,,,,,,,,,,,,,,,,,,,,,,,,,,
call,5fa89f61-5873-44ce-b30e-c2defbcdc5dc,S780,USD/CHF,2025-10-21 14:39:09,2025-10-21 14:52:09,0.7952,0.79573,1,0.8,USD,,,,,,,,,,,,,,,,,,,,,,,,,,,,,,,,,,,,,,,
call,2a94fd73-5310-471d-afed-dbbb1c51cf5b,S780,USD/JPY,2025-10-21 14:39:13,2025-10-21 14:52:13,152.103,152.14,1,0.73,USD,,,,,,,,,,,,,,,,,,,,,,,,,,,,,,,,,,,,,,,
call,dd802ea5-e2c6-4ed4-9edd-9bdca23737c4,S780,AUD/CHF,2025-10-21 14:40:25,2025-10-21 14:53:25,0.51632,0.51646,1,0.92,USD,,,,,,,,,,,,,,,,,,,,,,,,,,,,,,,,,,,,,,,
call,e9b64978-9dd8-4065-bc6b-817de9aa1925,S780,EUR/GBP,2025-10-21 14:40:49,2025-10-21 14:53:49,0.86781,0.86766,1,-1.0,USD,,,,,,,,,,,,,,,,,,,,,,,,,,,,,,,,,,,,,,,
call,49c3fda5-c6af-4f5e-8fd6-daf3b170811b,S780,AUD/CHF,2025-10-21 14:42:25,2025-10-21 14:55:25,0.51622,0.51659,1,0.92,USD,,,,,,,,,,,,,,,,,,,,,,,,,,,,,,,,,,,,,,,
call,f3b1f96a-e8fc-4b4a-a7f8-45897a96fa93,S780,EUR/GBP,2025-10-21 14:43:04,2025-10-21 14:56:04,0.86783,0.86752,1,-1.0,USD,,,,,,,,,,,,,,,,,,,,,,,,,,,,,,,,,,,,,,,
call,61893bcf-dac2-44a0-b6c0-19869b023fa1,S780,GBP/JPY,2025-10-21 14:43:21,2025-10-21 14:56:21,203.462,203.506,1,0.79,USD,,,,,,,,,,,,,,,,,,,,,,,,,,,,,,,,,,,,,,,
call,d6b992a4-5f8a-44b3-ac32-0e35419bb0a9,S780,USD/CHF,2025-10-21 14:43:29,2025-10-21 14:56:29,0.79526,0.79557,1,0.86,USD,,,,,,,,,,,,,,,,,,,,,,,,,,,,,,,,,,,,,,,
call,2ccc16d2-74cf-4047-8ef2-4bb67d6a4e47,S780,AUD/CHF,2025-10-21 14:44:39,2025-10-21 14:57:39,0.51627,0.51664,1,0.92,USD,,,,,,,,,,,,,,,,,,,,,,,,,,,,,,,,,,,,,,,
call,35fcfbe6-ed14-4972-95c6-1a5ef572db58,S780,EUR/GBP,2025-10-21 14:44:56,2025-10-21 14:57:56,0.86794,0.86748,1,-1.0,USD,,,,,,,,,,,,,,,,,,,,,,,,,,,,,,,,,,,,,,,
call,106a8683-13b5-447b-8c75-af96968f793d,S780,USD/CHF,2025-10-21 14:45:16,2025-10-21 14:58:16,0.79543,0.79553,1,0.86,USD,,,,,,,,,,,,,,,,,,,,,,,,,,,,,,,,,,,,,,,
call,ee21eb40-db3a-4315-9b8e-3504157772f2,S780,AUD/CHF,2025-10-21 14:46:28,2025-10-21 14:59:28,0.51622,0.51662,1,0.92,USD,,,,,,,,,,,,,,,,,,,,,,,,,,,,,,,,,,,,,,,
call,ee8db92a-771b-44c7-8298-f1a10854179a,S780,AUD/JPY,2025-10-21 14:46:33,2025-10-21 14:59:33,98.752,98.74,1,-1.0,USD,,,,,,,,,,,,,,,,,,,,,,,,,,,,,,,,,,,,,,,
call,b5c465aa-6ef1-4724-a0c8-99ef79c39717,S780,EUR/GBP,2025-10-21 14:46:47,2025-10-21 14:59:47,0.86794,0.86735,1,-1.0,USD,,,,,,,,,,,,,,,,,,,,,,,,,,,,,,,,,,,,,,,
call,f8450d76-747b-4217-8811-db095a73c926,S780,USD/CHF,2025-10-21 14:47:04,2025-10-21 15:00:04,0.79533,0.7955,1,0.76,USD,,,,,,,,,,,,,,,,,,,,,,,,,,,,,,,,,,,,,,,
call,1e23968a-5916-4bae-8750-586333b52aa9,S780,AUD/CHF,2025-10-21 14:48:10,2025-10-21 15:01:10,0.51631,0.51655,1,0.92,USD,,,,,,,,,,,,,,,,,,,,,,,,,,,,,,,,,,,,,,,
call,210409cd-03fe-4003-8adf-cac5d9575dc5,S780,AUD/JPY,2025-10-21 14:50:03,2025-10-21 15:03:03,98.736,98.724,1,-1.0,USD,,,,,,,,,,,,,,,,,,,,,,,,,,,,,,,,,,,,,,,
call,afd24a26-5539-474b-afa9-3f25f9d8aa7b,S780,CAD/JPY,2025-10-21 14:50:35,2025-10-21 15:03:35,108.438,108.419,1,-1.0,USD,,,,,,,,,,,,,,,,,,,,,,,,,,,,,,,,,,,,,,,
call,b48d3b3b-8f2b-4015-97dd-605f5867d4af,S780,AUD/JPY,2025-10-21 14:52:15,2025-10-21 15:05:15,98.737,98.726,1,-1.0,USD,,,,,,,,,,,,,,,,,,,,,,,,,,,,,,,,,,,,,,,
call,6566afa6-2a93-47b7-ae70-6f7763cc7697,S780,CAD/JPY,2025-10-21 14:52:20,2025-10-21 15:05:20,108.471,108.427,1,-1.0,USD,,,,,,,,,,,,,,,,,,,,,,,,,,,,,,,,,,,,,,,
call,d481d657-4a22-48fb-9fcb-bff28def16b6,S780,EUR/GBP,2025-10-21 14:52:34,2025-10-21 15:05:34,0.86777,0.86751,1,-1.0,USD,,,,,,,,,,,,,,,,,,,,,,,,,,,,,,,,,,,,,,,
call,4284b2a1-2138-4e2d-9732-4a67a9e8fb5d,S780,USD/JPY,2025-10-21 14:57:58,2025-10-21 15:10:58,152.051,151.883,1,-1.0,USD,,,,,,,,,,,,,,,,,,,,,,,,,,,,,,,,,,,,,,,
call,c98621b5-fe7d-427f-abb4-31db7f47e655,S780,USD/JPY,2025-10-21 14:59:40,2025-10-21 15:12:40,152.032,151.928,1,-1.0,USD,,,,,,,,,,,,,,,,,,,,,,,,,,,,,,,,,,,,,,,
call,ed393137-a5b9-4551-b288-1d1987f0d907,S900,CAD/CHF,2025-10-21 15:07:30,2025-10-21 15:22:30,0.5669,0.5667,1,-1.0,USD,,,,,,,,,,,,,,,,,,,,,,,,,,,,,,,,,,,,,,,
call,5fb4d7cf-a078-4aeb-98e6-c4c38101f216,S900,GBP/CHF,2025-10-21 15:09:30,2025-10-21 15:24:30,1.06407,1.06405,1,-1.0,USD,,,,,,,,,,,,,,,,,,,,,,,,,,,,,,,,,,,,,,,
call,cd5534c0-4056-41ec-ab60-b2349cafb8ce,S900,GBP/CHF,2025-10-21 15:11:06,2025-10-21 15:26:06,1.06417,1.06418,1,0.86,USD,,,,,,,,,,,,,,,,,,,,,,,,,,,,,,,,,,,,,,,
call,3070cacd-c29a-4f31-8291-eda006945091,S900,GBP/CHF,2025-10-21 15:12:43,2025-10-21 15:27:43,1.06427,1.06398,1,-1.0,USD,,,,,,,,,,,,,,,,,,,,,,,,,,,,,,,,,,,,,,,
call,392f7a28-b049-41b9-a0ae-917ca5a8ab1f,S900,GBP/CHF,2025-10-21 15:14:50,2025-10-21 15:29:50,1.06421,1.06408,1,-1.0,USD,,,,,,,,,,,,,,,,,,,,,,,,,,,,,,,,,,,,,,,
put,7b0dd82a-cdcb-4ce0-a4d9-1bb026189d86,S900,GBP/USD,2025-10-21 15:30:43,2025-10-21 15:45:43,1.33828,1.33703,1,0.83,USD,,,,,,,,,,,,,,,,,,,,,,,,,,,,,,,,,,,,,,,
put,3b4e1443-a37c-4d81-bdde-942884224161,S900,GBP/USD,2025-10-21 15:32:26,2025-10-21 15:47:26,1.33839,1.33637,1,0.83,USD,,,,,,,,,,,,,,,,,,,,,,,,,,,,,,,,,,,,,,,
put,11f890b7-07af-49e9-9294-acb1fd13e7da,S900,GBP/USD,2025-10-21 15:35:40,2025-10-21 15:50:40,1.33788,1.33668,1,0.82,USD,,,,,,,,,,,,,,,,,,,,,,,,,,,,,,,,,,,,,,,
put,a16a1d53-23ab-425c-a1df-3695eca74324,S900,EUR/CAD,2025-10-21 15:37:04,2025-10-21 15:52:04,1.62857,1.62875,1,-1.0,USD,,,,,,,,,,,,,,,,,,,,,,,,,,,,,,,,,,,,,,,
call,05f17533-20f6-4252-823b-c0df0f33dc55,S900,EUR/CAD,2025-10-21 15:38:35,2025-10-21 15:53:35,1.62921,1.62922,1,0.78,USD,,,,,,,,,,,,,,,,,,,,,,,,,,,,,,,,,,,,,,,
call,2f2bd39e-5b93-45e2-954b-93ef359803c4,S900,EUR/CAD,2025-10-21 15:40:15,2025-10-21 15:55:15,1.6294,1.63017,1,0.81,USD,,,,,,,,,,,,,,,,,,,,,,,,,,,,,,,,,,,,,,,
call,202d428c-8792-4486-bb53-65963b5d396c,S900,EUR/CAD,2025-10-21 15:43:26,2025-10-21 15:58:26,1.62898,1.63017,1,0.85,USD,,,,,,,,,,,,,,,,,,,,,,,,,,,,,,,,,,,,,,,
put,18b78b2b-9e19-4778-9cba-612cfd2a11f2,S900,EUR/CAD,2025-10-21 15:44:04,2025-10-21 15:59:04,1.62881,1.62988,1,-1.0,USD,,,,,,,,,,,,,,,,,,,,,,,,,,,,,,,,,,,,,,,
put,01398a3f-d53f-4ffd-b8c4-4a9c49699acf,S900,EUR/CAD,2025-10-21 15:45:41,2025-10-21 16:00:41,1.62863,1.63046,1,-1.0,USD,,,,,,,,,,,,,,,,,,,,,,,,,,,,,,,,,,,,,,,
put,a7fd2b52-00d3-48b9-86b9-845b8169fed3,S900,USD/CAD,2025-10-21 15:46:00,2025-10-21 16:01:00,1.40298,1.40409,1,-1.0,USD,,,,,,,,,,,,,,,,,,,,,,,,,,,,,,,,,,,,,,,
put,3db3eb92-d330-4191-b8e1-a1dfc9b0756c,S900,GBP/AUD,2025-10-21 15:47:28,2025-10-21 16:02:28,2.06207,2.06543,1,-1.0,USD,,,,,,,,,,,,,,,,,,,,,,,,,,,,,,,,,,,,,,,
put,395e3319-9760-41dd-b335-4e96a3d8a45a,S900,GBP/AUD,2025-10-21 15:49:14,2025-10-21 16:04:14,2.06321,2.06419,1,-1.0,USD,,,,,,,,,,,,,,,,,,,,,,,,,,,,,,,,,,,,,,,
call,51d42e11-5113-46e1-b23e-6c46d525daff,S900,EUR/GBP,2025-10-21 16:02:52,2025-10-21 16:17:52,0.86795,0.86768,1,-1.0,USD,,,,,,,,,,,,,,,,,,,,,,,,,,,,,,,,,,,,,,,
call,c69f426d-0b70-4cc7-9e2c-531748d00671,S900,EUR/GBP,2025-10-21 16:04:35,2025-10-21 16:19:35,0.86795,0.86776,1,-1.0,USD,,,,,,,,,,,,,,,,,,,,,,,,,,,,,,,,,,,,,,,
call,07466872-f953-4ee2-96da-661e395c8a85,S900,EUR/AUD,2025-10-21 16:06:05,2025-10-21 16:21:05,1.79047,1.78919,1,-1.0,USD,,,,,,,,,,,,,,,,,,,,,,,,,,,,,,,,,,,,,,,
call,0e205028-f268-469d-8b53-5e677a3a6d3a,S900,EUR/GBP,2025-10-21 16:06:10,2025-10-21 16:21:10,0.86781,0.86768,1,-1.0,USD,,,,,,,,,,,,,,,,,,,,,,,,,,,,,,,,,,,,,,,
call,5fd75d18-b7ff-4932-82e4-c163b9294593,S900,EUR/AUD,2025-10-21 16:07:43,2025-10-21 16:22:43,1.79019,1.78903,1,-1.0,USD,,,,,,,,,,,,,,,,,,,,,,,,,,,,,,,,,,,,,,,
call,5a33eb92-ff24-45af-a840-e9b0ca4b8d0b,S900,GBP/AUD,2025-10-21 16:07:54,2025-10-21 16:22:54,2.06281,2.06166,1,-1.0,USD,,,,,,,,,,,,,,,,,,,,,,,,,,,,,,,,,,,,,,,
call,fd2b172b-2d88-47c1-9076-eec99ac9d357,S900,GBP/AUD,2025-10-21 16:09:30,2025-10-21 16:24:30,2.06285,2.06197,1,-1.0,USD,,,,,,,,,,,,,,,,,,,,,,,,,,,,,,,,,,,,,,,
call,4d77bdea-a245-46b3-bb9e-d467f6bdd2b5,S900,EUR/USD,2025-10-21 16:14:17,2025-10-21 16:29:17,1.16119,1.16133,1,0.92,USD,,,,,,,,,,,,,,,,,,,,,,,,,,,,,,,,,,,,,,,
call,02c43c84-bb4c-4497-a4c5-8c943f678c6c,S900,GBP/CAD,2025-10-21 16:15:57,2025-10-21 16:30:57,1.87676,1.87653,1,-1.0,USD,,,,,,,,,,,,,,,,,,,,,,,,,,,,,,,,,,,,,,,
call,ed7cc71b-71ab-4ada-9b92-7f29613e6703,S900,AUD/CAD,2025-10-21 16:22:36,2025-10-21 16:37:36,0.91033,0.91002,1,-1.0,USD,,,,,,,,,,,,,,,,,,,,,,,,,,,,,,,,,,,,,,,
call,bf28c675-5d40-4c54-a3a1-ed4ae5879b33,S900,AUD/USD,2025-10-21 16:22:41,2025-10-21 16:37:41,0.64912,0.64906,1,-1.0,USD,,,,,,,,,,,,,,,,,,,,,,,,,,,,,,,,,,,,,,,
call,29ea14fc-bdd8-4afd-a723-280e7a87a5e8,S900,CHF/JPY,2025-10-21 16:22:49,2025-10-21 16:37:49,190.814,190.836,1,0.72,USD,,,,,,,,,,,,,,,,,,,,,,,,,,,,,,,,,,,,,,,
call,4ff23407-0ef6-4167-b8bb-84eb7e3bec4e,S900,EUR/USD,2025-10-21 16:23:01,2025-10-21 16:38:01,1.16138,1.16098,1,-1.0,USD,,,,,,,,,,,,,,,,,,,,,,,,,,,,,,,,,,,,,,,
call,10cc8734-0465-4a70-b180-7a12a9949370,S900,GBP/CHF,2025-10-21 16:23:06,2025-10-21 16:38:06,1.06356,1.06334,1,-1.0,USD,,,,,,,,,,,,,,,,,,,,,,,,,,,,,,,,,,,,,,,
call,d4e6b262-63c0-4c0d-9e72-38ba93eb9de9,S900,AUD/CAD,2025-10-21 16:24:21,2025-10-21 16:39:21,0.91005,0.90989,1,-1.0,USD,,,,,,,,,,,,,,,,,,,,,,,,,,,,,,,,,,,,,,,
call,d89a1506-b0dc-4023-b931-e41f365d6d68,S900,AUD/CAD,2025-10-21 16:24:32,2025-10-21 16:39:32,0.9101,0.9101,1,0.0,USD,,,,,,,,,,,,,,,,,,,,,,,,,,,,,,,,,,,,,,,
call,c3d0c401-cb36-4941-9f2b-fa3a450829f6,S900,AUD/USD,2025-10-21 16:24:40,2025-10-21 16:39:40,0.64898,0.64875,1,-1.0,USD,,,,,,,,,,,,,,,,,,,,,,,,,,,,,,,,,,,,,,,
call,e76f932b-3d1d-4383-8bb7-f556f0708c84,S900,CHF/JPY,2025-10-21 16:24:50,2025-10-21 16:39:50,190.761,190.832,1,0.82,USD,,,,,,,,,,,,,,,,,,,,,,,,,,,,,,,,,,,,,,,
call,2740eca6-c62c-4525-9744-8cf6170fbe2f,S900,EUR/GBP,2025-10-21 16:24:55,2025-10-21 16:39:55,0.86783,0.86759,1,-1.0,USD,,,,,,,,,,,,,,,,,,,,,,,,,,,,,,,,,,,,,,,
call,d5dffb41-d02d-48c0-b682-a76559f2015b,S900,GBP/CHF,2025-10-21 16:25:06,2025-10-21 16:40:06,1.06327,1.06347,1,0.83,USD,,,,,,,,,,,,,,,,,,,,,,,,,,,,,,,,,,,,,,,
call,a7ffd426-e6f4-4beb-96ee-f44e8446f150,S900,GBP/JPY,2025-10-21 16:25:11,2025-10-21 16:40:11,202.886,202.988,1,0.83,USD,,,,,,,,,,,,,,,,,,,,,,,,,,,,,,,,,,,,,,,
call,7c47c18e-9ed6-459a-bf17-60bf6f95de7c,S900,AUD/CAD,2025-10-21 16:26:22,2025-10-21 16:41:22,0.91017,0.90996,1,-1.0,USD,,,,,,,,,,,,,,,,,,,,,,,,,,,,,,,,,,,,,,,
call,e1894ab0-547c-40ba-bec1-07aa84ffa332,S900,AUD/CHF,2025-10-21 16:26:28,2025-10-21 16:41:28,0.51576,0.51591,1,0.92,USD,,,,,,,,,,,,,,,,,,,,,,,,,,,,,,,,,,,,,,,
call,2517e759-9bb2-4c7d-b47c-1cbad5a0befb,S900,AUD/USD,2025-10-21 16:26:33,2025-10-21 16:41:33,0.649,0.64889,1,-1.0,USD,,,,,,,,,,,,,,,,,,,,,,,,,,,,,,,,,,,,,,,
call,65262ad9-4d76-4cba-89c4-ce69e75aa9da,S900,CHF/JPY,2025-10-21 16:26:42,2025-10-21 16:41:42,190.772,190.837,1,0.84,USD,,,,,,,,,,,,,,,,,,,,,,,,,,,,,,,,,,,,,,,
call,4c36e0a7-8573-4a44-bc40-08b390c4b4cc,S900,EUR/USD,2025-10-21 16:26:53,2025-10-21 16:41:53,1.16131,1.16042,1,-1.0,USD,,,,,,,,,,,,,,,,,,,,,,,,,,,,,,,,,,,,,,,
call,cbf6cfd9-99e9-472d-8a6b-54db9be61122,S900,GBP/CAD,2025-10-21 16:26:58,2025-10-21 16:41:58,1.87691,1.87572,1,-1.0,USD,,,,,,,,,,,,,,,,,,,,,,,,,,,,,,,,,,,,,,,
call,2bad13df-354c-4b2f-ae32-e1b1389c767a,S900,AUD/USD,2025-10-21 16:30:12,2025-10-21 16:45:12,0.64874,0.64853,1,-1.0,USD,,,,,,,,,,,,,,,,,,,,,,,,,,,,,,,,,,,,,,,
call,4c4ec22f-85e1-494a-be4e-3ff5235aa989,S900,AUD/CHF,2025-10-21 16:32:03,2025-10-21 16:47:03,0.51563,0.51602,1,0.92,USD,,,,,,,,,,,,,,,,,,,,,,,,,,,,,,,,,,,,,,,
call,14639831-548c-4b2b-8e10-47c703d42b07,S900,AUD/USD,2025-10-21 16:42:30,2025-10-21 16:57:30,0.64883,0.64914,1,0.81,USD,,,,,,,,,,,,,,,,,,,,,,,,,,,,,,,,,,,,,,,
call,92114581-d9ea-441f-bc09-b86e06cf92a3,S900,AUD/USD,2025-10-21 16:44:06,2025-10-21 16:59:06,0.64868,0.64903,1,0.81,USD,,,,,,,,,,,,,,,,,,,,,,,,,,,,,,,,,,,,,,,
call,4949c541-ae1b-4244-9e62-2cd2e6282e7f,S900,CHF/JPY,2025-10-21 16:44:12,2025-10-21 16:59:12,190.781,190.86,1,0.92,USD,,,,,,,,,,,,,,,,,,,,,,,,,,,,,,,,,,,,,,,
call,afe80d5b-3d61-4017-a2b9-0052f65cf278,S900,CHF/JPY,2025-10-21 16:45:54,2025-10-21 17:00:54,190.822,190.857,1,0.92,USD,,,,,,,,,,,,,,,,,,,,,,,,,,,,,,,,,,,,,,,
call,32a8b1fc-708b-439a-920b-a7a5f155fa2d,S900,CHF/JPY,2025-10-21 16:47:34,2025-10-21 17:02:34,190.854,190.82,1,-1.0,USD,,,,,,,,,,,,,,,,,,,,,,,,,,,,,,,,,,,,,,,
call,8c090820-3a9b-42ce-b57f-f0d8e55afa69,S900,EUR/CHF,2025-10-21 16:47:38,2025-10-21 17:02:38,0.92282,0.92328,1,0.92,USD,,,,,,,,,,,,,,,,,,,,,,,,,,,,,,,,,,,,,,,
call,1c50d55d-d54d-4027-a2c9-8790880affa0,S900,AUD/USD,2025-10-21 16:49:04,2025-10-21 17:04:04,0.64899,0.64944,1,0.81,USD,,,,,,,,,,,,,,,,,,,,,,,,,,,,,,,,,,,,,,,
call,2c37a08b-51c4-4759-9032-1f7e28e86464,S900,CHF/JPY,2025-10-21 16:49:11,2025-10-21 17:04:11,190.892,190.876,1,-1.0,USD,,,,,,,,,,,,,,,,,,,,,,,,,,,,,,,,,,,,,,,
call,48524355-ec2f-4f87-89dd-7f302d5cebf3,S900,CHF/JPY,2025-10-21 16:52:26,2025-10-21 17:07:26,190.858,190.862,1,0.92,USD,,,,,,,,,,,,,,,,,,,,,,,,,,,,,,,,,,,,,,,
call,863c1a7b-62bf-4653-bc1c-2f7452f1d017,S900,CHF/JPY,2025-10-21 16:54:06,2025-10-21 17:09:06,190.809,190.903,1,0.92,USD,,,,,,,,,,,,,,,,,,,,,,,,,,,,,,,,,,,,,,,
call,7b80ecb9-f239-4829-9c2b-205adf246c63,S900,CHF/JPY,2025-10-21 16:55:43,2025-10-21 17:10:43,190.797,190.923,1,0.92,USD,,,,,,,,,,,,,,,,,,,,,,,,,,,,,,,,,,,,,,,
call,2e472d42-2856-45fb-b1fa-3d13246b2823,S900,CHF/JPY,2025-10-21 16:57:20,2025-10-21 17:12:20,190.809,190.952,1,0.92,USD,,,,,,,,,,,,,,,,,,,,,,,,,,,,,,,,,,,,,,,
call,924bd656-4994-4243-94bb-bbe18e3f05f4,S1020,AUD/USD,2025-10-21 17:24:31,2025-10-21 17:41:31,0.64935,0.64957,1,0.87,USD,,,,,,,,,,,,,,,,,,,,,,,,,,,,,,,,,,,,,,,
call,a14c467b-6cb3-48f2-9d50-b9e1adf58a79,S1020,EUR/GBP,2025-10-21 17:24:41,2025-10-21 17:41:41,0.86715,0.8677,1,0.89,USD,,,,,,,,,,,,,,,,,,,,,,,,,,,,,,,,,,,,,,,
call,6e9d50b8-34d3-4c0e-a506-37486e8fa692,S1020,USD/CAD,2025-10-21 17:24:55,2025-10-21 17:41:55,1.4017,1.40175,1,0.83,USD,,,,,,,,,,,,,,,,,,,,,,,,,,,,,,,,,,,,,,,
call,08953222-5ef8-4338-81fa-9da85177e5bc,S1020,AUD/USD,2025-10-21 17:26:07,2025-10-21 17:43:07,0.64946,0.64971,1,0.87,USD,,,,,,,,,,,,,,,,,,,,,,,,,,,,,,,,,,,,,,,
call,c78bdaf0-96ec-4d95-b3b1-5e26ce720cc8,S1020,EUR/GBP,2025-10-21 17:26:21,2025-10-21 17:43:21,0.86712,0.86775,1,0.89,USD,,,,,,,,,,,,,,,,,,,,,,,,,,,,,,,,,,,,,,,
call,097dec2a-f50a-433e-9b7a-659c976b4cdb,S1020,USD/CAD,2025-10-21 17:26:35,2025-10-21 17:43:35,1.40154,1.40157,1,0.83,USD,,,,,,,,,,,,,,,,,,,,,,,,,,,,,,,,,,,,,,,
call,c8778961-98a1-4668-89e4-b508fb8823aa,S1020,AUD/USD,2025-10-21 17:27:47,2025-10-21 17:44:47,0.64951,0.64971,1,0.87,USD,,,,,,,,,,,,,,,,,,,,,,,,,,,,,,,,,,,,,,,
call,344f007e-29bb-4545-8f5c-72b1381c9c4d,S1020,EUR/GBP,2025-10-21 17:27:58,2025-10-21 17:44:58,0.86718,0.8676,1,0.89,USD,,,,,,,,,,,,,,,,,,,,,,,,,,,,,,,,,,,,,,,
call,5450930a-e266-4422-9a67-09fd539c9118,S1020,USD/CAD,2025-10-21 17:28:15,2025-10-21 17:45:15,1.40146,1.40141,1,-1.0,USD,,,,,,,,,,,,,,,,,,,,,,,,,,,,,,,,,,,,,,,
call,db464ea1-b96d-4e53-93ec-5a10cdad2f40,S1020,AUD/USD,2025-10-21 17:29:27,2025-10-21 17:46:27,0.64958,0.64981,1,0.87,USD,,,,,,,,,,,,,,,,,,,,,,,,,,,,,,,,,,,,,,,
call,603b826b-d5a8-4251-b736-3a0f64be6cf2,S1020,EUR/GBP,2025-10-21 17:29:39,2025-10-21 17:46:39,0.86727,0.86749,1,0.89,USD,,,,,,,,,,,,,,,,,,,,,,,,,,,,,,,,,,,,,,,
call,6a52e001-1c76-4bf2-b0d7-de2f6b4814db,S1020,CHF/JPY,2025-10-21 17:31:12,2025-10-21 17:48:12,190.902,190.895,1,-1.0,USD,,,,,,,,,,,,,,,,,,,,,,,,,,,,,,,,,,,,,,,
call,0cb68b15-772b-497a-9cf6-725f932042ff,S1020,CHF/JPY,2025-10-21 17:32:49,2025-10-21 17:49:49,190.909,190.888,1,-1.0,USD,,,,,,,,,,,,,,,,,,,,,,,,,,,,,,,,,,,,,,,
call,9079c015-6be2-460a-b0fb-a532964b274b,S1020,CHF/JPY,2025-10-21 17:34:29,2025-10-21 17:51:29,190.884,190.878,1,-1.0,USD,,,,,,,,,,,,,,,,,,,,,,,,,,,,,,,,,,,,,,,
call,214230b4-8f5d-4381-9ba5-bd22908fe7fa,S1020,CHF/JPY,2025-10-21 17:36:02,2025-10-21 17:53:02,190.908,190.863,1,-1.0,USD,,,,,,,,,,,,,,,,,,,,,,,,,,,,,,,,,,,,,,,
call,20637c60-15f4-429d-848e-f344d79d5a4a,S1020,CHF/JPY,2025-10-21 17:37:39,2025-10-21 17:54:39,190.891,190.866,1,-1.0,USD,,,,,,,,,,,,,,,,,,,,,,,,,,,,,,,,,,,,,,,
call,47679156-7206-455f-b7a4-6e373540601a,S1020,CHF/JPY,2025-10-21 17:39:16,2025-10-21 17:56:16,190.846,190.845,1,-1.0,USD,,,,,,,,,,,,,,,,,,,,,,,,,,,,,,,,,,,,,,,
call,69f84b91-8b69-41ee-81cb-3a54f43658a3,S1020,CHF/JPY,2025-10-21 17:40:54,2025-10-21 17:57:54,190.859,190.813,1,-1.0,USD,,,,,,,,,,,,,,,,,,,,,,,,,,,,,,,,,,,,,,,
call,bd6d0406-6f11-4aa5-9fd6-455d3a55278e,S780,AUD/USD,2025-10-21 17:59:14,2025-10-21 18:12:14,0.64977,0.64994,1,0.71,USD,,,,,,,,,,,,,,,,,,,,,,,,,,,,,,,,,,,,,,,
call,9c6b2b3d-e4f1-4496-970c-20f4db4ca983,S780,USD/CAD,2025-10-21 17:59:56,2025-10-21 18:12:56,1.40111,1.40115,1,0.83,USD,,,,,,,,,,,,,,,,,,,,,,,,,,,,,,,,,,,,,,,
call,c1be15ce-13fc-466f-9b76-37bb8a2106fa,S780,AUD/CHF,2025-10-21 18:01:35,2025-10-21 18:14:35,0.51677,0.51701,1,0.92,USD,,,,,,,,,,,,,,,,,,,,,,,,,,,,,,,,,,,,,,,
call,f90c0e6d-145e-492b-be44-68811cabf37e,S780,AUD/USD,2025-10-21 18:01:46,2025-10-21 18:14:46,0.65011,0.64997,1,-1.0,USD,,,,,,,,,,,,,,,,,,,,,,,,,,,,,,,,,,,,,,,
call,c50da92b-fa81-42f4-9996-192259008cee,S780,USD/CAD,2025-10-21 18:02:30,2025-10-21 18:15:30,1.40083,1.40122,1,0.88,USD,,,,,,,,,,,,,,,,,,,,,,,,,,,,,,,,,,,,,,,
call,d00e883e-b977-4935-9242-9f935c5114ab,S780,AUD/CAD,2025-10-21 18:03:40,2025-10-21 18:16:40,0.91066,0.91065,1,-1.0,USD,,,,,,,,,,,,,,,,,,,,,,,,,,,,,,,,,,,,,,,
call,28516eec-e500-4187-9f75-bfc3e7bf30df,S780,AUD/JPY,2025-10-21 18:03:46,2025-10-21 18:16:46,98.667,98.666,1,-1.0,USD,,,,,,,,,,,,,,,,,,,,,,,,,,,,,,,,,,,,,,,
call,6ba99629-cedb-4b72-9503-9b0140afc69a,S780,CAD/JPY,2025-10-21 18:03:50,2025-10-21 18:16:50,108.344,108.344,1,0.0,USD,,,,,,,,,,,,,,,,,,,,,,,,,,,,,,,,,,,,,,,
call,f82a8711-7c5b-4684-8278-5d9f17deaaa2,S780,GBP/JPY,2025-10-21 18:04:10,2025-10-21 18:17:10,203.221,203.166,1,-1.0,USD,,,,,,,,,,,,,,,,,,,,,,,,,,,,,,,,,,,,,,,
call,59c6be27-362b-4b78-94cf-2c8d291df64f,S780,AUD/CAD,2025-10-21 18:05:24,2025-10-21 18:18:24,0.91061,0.9106,1,-1.0,USD,,,,,,,,,,,,,,,,,,,,,,,,,,,,,,,,,,,,,,,
call,2d4141f6-4246-495e-ad5e-ed3c2b56a80f,S780,AUD/JPY,2025-10-21 18:05:29,2025-10-21 18:18:29,98.678,98.663,1,-1.0,USD,,,,,,,,,,,,,,,,,,,,,,,,,,,,,,,,,,,,,,,
call,858a0e72-d98c-4b19-b9a1-d4bf8f68b9ec,S780,CAD/JPY,2025-10-21 18:05:34,2025-10-21 18:18:34,108.36,108.353,1,-1.0,USD,,,,,,,,,,,,,,,,,,,,,,,,,,,,,,,,,,,,,,,
call,7c7a76fe-8b12-4fe2-ac90-f451cd857d08,S780,USD/JPY,2025-10-21 18:06:00,2025-10-21 18:19:00,151.741,151.848,1,0.83,USD,,,,,,,,,,,,,,,,,,,,,,,,,,,,,,,,,,,,,,,
call,bb5c9f68-0f04-4d4f-9867-27d961558079,S780,AUD/CAD,2025-10-21 18:07:02,2025-10-21 18:20:02,0.91054,0.91055,1,0.87,USD,,,,,,,,,,,,,,,,,,,,,,,,,,,,,,,,,,,,,,,
call,f65d006b-96d0-45c6-8374-d85d74680514,S780,AUD/JPY,2025-10-21 18:07:07,2025-10-21 18:20:07,98.653,98.653,1,0.0,USD,,,,,,,,,,,,,,,,,,,,,,,,,,,,,,,,,,,,,,,
call,e0945961-e72c-4327-b3c9-0160d60a30e7,S780,CAD/JPY,2025-10-21 18:07:12,2025-10-21 18:20:12,108.335,108.34,1,0.74,USD,,,,,,,,,,,,,,,,,,,,,,,,,,,,,,,,,,,,,,,
call,96a6d7a5-e3a7-4f3b-b4a4-e613dace8ddc,S780,EUR/CAD,2025-10-21 18:07:20,2025-10-21 18:20:20,1.62762,1.62739,1,-1.0,USD,,,,,,,,,,,,,,,,,,,,,,,,,,,,,,,,,,,,,,,
call,2150f10b-deb3-41e6-a7fa-8116c1106952,S780,USD/JPY,2025-10-21 18:07:43,2025-10-21 18:20:43,151.751,151.82,1,0.83,USD,,,,,,,,,,,,,,,,,,,,,,,,,,,,,,,,,,,,,,,
call,db506a6a-1873-4d8d-95c2-fde3a0d6f7f1,S780,AUD/CAD,2025-10-21 18:08:49,2025-10-21 18:21:49,0.91064,0.91043,1,-1.0,USD,,,,,,,,,,,,,,,,,,,,,,,,,,,,,,,,,,,,,,,
call,2dddcb75-1330-4f39-b9e3-63f1c3b80f7f,S780,EUR/CAD,2025-10-21 18:09:04,2025-10-21 18:22:04,1.62789,1.62757,1,-1.0,USD,,,,,,,,,,,,,,,,,,,,,,,,,,,,,,,,,,,,,,,
call,9a63531a-17dd-43c6-82cd-f99d5ae6f719,S780,AUD/JPY,2025-10-21 18:15:19,2025-10-21 18:28:19,98.661,98.641,1,-1.0,USD,,,,,,,,,,,,,,,,,,,,,,,,,,,,,,,,,,,,,,,
call,09388d3b-d822-45a0-8fb2-c210291e4255,S780,AUD/CAD,2025-10-21 18:16:54,2025-10-21 18:29:54,0.91064,0.91054,1,-1.0,USD,,,,,,,,,,,,,,,,,,,,,,,,,,,,,,,,,,,,,,,
call,37923d54-b84d-4094-a5c9-f29f2b731d31,S780,AUD/JPY,2025-10-21 18:16:58,2025-10-21 18:29:58,98.667,98.648,1,-1.0,USD,,,,,,,,,,,,,,,,,,,,,,,,,,,,,,,,,,,,,,,
call,a2b0918d-c073-448c-8ab1-f51cc4780fec,S780,AUD/JPY,2025-10-21 18:18:35,2025-10-21 18:31:35,98.662,98.653,1,-1.0,USD,,,,,,,,,,,,,,,,,,,,,,,,,,,,,,,,,,,,,,,
call,81794d47-3ba2-4e9b-87e1-9874408da028,S780,AUD/JPY,2025-10-21 18:18:43,2025-10-21 18:31:43,98.668,98.655,1,-1.0,USD,,,,,,,,,,,,,,,,,,,,,,,,,,,,,,,,,,,,,,,
call,72a1d96b-f352-4e58-ace2-2b92df107110,S780,GBP/CHF,2025-10-21 18:19:07,2025-10-21 18:32:07,1.06507,1.06475,1,-1.0,USD,,,,,,,,,,,,,,,,,,,,,,,,,,,,,,,,,,,,,,,
call,eb9ea4ec-b721-47c6-9e2b-49b96d69e414,S300,AUD/JPY,2025-10-21 18:20:20,2025-10-21 18:25:20,98.654,98.643,1,-1.0,USD,,,,,,,,,,,,,,,,,,,,,,,,,,,,,,,,,,,,,,,
call,d4dd778d-e923-431a-98b0-21eb19b632b7,S780,GBP/CHF,2025-10-21 18:20:43,2025-10-21 18:33:43,1.06487,1.06462,1,-1.0,USD,,,,,,,,,,,,,,,,,,,,,,,,,,,,,,,,,,,,,,,
call,464fb754-35bc-45cb-816a-71d74b066dba,S780,GBP/CHF,2025-10-21 18:22:20,2025-10-21 18:35:20,1.06482,1.06484,1,0.77,USD,,,,,,,,,,,,,,,,,,,,,,,,,,,,,,,,,,,,,,,
call,c9da80b3-31e3-4cf1-b660-1873431ededa,S780,EUR/CHF,2025-10-21 18:26:15,2025-10-21 18:39:15,0.9242,0.92424,1,0.63,USD,,,,,,,,,,,,,,,,,,,,,,,,,,,,,,,,,,,,,,,
call,234dc4dd-8a64-435a-9fcf-dd8bb91e752a,S780,AUD/CAD,2025-10-21 18:27:40,2025-10-21 18:40:40,0.91058,0.91054,1,-1.0,USD,,,,,,,,,,,,,,,,,,,,,,,,,,,,,,,,,,,,,,,
call,30bc15d9-3a82-4537-b889-4145389b04b4,S780,EUR/CHF,2025-10-21 18:27:56,2025-10-21 18:40:56,0.92419,0.92437,1,0.65,USD,,,,,,,,,,,,,,,,,,,,,,,,,,,,,,,,,,,,,,,
call,3bce22e7-f73e-4eef-aa12-3140dfe68245,S780,AUD/CAD,2025-10-21 18:29:20,2025-10-21 18:42:20,0.91055,0.91043,1,-1.0,USD,,,,,,,,,,,,,,,,,,,,,,,,,,,,,,,,,,,,,,,
call,5bc67cc2-2321-4c19-84e8-3092fd5b2353,S780,GBP/AUD,2025-10-21 18:31:19,2025-10-21 18:44:19,2.05966,2.05931,1,-1.0,USD,,,,,,,,,,,,,,,,,,,,,,,,,,,,,,,,,,,,,,,
call,c07b7142-70cb-4973-9d28-6bb4cfec6e63,S780,AUD/JPY,2025-10-21 18:32:35,2025-10-21 18:45:35,98.664,98.689,1,0.83,USD,,,,,,,,,,,,,,,,,,,,,,,,,,,,,,,,,,,,,,,
call,5ddc1f65-522e-471c-9ae0-0543acdbdd20,S780,AUD/JPY,2025-10-21 18:34:11,2025-10-21 18:47:11,98.671,98.678,1,0.8,USD,,,,,,,,,,,,,,,,,,,,,,,,,,,,,,,,,,,,,,,
call,82b7eb8c-a447-453b-b16a-f712930aee6b,S780,EUR/CHF,2025-10-21 18:34:26,2025-10-21 18:47:26,0.92428,0.92444,1,0.68,USD,,,,,,,,,,,,,,,,,,,,,,,,,,,,,,,,,,,,,,,
call,6113db38-635c-4aa0-b190-89222ca2cca3,S780,USD/CHF,2025-10-21 18:34:42,2025-10-21 18:47:42,0.79565,0.79615,1,0.83,USD,,,,,,,,,,,,,,,,,,,,,,,,,,,,,,,,,,,,,,,
call,4ebf6657-d037-4e78-95f4-a22359187184,S780,GBP/CHF,2025-10-21 18:36:09,2025-10-21 18:49:09,1.06487,1.06505,1,0.8,USD,,,,,,,,,,,,,,,,,,,,,,,,,,,,,,,,,,,,,,,
call,30d18d66-ef5d-436a-b62d-b041046e5a58,S780,EUR/JPY,2025-10-21 18:47:07,2025-10-21 19:00:07,176.387,176.275,1,-1.0,USD,,,,,,,,,,,,,,,,,,,,,,,,,,,,,,,,,,,,,,,
call,cc9e9535-aecb-4bfe-8567-576f1f098f25,S780,USD/CAD,2025-10-21 18:53:07,2025-10-21 19:06:07,1.40186,1.40214,1,0.88,USD,,,,,,,,,,,,,,,,,,,,,,,,,,,,,,,,,,,,,,,
call,2e39c1b4-500f-48f7-86e6-25a0375530c4,S780,USD/JPY,2025-10-21 19:07:25,2025-10-21 19:20:25,151.887,151.899,1,0.84,USD,,,,,,,,,,,,,,,,,,,,,,,,,,,,,,,,,,,,,,,
call,a28dc9ab-b9d8-48e4-b300-15eab8619daa,S780,USD/CAD,2025-10-21 19:15:58,2025-10-21 19:28:58,1.40185,1.40223,1,0.66,USD,,,,,,,,,,,,,,,,,,,,,,,,,,,,,,,,,,,,,,,
call,97124b41-e97d-4ae0-b86c-1d6a219a0976,S780,USD/CAD,2025-10-21 19:17:35,2025-10-21 19:30:35,1.40199,1.40223,1,0.66,USD,,,,,,,,,,,,,,,,,,,,,,,,,,,,,,,,,,,,,,,
call,0a8d92b1-2483-41a9-be22-1dab47cb976e,S780,USD/CAD,2025-10-21 19:19:08,2025-10-21 19:32:08,1.40212,1.40204,1,-1.0,USD,,,,,,,,,,,,,,,,,,,,,,,,,,,,,,,,,,,,,,,
call,c844b49e-bfa2-4e70-8de0-a04fbc214e0b,S780,EUR/CAD,2025-10-21 19:20:34,2025-10-21 19:33:34,1.62724,1.62693,1,-1.0,USD,,,,,,,,,,,,,,,,,,,,,,,,,,,,,,,,,,,,,,,
call,fa1bc523-5dde-4122-b6fb-458f9aaa1c78,S780,USD/CAD,2025-10-21 19:20:51,2025-10-21 19:33:51,1.40192,1.40224,1,0.81,USD,,,,,,,,,,,,,,,,,,,,,,,,,,,,,,,,,,,,,,,
call,bc240bd5-8198-41b5-89c6-379e5975d788,S780,USD/CAD,2025-10-21 19:22:29,2025-10-21 19:35:29,1.40226,1.40213,1,-1.0,USD,,,,,,,,,,,,,,,,,,,,,,,,,,,,,,,,,,,,,,,
call,0a23b665-d7eb-4c70-adf7-b25d5e7fe9d4,S780,USD/CAD,2025-10-21 19:25:40,2025-10-21 19:38:40,1.40216,1.40225,1,0.81,USD,,,,,,,,,,,,,,,,,,,,,,,,,,,,,,,,,,,,,,,
call,048ec4ab-c835-4b0f-892e-8230a2a6df24,S780,EUR/AUD,2025-10-21 19:36:27,2025-10-21 19:49:27,1.7887,1.78813,1,-1.0,USD,,,,,,,,,,,,,,,,,,,,,,,,,,,,,,,,,,,,,,,
call,25e12c5f-f62d-4eee-9256-947f878cd461,S780,CAD/CHF,2025-10-21 19:44:17,2025-10-21 19:57:17,0.56764,0.56791,1,0.64,USD,,,,,,,,,,,,,,,,,,,,,,,,,,,,,,,,,,,,,,,
call,ac2e551f-b624-425d-a7e1-2aa91bc17875,S780,AUD/CAD,2025-10-21 19:47:21,2025-10-21 20:00:21,0.90966,0.90942,1,-1.0,USD,,,,,,,,,,,,,,,,,,,,,,,,,,,,,,,,,,,,,,,
call,fd37bc72-f62f-4926-87b7-00a15fc1fc4f,S780,AUD/CHF,2025-10-21 19:47:26,2025-10-21 20:00:26,0.51642,0.51645,1,0.82,USD,,,,,,,,,,,,,,,,,,,,,,,,,,,,,,,,,,,,,,,
call,90de2d94-e0e1-4a95-be22-27a6cad9d150,S780,AUD/CAD,2025-10-21 19:49:00,2025-10-21 20:02:00,0.90964,0.90947,1,-1.0,USD,,,,,,,,,,,,,,,,,,,,,,,,,,,,,,,,,,,,,,,
call,eb49def3-a8c3-48ab-8c8a-e262ee1324ea,S780,AUD/CAD,2025-10-21 19:50:35,2025-10-21 20:03:35,0.90954,0.90947,1,-1.0,USD,,,,,,,,,,,,,,,,,,,,,,,,,,,,,,,,,,,,,,,
call,4229c2aa-fd49-4259-ae2a-2b528a2a012d,S780,GBP/JPY,2025-10-21 20:06:10,2025-10-21 20:19:10,203.161,203.151,1,-1.0,USD,,,,,,,,,,,,,,,,,,,,,,,,,,,,,,,,,,,,,,,
call,2bc37772-ba0c-47cf-8aa1-99d03e4b49df,S780,GBP/USD,2025-10-21 20:07:48,2025-10-21 20:20:48,1.33759,1.33718,1,-1.0,USD,,,,,,,,,,,,,,,,,,,,,,,,,,,,,,,,,,,,,,,
call,4df29693-299e-48f9-ae7a-8a45bfa1c704,S780,CAD/JPY,2025-10-21 20:10:35,2025-10-21 20:23:35,108.393,108.382,1,-1.0,USD,,,,,,,,,,,,,,,,,,,,,,,,,,,,,,,,,,,,,,,
call,a80fff76-9214-4708-999c-ce5a745b0d41,S780,EUR/CHF,2025-10-21 20:10:46,2025-10-21 20:23:46,0.92354,0.92365,1,0.71,USD,,,,,,,,,,,,,,,,,,,,,,,,,,,,,,,,,,,,,,,
call,459d3b4a-40e3-4f74-80c3-df2e19bd3b15,S780,EUR/GBP,2025-10-21 20:10:51,2025-10-21 20:23:51,0.86777,0.86772,1,-1.0,USD,,,,,,,,,,,,,,,,,,,,,,,,,,,,,,,,,,,,,,,
call,f01ac43c-bb3d-45c8-a95d-398a3f13519b,S780,GBP/USD,2025-10-21 20:11:02,2025-10-21 20:24:02,1.33734,1.33719,1,-1.0,USD,,,,,,,,,,,,,,,,,,,,,,,,,,,,,,,,,,,,,,,
call,21330a1f-c41d-4591-9bb1-f66e2307aa88,S780,CAD/JPY,2025-10-21 20:12:17,2025-10-21 20:25:17,108.381,108.381,1,0.0,USD,,,,,,,,,,,,,,,,,,,,,,,,,,,,,,,,,,,,,,,
call,19e69128-10f8-4c70-bf99-90b076b6b031,S780,EUR/GBP,2025-10-21 20:12:28,2025-10-21 20:25:28,0.86772,0.86772,1,0.0,USD,,,,,,,,,,,,,,,,,,,,,,,,,,,,,,,,,,,,,,,
call,1ee964b9-8dc5-4a7b-8dba-33f2f5d5c5fb,S780,GBP/USD,2025-10-21 20:12:39,2025-10-21 20:25:39,1.33731,1.33727,1,-1.0,USD,,,,,,,,,,,,,,,,,,,,,,,,,,,,,,,,,,,,,,,
call,dfb7fdf2-d5e9-4dae-8980-c01aebc18dd8,S780,EUR/CHF,2025-10-21 20:16:31,2025-10-21 20:29:31,0.92349,0.92368,1,0.71,USD,,,,,,,,,,,,,,,,,,,,,,,,,,,,,,,,,,,,,,,
call,2dc2bc73-d956-4c52-a703-8e48c79a8087,S780,EUR/JPY,2025-10-21 20:31:11,2025-10-21 20:44:11,176.306,176.296,1,-1.0,USD,,,,,,,,,,,,,,,,,,,,,,,,,,,,,,,,,,,,,,,
call,dadd4abc-379a-467e-ab40-7c78b2f06f41,S780,GBP/CAD,2025-10-21 20:31:15,2025-10-21 20:44:15,1.87431,1.87452,1,0.67,USD,,,,,,,,,,,,,,,,,,,,,,,,,,,,,,,,,,,,,,,
call,4b92a1a9-9cd3-4e86-8270-9f9b4276d80f,S780,GBP/CAD,2025-10-21 20:32:54,2025-10-21 20:45:54,1.87442,1.87464,1,0.67,USD,,,,,,,,,,,,,,,,,,,,,,,,,,,,,,,,,,,,,,,
call,f21343b0-be12-4df7-9ebe-68679962cf96,S780,EUR/CHF,2025-10-21 20:34:21,2025-10-21 20:47:21,0.92372,0.92381,1,0.71,USD,,,,,,,,,,,,,,,,,,,,,,,,,,,,,,,,,,,,,,,
call,4356cfe7-8368-4ca6-8c9a-f3804f58e743,S780,GBP/CAD,2025-10-21 20:34:29,2025-10-21 20:47:29,1.87435,1.87467,1,0.7,USD,,,,,,,,,,,,,,,,,,,,,,,,,,,,,,,,,,,,,,,
call,5dd0a30c-1720-4c85-be69-e3d0e6a278d5,S780,AUD/CAD,2025-10-21 20:35:44,2025-10-21 20:48:44,0.90969,0.90971,1,0.71,USD,,,,,,,,,,,,,,,,,,,,,,,,,,,,,,,,,,,,,,,
call,45fcc6a5-a2ad-4468-981c-caf618ddc252,S780,AUD/JPY,2025-10-21 20:35:49,2025-10-21 20:48:49,98.593,98.577,1,-1.0,USD,,,,,,,,,,,,,,,,,,,,,,,,,,,,,,,,,,,,,,,
call,6d210142-e200-4b55-b3ea-1ddbf6618e74,S780,EUR/CHF,2025-10-21 20:36:03,2025-10-21 20:49:03,0.92375,0.92377,1,0.71,USD,,,,,,,,,,,,,,,,,,,,,,,,,,,,,,,,,,,,,,,
call,da38aa57-bf28-4762-95e6-b6feb8f11c43,S780,AUD/CAD,2025-10-21 20:37:24,2025-10-21 20:50:24,0.90968,0.90975,1,0.76,USD,,,,,,,,,,,,,,,,,,,,,,,,,,,,,,,,,,,,,,,
call,feba8444-962c-462a-8458-8a75b7f3c465,S780,AUD/USD,2025-10-21 20:37:29,2025-10-21 20:50:29,0.64903,0.64901,1,-1.0,USD,,,,,,,,,,,,,,,,,,,,,,,,,,,,,,,,,,,,,,,
call,e3b5cd6d-61ed-4526-96ef-d5b217431024,S780,EUR/CHF,2025-10-21 20:37:42,2025-10-21 20:50:42,0.92369,0.9238,1,0.71,USD,,,,,,,,,,,,,,,,,,,,,,,,,,,,,,,,,,,,,,,
call,fc692cbc-5814-4dd9-bdba-7e78adfabea7,S780,AUD/CAD,2025-10-21 20:39:00,2025-10-21 20:52:00,0.90972,0.9097,1,-1.0,USD,,,,,,,,,,,,,,,,,,,,,,,,,,,,,,,,,,,,,,,
call,5871db5f-d2da-4856-a397-905a0b7ff724,S780,AUD/USD,2025-10-21 20:39:09,2025-10-21 20:52:09,0.64908,0.64904,1,-1.0,USD,,,,,,,,,,,,,,,,,,,,,,,,,,,,,,,,,,,,,,,
call,13b2f03d-c341-402c-bc83-2b8e410c22ff,S780,AUD/CAD,2025-10-21 20:40:38,2025-10-21 20:53:38,0.9097,0.90972,1,0.73,USD,,,,,,,,,,,,,,,,,,,,,,,,,,,,,,,,,,,,,,,
call,5b5bf1ac-4b9a-441d-9d7c-61d83a6a0716,S780,EUR/CHF,2025-10-21 20:40:55,2025-10-21 20:53:55,0.92382,0.92378,1,-1.0,USD,,,,,,,,,,,,,,,,,,,,,,,,,,,,,,,,,,,,,,,
call,60b1bba4-631c-4e9f-a134-0572986e59ab,S780,EUR/CHF,2025-10-21 20:42:31,2025-10-21 20:55:31,0.92377,0.92381,1,0.71,USD,,,,,,,,,,,,,,,,,,,,,,,,,,,,,,,,,,,,,,,
call,a7417b8c-eec0-472f-bbc9-02f1c4fda0c5,S780,USD/JPY,2025-10-21 20:42:52,2025-10-21 20:55:52,151.896,151.899,1,0.63,USD,,,,,,,,,,,,,,,,,,,,,,,,,,,,,,,,,,,,,,,
call,fac673d5-14e0-4322-b367-3c4447c38f8d,S780,EUR/CHF,2025-10-21 20:44:10,2025-10-21 20:57:10,0.92377,0.92385,1,0.71,USD,,,,,,,,,,,,,,,,,,,,,,,,,,,,,,,,,,,,,,,
call,87fa900d-b9b8-4d74-b205-bde35b7f423c,S780,EUR/CHF,2025-10-21 20:45:47,2025-10-21 20:58:47,0.92377,0.92384,1,0.71,USD,,,,,,,,,,,,,,,,,,,,,,,,,,,,,,,,,,,,,,,
call,4d3ec5bc-791d-4340-8a53-09bc8542a82b,S780,USD/JPY,2025-10-21 20:46:05,2025-10-21 20:59:05,151.905,151.909,1,0.64,USD,,,,,,,,,,,,,,,,,,,,,,,,,,,,,,,,,,,,,,,
call,f4784d50-899a-4349-b42f-8ccc3c9caaae,S780,CAD/JPY,2025-10-21 20:53:30,2025-10-21 21:06:30,108.373,108.372,1,-1.0,USD,,,,,,,,,,,,,,,,,,,,,,,,,,,,,,,,,,,,,,,
call,cd7f45d0-f014-4802-ac8c-4e68e0119902,S780,CHF/JPY,2025-10-21 20:53:36,2025-10-21 21:06:36,190.83,190.808,1,-1.0,USD,,,,,,,,,,,,,,,,,,,,,,,,,,,,,,,,,,,,,,,
call,84e6b21e-b92b-4193-97d5-7df3fd9a9127,S780,CHF/JPY,2025-10-21 21:08:54,2025-10-21 21:21:54,190.827,190.839,1,0.88,USD,,,,,,,,,,,,,,,,,,,,,,,,,,,,,,,,,,,,,,,
call,c5b0564e-1ee0-4d4d-8dda-1ee19df83664,S780,EUR/USD,2025-10-21 21:38:53,2025-10-21 21:51:53,1.16044,1.16051,1,0.89,USD,,,,,,,,,,,,,,,,,,,,,,,,,,,,,,,,,,,,,,,
call,053ca31e-7fe0-449b-858c-0e302acc01b6,S780,EUR/CAD,2025-10-22 04:28:09,2025-10-22 04:41:09,1.62554,1.62564,1,0.78,USD,,,,,,,,,,,,,,,,,,,,,,,,,,,,,,,,,,,,,,,
call,04df145b-e081-4558-84b6-f1a412150448,S780,EUR/CAD,2025-10-22 04:29:43,2025-10-22 04:42:43,1.62556,1.62565,1,0.78,USD,,,,,,,,,,,,,,,,,,,,,,,,,,,,,,,,,,,,,,,
call,32b4246b-db33-44ba-b9af-a12fa623b3ae,S780,GBP/JPY,2025-10-22 04:55:09,2025-10-22 05:08:09,202.818,202.856,1,0.78,USD,,,,,,,,,,,,,,,,,,,,,,,,,,,,,,,,,,,,,,,
call,99d6ba67-3f37-4325-a364-7fe45a3cfb00,S780,GBP/CAD,2025-10-22 06:29:25,2025-10-22 06:42:25,1.8727,1.87296,1,0.74,USD,,,,,,,,,,,,,,,,,,,,,,,,,,,,,,,,,,,,,,,
call,09d7a577-252d-42ce-b1d4-91d543544698,S780,EUR/AUD,2025-10-22 06:47:57,2025-10-22 07:00:57,1.7861,1.7859,1,-1.0,USD,,,,,,,,,,,,,,,,,,,,,,,,,,,,,,,,,,,,,,,
call,659abeb4-4d24-42bf-91db-ab5f7c046fa2,S780,EUR/GBP,2025-10-22 06:48:04,2025-10-22 07:01:04,0.86764,0.86765,1,0.64,USD,,,,,,,,,,,,,,,,,,,,,,,,,,,,,,,,,,,,,,,
call,6b589708-b0d4-4aef-ac6b-18644a554bf7,S600,GBP/AUD,2025-10-22 07:39:30,2025-10-22 07:49:30,2.05756,2.05785,1,0.74,USD,,,,,,,,,,,,,,,,,,,,,,,,,,,,,,,,,,,,,,,
call,09b47602-f558-4a9b-92dd-1b6ca4bc1240,S600,GBP/AUD,2025-10-22 07:42:38,2025-10-22 07:52:38,2.05769,2.05796,1,0.74,USD,,,,,,,,,,,,,,,,,,,,,,,,,,,,,,,,,,,,,,,
call,9ba1a27e-df06-4aea-9250-cc7335cccb80,S600,CHF/JPY,2025-10-22 08:21:13,2025-10-22 08:31:13,190.927,190.747,1,-1.0,USD,,,,,,,,,,,,,,,,,,,,,,,,,,,,,,,,,,,,,,,
call,1885680b-cda4-4537-9fd7-7493fb6f0cf9,S600,AUD/CHF,2025-10-22 08:42:40,2025-10-22 08:52:40,0.51783,0.51769,1,-1.0,USD,,,,,,,,,,,,,,,,,,,,,,,,,,,,,,,,,,,,,,,
call,3846ffeb-5a8e-4bea-87f7-2acb2cf9141b,S600,EUR/CAD,2025-10-22 08:46:06,2025-10-22 08:56:06,1.62523,1.62532,1,0.67,USD,,,,,,,,,,,,,,,,,,,,,,,,,,,,,,,,,,,,,,,
call,861bb806-56df-45b6-b013-fd7268445f81,S600,GBP/AUD,2025-10-22 08:47:49,2025-10-22 08:57:49,2.04837,2.04865,1,0.69,USD,,,,,,,,,,,,,,,,,,,,,,,,,,,,,,,,,,,,,,,
call,2eaea7c6-7b89-4a9b-89c4-830c45121d51,S600,GBP/JPY,2025-10-22 08:47:54,2025-10-22 08:57:54,202.344,202.27,1,-1.0,USD,,,,,,,,,,,,,,,,,,,,,,,,,,,,,,,,,,,,,,,
call,3a68fda6-6c8b-488c-9bc0-d80d1b3408e9,S780,AUD/USD,2025-10-22 08:52:18,2025-10-22 09:05:18,0.65089,0.65043,1,-1.0,USD,,,,,,,,,,,,,,,,,,,,,,,,,,,,,,,,,,,,,,,
call,92017db2-03a4-4c71-972f-ebd5d493497d,S780,EUR/CAD,2025-10-22 08:52:25,2025-10-22 09:05:25,1.62541,1.62501,1,-1.0,USD,,,,,,,,,,,,,,,,,,,,,,,,,,,,,,,,,,,,,,,
call,0909a568-e805-4099-ae38-5ae47397e8cf,S780,CHF/JPY,2025-10-22 08:55:03,2025-10-22 09:08:03,190.809,190.649,1,-1.0,USD,,,,,,,,,,,,,,,,,,,,,,,,,,,,,,,,,,,,,,,
call,7781c61e-9379-4d6a-892d-1ac2ef3b44e7,S780,GBP/CHF,2025-10-22 09:04:48,2025-10-22 09:17:48,1.06055,1.06065,1,0.9,USD,,,,,,,,,,,,,,,,,,,,,,,,,,,,,,,,,,,,,,,
call,d685fbda-c88a-43d1-ad10-dfc951c9bf01,S780,AUD/JPY,2025-10-22 09:10:44,2025-10-22 09:23:44,98.705,98.7,1,-1.0,USD,,,,,,,,,,,,,,,,,,,,,,,,,,,,,,,,,,,,,,,
call,21588243-1bcc-4d62-b79b-777bef3f326e,S780,AUD/CAD,2025-10-22 09:21:44,2025-10-22 09:34:44,0.91045,0.9106,1,0.78,USD,,,,,,,,,,,,,,,,,,,,,,,,,,,,,,,,,,,,,,,
call,9f38dae0-ea7e-4ea3-a84b-fb43784b876f,S780,AUD/JPY,2025-10-22 09:23:02,2025-10-22 09:36:02,98.692,98.703,1,0.78,USD,,,,,,,,,,,,,,,,,,,,,,,,,,,,,,,,,,,,,,,
call,5bf7df26-d4ed-463a-b1e5-21d1db69d7e7,S780,AUD/CAD,2025-10-22 09:25:27,2025-10-22 09:38:27,0.91043,0.91052,1,0.78,USD,,,,,,,,,,,,,,,,,,,,,,,,,,,,,,,,,,,,,,,
call,633aee8f-03b6-4755-b09b-368d8e4945c6,S780,AUD/USD,2025-10-22 09:25:35,2025-10-22 09:38:35,0.65006,0.65017,1,0.62,USD,,,,,,,,,,,,,,,,,,,,,,,,,,,,,,,,,,,,,,,
call,b84480db-f713-44b6-9ede-b3835071ea8d,S780,CAD/JPY,2025-10-22 09:25:40,2025-10-22 09:38:40,108.399,108.382,1,-1.0,USD,,,,,,,,,,,,,,,,,,,,,,,,,,,,,,,,,,,,,,,
call,813deff0-2187-403b-b755-3edbe4e62c8b,S780,GBP/AUD,2025-10-22 09:25:55,2025-10-22 09:38:55,2.04887,2.05016,1,0.92,USD,,,,,,,,,,,,,,,,,,,,,,,,,,,,,,,,,,,,,,,
call,bc7305b6-8323-4d86-befd-2c49c41f9209,S780,GBP/CAD,2025-10-22 09:26:00,2025-10-22 09:39:00,1.86567,1.86697,1,0.81,USD,,,,,,,,,,,,,,,,,,,,,,,,,,,,,,,,,,,,,,,
call,b82bdf5a-8bb1-4bde-a16e-3b59a1c2df8f,S780,USD/JPY,2025-10-22 09:26:13,2025-10-22 09:39:13,151.828,151.782,1,-1.0,USD,,,,,,,,,,,,,,,,,,,,,,,,,,,,,,,,,,,,,,,
call,45b0916b-c4ac-46fc-98d0-4e74316317c9,S780,AUD/USD,2025-10-22 09:27:21,2025-10-22 09:40:21,0.64999,0.65029,1,0.62,USD,,,,,,,,,,,,,,,,,,,,,,,,,,,,,,,,,,,,,,,
call,f59f4192-fbba-4c2a-b281-2bddebcd0171,S780,EUR/AUD,2025-10-22 09:27:29,2025-10-22 09:40:29,1.78463,1.78422,1,-1.0,USD,,,,,,,,,,,,,,,,,,,,,,,,,,,,,,,,,,,,,,,
call,19c1e81d-01bf-4589-8d48-7efd8ef20896,S780,GBP/AUD,2025-10-22 09:27:40,2025-10-22 09:40:40,2.04891,2.05055,1,0.92,USD,,,,,,,,,,,,,,,,,,,,,,,,,,,,,,,,,,,,,,,
call,bcd5450e-25ac-4944-8dc1-69fdf064fba2,S780,GBP/CAD,2025-10-22 09:27:45,2025-10-22 09:40:45,1.86563,1.86726,1,0.83,USD,,,,,,,,,,,,,,,,,,,,,,,,,,,,,,,,,,,,,,,
call,efb53b5c-7ba8-41e1-bed3-fc41657d08f0,S780,AUD/USD,2025-10-22 09:29:04,2025-10-22 09:42:04,0.65026,0.65031,1,0.62,USD,,,,,,,,,,,,,,,,,,,,,,,,,,,,,,,,,,,,,,,
call,9949610e-9c9a-41f1-8e69-78ed52d54de7,S780,EUR/AUD,2025-10-22 09:29:12,2025-10-22 09:42:12,1.78396,1.78422,1,0.81,USD,,,,,,,,,,,,,,,,,,,,,,,,,,,,,,,,,,,,,,,
call,df98726e-63ad-4559-8cc2-3fc6e2896e4e,S780,GBP/AUD,2025-10-22 09:29:24,2025-10-22 09:42:24,2.04861,2.05038,1,0.92,USD,,,,,,,,,,,,,,,,,,,,,,,,,,,,,,,,,,,,,,,
call,93e790f1-ddf9-4831-b237-75f38e83791e,S780,GBP/CAD,2025-10-22 09:29:29,2025-10-22 09:42:29,1.86596,1.86726,1,0.83,USD,,,,,,,,,,,,,,,,,,,,,,,,,,,,,,,,,,,,,,,
call,d4b1ac4e-77da-43f0-ba72-4683ff11f5e4,S780,AUD/USD,2025-10-22 09:30:47,2025-10-22 09:43:47,0.65037,0.65033,1,-1.0,USD,,,,,,,,,,,,,,,,,,,,,,,,,,,,,,,,,,,,,,,
call,9d9b889e-a57a-45e0-b759-d5bdee361a46,S780,EUR/CHF,2025-10-22 09:31:00,2025-10-22 09:44:00,0.92353,0.92342,1,-1.0,USD,,,,,,,,,,,,,,,,,,,,,,,,,,,,,,,,,,,,,,,
call,33b93417-3c83-4715-980a-09dcaba598fe,S780,EUR/GBP,2025-10-22 09:31:06,2025-10-22 09:44:06,0.87061,0.87028,1,-1.0,USD,,,,,,,,,,,,,,,,,,,,,,,,,,,,,,,,,,,,,,,
call,04ab9d98-9d86-4b36-b965-caca76bfc960,S780,GBP/AUD,2025-10-22 09:31:14,2025-10-22 09:44:14,2.04902,2.05014,1,0.92,USD,,,,,,,,,,,,,,,,,,,,,,,,,,,,,,,,,,,,,,,
call,f8f0f471-eb0f-4896-b35f-0e9663e30b00,S780,EUR/CHF,2025-10-22 09:34:49,2025-10-22 09:47:49,0.92348,0.9234,1,-1.0,USD,,,,,,,,,,,,,,,,,,,,,,,,,,,,,,,,,,,,,,,
call,1deb634f-dbc7-4904-ba00-e63b582147a6,S780,AUD/JPY,2025-10-22 09:36:28,2025-10-22 09:49:28,98.698,98.662,1,-1.0,USD,,,,,,,,,,,,,,,,,,,,,,,,,,,,,,,,,,,,,,,
call,5cb0ea3f-c1f7-4bd1-83df-22fd7a6ea521,S780,EUR/GBP,2025-10-22 09:38:43,2025-10-22 09:51:43,0.87034,0.87038,1,0.77,USD,,,,,,,,,,,,,,,,,,,,,,,,,,,,,,,,,,,,,,,
call,cf63f2f8-3eff-468a-bb85-b2047f7e5dca,S780,GBP/AUD,2025-10-22 09:38:47,2025-10-22 09:51:47,2.05023,2.05019,1,-1.0,USD,,,,,,,,,,,,,,,,,,,,,,,,,,,,,,,,,,,,,,,
call,37ad262a-9b51-41fd-9de1-575c4caeab1a,S780,GBP/USD,2025-10-22 09:38:55,2025-10-22 09:51:55,1.33313,1.33331,1,0.82,USD,,,,,,,,,,,,,,,,,,,,,,,,,,,,,,,,,,,,,,,
call,1a2e891e-afe3-4c77-a761-b47a457eb5ca,S780,AUD/CAD,2025-10-22 09:40:10,2025-10-22 09:53:10,0.9106,0.91051,1,-1.0,USD,,,,,,,,,,,,,,,,,,,,,,,,,,,,,,,,,,,,,,,
call,a1c75117-dab3-4542-8b87-1a58e6b0a29e,S780,CAD/JPY,2025-10-22 09:40:19,2025-10-22 09:53:19,108.37,108.383,1,0.9,USD,,,,,,,,,,,,,,,,,,,,,,,,,,,,,,,,,,,,,,,
call,db36582f-ee10-49b1-b290-6128f60ae607,S780,EUR/GBP,2025-10-22 09:40:36,2025-10-22 09:53:36,0.87015,0.8703,1,0.78,USD,,,,,,,,,,,,,,,,,,,,,,,,,,,,,,,,,,,,,,,
call,c79f1ac5-7ba9-44af-91fd-c0b9657ced8b,S780,USD/JPY,2025-10-22 09:40:54,2025-10-22 09:53:54,151.765,151.774,1,0.61,USD,,,,,,,,,,,,,,,,,,,,,,,,,,,,,,,,,,,,,,,
call,f506ff54-e8a0-4ec7-af93-acfd79838592,S780,AUD/JPY,2025-10-22 09:42:04,2025-10-22 09:55:04,98.699,98.691,1,-1.0,USD,,,,,,,,,,,,,,,,,,,,,,,,,,,,,,,,,,,,,,,
call,e66264d0-81f6-4057-92b2-2c3b6da4be61,S780,CAD/JPY,2025-10-22 09:42:09,2025-10-22 09:55:09,108.382,108.378,1,-1.0,USD,,,,,,,,,,,,,,,,,,,,,,,,,,,,,,,,,,,,,,,
call,7bebfddd-0d5f-496b-8b21-fc664bdecb66,S780,EUR/GBP,2025-10-22 09:42:23,2025-10-22 09:55:23,0.87019,0.87032,1,0.79,USD,,,,,,,,,,,,,,,,,,,,,,,,,,,,,,,,,,,,,,,
call,a0f32687-478b-4133-89f9-b1d189c32f93,S780,AUD/CAD,2025-10-22 09:43:47,2025-10-22 09:56:47,0.91063,0.91075,1,0.63,USD,,,,,,,,,,,,,,,,,,,,,,,,,,,,,,,,,,,,,,,
call,766c8db5-1453-4987-8d99-8bccc528fdc1,S780,EUR/GBP,2025-10-22 09:44:04,2025-10-22 09:57:04,0.87024,0.87031,1,0.79,USD,,,,,,,,,,,,,,,,,,,,,,,,,,,,,,,,,,,,,,,
call,2eddd064-64fe-42df-9201-d028e99af3ad,S780,AUD/JPY,2025-10-22 09:45:34,2025-10-22 09:58:34,98.692,98.743,1,0.78,USD,,,,,,,,,,,,,,,,,,,,,,,,,,,,,,,,,,,,,,,
call,f54b3a98-cefd-4700-bd16-a88aecee70ac,S780,EUR/GBP,2025-10-22 09:45:49,2025-10-22 09:58:49,0.87013,0.87059,1,0.79,USD,,,,,,,,,,,,,,,,,,,,,,,,,,,,,,,,,,,,,,,
call,2f4b42f1-ac97-4993-958d-a818c090eb7a,S780,EUR/GBP,2025-10-22 09:47:34,2025-10-22 10:00:34,0.8702,0.87085,1,0.79,USD,,,,,,,,,,,,,,,,,,,,,,,,,,,,,,,,,,,,,,,
call,48edcd67-d655-4104-8be0-8a7a7d18b19d,S780,GBP/CAD,2025-10-22 09:47:42,2025-10-22 10:00:42,1.86744,1.86546,1,-1.0,USD,,,,,,,,,,,,,,,,,,,,,,,,,,,,,,,,,,,,,,,
call,559908a3-0d2b-4a37-87f4-76986466e213,S780,EUR/CHF,2025-10-22 09:49:11,2025-10-22 10:02:11,0.92339,0.92352,1,0.92,USD,,,,,,,,,,,,,,,,,,,,,,,,,,,,,,,,,,,,,,,
call,6a7568a6-f7f5-4ae3-b5c6-0f5aee540fdc,S780,EUR/GBP,2025-10-22 09:49:18,2025-10-22 10:02:18,0.87023,0.87065,1,0.79,USD,,,,,,,,,,,,,,,,,,,,,,,,,,,,,,,,,,,,,,,
call,8da03100-9a48-4c52-9c70-352390300846,S780,AUD/JPY,2025-10-22 09:50:42,2025-10-22 10:03:42,98.679,98.719,1,0.78,USD,,,,,,,,,,,,,,,,,,,,,,,,,,,,,,,,,,,,,,,
call,9216f0ff-fd30-4b72-9ca4-91dd44d56914,S780,EUR/CHF,2025-10-22 09:51:03,2025-10-22 10:04:03,0.92343,0.92363,1,0.92,USD,,,,,,,,,,,,,,,,,,,,,,,,,,,,,,,,,,,,,,,
call,24009838-5b90-4243-a48a-c092fa8d38bf,S780,EUR/GBP,2025-10-22 09:52:48,2025-10-22 10:05:48,0.87023,0.87044,1,0.79,USD,,,,,,,,,,,,,,,,,,,,,,,,,,,,,,,,,,,,,,,
call,971b2930-224f-42f2-a388-b4a027e8614d,S780,GBP/CAD,2025-10-22 09:52:57,2025-10-22 10:05:57,1.86716,1.86595,1,-1.0,USD,,,,,,,,,,,,,,,,,,,,,,,,,,,,,,,,,,,,,,,
call,896268a0-bc72-42c1-92d0-95e68da499ea,S780,GBP/CHF,2025-10-22 09:53:02,2025-10-22 10:06:02,1.06108,1.06088,1,-1.0,USD,,,,,,,,,,,,,,,,,,,,,,,,,,,,,,,,,,,,,,,
call,f391eb6d-688b-4b28-987f-418c0475ac53,S780,AUD/JPY,2025-10-22 09:54:18,2025-10-22 10:07:18,98.7,98.677,1,-1.0,USD,,,,,,,,,,,,,,,,,,,,,,,,,,,,,,,,,,,,,,,
call,5d3d3461-2663-4d00-ba2e-51ae44e06bb4,S780,AUD/USD,2025-10-22 09:54:23,2025-10-22 10:07:23,0.65022,0.64981,1,-1.0,USD,,,,,,,,,,,,,,,,,,,,,,,,,,,,,,,,,,,,,,,
call,6368224c-5a10-42db-a436-3fcd79b4bfaa,S780,EUR/CHF,2025-10-22 09:54:32,2025-10-22 10:07:32,0.92343,0.92346,1,0.92,USD,,,,,,,,,,,,,,,,,,,,,,,,,,,,,,,,,,,,,,,
call,dd323690-c783-40d8-9d49-b6284146e275,S780,EUR/GBP,2025-10-22 09:54:37,2025-10-22 10:07:37,0.87032,0.87042,1,0.79,USD,,,,,,,,,,,,,,,,,,,,,,,,,,,,,,,,,,,,,,,
call,b570d83a-e74a-4aa4-b00c-aa66b1083596,S780,AUD/CAD,2025-10-22 09:56:00,2025-10-22 10:09:00,0.91071,0.9104,1,-1.0,USD,,,,,,,,,,,,,,,,,,,,,,,,,,,,,,,,,,,,,,,
call,e5fd8ee9-bf6a-46e4-a397-1cfd99dc33ce,S780,AUD/CHF,2025-10-22 09:56:04,2025-10-22 10:09:04,0.51758,0.51765,1,0.92,USD,,,,,,,,,,,,,,,,,,,,,,,,,,,,,,,,,,,,,,,
call,4fdb7b9e-7ef4-455e-aa3b-b897e4dac412,S780,EUR/CHF,2025-10-22 09:56:19,2025-10-22 10:09:19,0.92344,0.92359,1,0.92,USD,,,,,,,,,,,,,,,,,,,,,,,,,,,,,,,,,,,,,,,
call,9294274e-1918-438f-b4ab-1af5f4ebf28f,S780,EUR/CHF,2025-10-22 09:57:57,2025-10-22 10:10:57,0.92343,0.92353,1,0.92,USD,,,,,,,,,,,,,,,,,,,,,,,,,,,,,,,,,,,,,,,
call,e2bf0b16-bf1e-4b84-8536-abbdd1897419,S780,EUR/GBP,2025-10-22 09:58:02,2025-10-22 10:11:02,0.87035,0.87013,1,-1.0,USD,,,,,,,,,,,,,,,,,,,,,,,,,,,,,,,,,,,,,,,
call,c8b00b8b-1d45-4e2d-9dcb-10abae68d9bb,S780,EUR/CHF,2025-10-22 09:59:43,2025-10-22 10:12:43,0.92347,0.9234,1,-1.0,USD,,,,,,,,,,,,,,,,,,,,,,,,,,,,,,,,,,,,,,,
call,8e7f685e-50f9-4634-a067-e94916f0b097,S780,EUR/GBP,2025-10-22 09:59:48,2025-10-22 10:12:48,0.87074,0.87021,1,-1.0,USD,,,,,,,,,,,,,,,,,,,,,,,,,,,,,,,,,,,,,,,
call,0590a6ea-c509-4477-9ab2-7ea21814ec55,S780,AUD/CAD,2025-10-22 10:01:17,2025-10-22 10:14:17,0.91059,0.91012,1,-1.0,USD,,,,,,,,,,,,,,,,,,,,,,,,,,,,,,,,,,,,,,,
call,1cd5ec81-d8ee-44e7-8d70-89ae51307e05,S780,CHF/JPY,2025-10-22 10:01:28,2025-10-22 10:14:28,190.658,190.497,1,-1.0,USD,,,,,,,,,,,,,,,,,,,,,,,,,,,,,,,,,,,,,,,
call,d967e87f-debd-4086-a2bc-fbc2b51ccdd1,S780,AUD/CAD,2025-10-22 10:03:06,2025-10-22 10:16:06,0.91051,0.90997,1,-1.0,USD,,,,,,,,,,,,,,,,,,,,,,,,,,,,,,,,,,,,,,,
call,39bb19c8-fd68-4219-a8c5-5f7ce88c915b,S780,CHF/JPY,2025-10-22 10:03:17,2025-10-22 10:16:17,190.682,190.42,1,-1.0,USD,,,,,,,,,,,,,,,,,,,,,,,,,,,,,,,,,,,,,,,
call,b742dac3-7466-4f3c-9b93-e2303e8a155b,S780,AUD/CAD,2025-10-22 10:04:54,2025-10-22 10:17:54,0.91026,0.90999,1,-1.0,USD,,,,,,,,,,,,,,,,,,,,,,,,,,,,,,,,,,,,,,,
call,afe302c2-9cd9-40de-a91a-d52d2eb747b0,S780,CHF/JPY,2025-10-22 10:05:07,2025-10-22 10:18:07,190.67,190.463,1,-1.0,USD,,,,,,,,,,,,,,,,,,,,,,,,,,,,,,,,,,,,,,,
call,52660044-6829-4f35-8248-902c254f034a,S780,AUD/CAD,2025-10-22 10:06:41,2025-10-22 10:19:41,0.91019,0.90983,1,-1.0,USD,,,,,,,,,,,,,,,,,,,,,,,,,,,,,,,,,,,,,,,
call,241e10d6-3dd8-4c01-bbec-84540d70e4a1,S780,AUD/JPY,2025-10-22 10:06:46,2025-10-22 10:19:46,98.677,98.571,1,-1.0,USD,,,,,,,,,,,,,,,,,,,,,,,,,,,,,,,,,,,,,,,
call,36bab03c-4459-41ae-a327-0f76ef84b362,S780,CHF/JPY,2025-10-22 10:06:51,2025-10-22 10:19:51,190.659,190.476,1,-1.0,USD,,,,,,,,,,,,,,,,,,,,,,,,,,,,,,,,,,,,,,,
call,20e00bab-b4be-4ffd-8b7d-2e3a258f3917,S780,GBP/USD,2025-10-22 10:07:20,2025-10-22 10:20:20,1.33205,1.33158,1,-1.0,USD,,,,,,,,,,,,,,,,,,,,,,,,,,,,,,,,,,,,,,,
call,bbc16773-0c99-47db-9eec-0ba96d59208a,S780,AUD/CAD,2025-10-22 10:08:30,2025-10-22 10:21:30,0.91044,0.90969,1,-1.0,USD,,,,,,,,,,,,,,,,,,,,,,,,,,,,,,,,,,,,,,,
call,02c9c438-14a5-48a1-b376-008eeb7a9eb1,S780,CHF/JPY,2025-10-22 10:08:39,2025-10-22 10:21:39,190.637,190.489,1,-1.0,USD,,,,,,,,,,,,,,,,,,,,,,,,,,,,,,,,,,,,,,,
call,608617bc-9d3b-4a30-b8e7-09970e3c2918,S780,EUR/CAD,2025-10-22 10:08:44,2025-10-22 10:21:44,1.62429,1.62423,1,-1.0,USD,,,,,,,,,,,,,,,,,,,,,,,,,,,,,,,,,,,,,,,
call,0913d8d9-67f4-4057-9d5d-7d0b962f238b,S780,GBP/USD,2025-10-22 10:09:06,2025-10-22 10:22:06,1.3324,1.33212,1,-1.0,USD,,,,,,,,,,,,,,,,,,,,,,,,,,,,,,,,,,,,,,,
call,f6f50d2d-3be4-4a9e-979b-27e08a20dc2e,S780,USD/JPY,2025-10-22 10:09:11,2025-10-22 10:22:11,151.841,151.705,1,-1.0,USD,,,,,,,,,,,,,,,,,,,,,,,,,,,,,,,,,,,,,,,
call,b22f0537-0979-4fb0-be6e-2d304e57b7ad,S780,AUD/CAD,2025-10-22 10:10:17,2025-10-22 10:23:17,0.91052,0.90978,1,-1.0,USD,,,,,,,,,,,,,,,,,,,,,,,,,,,,,,,,,,,,,,,
call,56a2d88e-69a2-4d70-a338-cbe7671cf5b5,S780,USD/JPY,2025-10-22 10:10:58,2025-10-22 10:23:58,151.825,151.668,1,-1.0,USD,,,,,,,,,,,,,,,,,,,,,,,,,,,,,,,,,,,,,,,
call,e0adce70-3812-482e-b14b-24a686080954,S780,AUD/CAD,2025-10-22 10:12:01,2025-10-22 10:25:01,0.91027,0.90993,1,-1.0,USD,,,,,,,,,,,,,,,,,,,,,,,,,,,,,,,,,,,,,,,
call,c95a765a-f02a-4447-9b12-12eb99e82d2e,S780,USD/JPY,2025-10-22 10:12:47,2025-10-22 10:25:47,151.774,151.679,1,-1.0,USD,,,,,,,,,,,,,,,,,,,,,,,,,,,,,,,,,,,,,,,
call,58de0b55-16dd-43f7-9003-818c25a23a8a,S780,CAD/JPY,2025-10-22 10:14:00,2025-10-22 10:27:00,108.345,108.343,1,-1.0,USD,,,,,,,,,,,,,,,,,,,,,,,,,,,,,,,,,,,,,,,
call,df9ea0fd-ac3a-4a72-8c26-41581580d042,S780,EUR/JPY,2025-10-22 10:14:19,2025-10-22 10:27:19,175.952,175.99,1,0.67,USD,,,,,,,,,,,,,,,,,,,,,,,,,,,,,,,,,,,,,,,
call,bd8e1270-9726-48f9-b348-9fd082e2c4ce,S780,GBP/JPY,2025-10-22 10:14:28,2025-10-22 10:27:28,202.095,202.12,1,0.66,USD,,,,,,,,,,,,,,,,,,,,,,,,,,,,,,,,,,,,,,,
call,c6cc672a-ab7c-4be2-bcc6-24691de9ef08,S780,EUR/JPY,2025-10-22 10:28:40,2025-10-22 10:41:40,175.959,175.933,1,-1.0,USD,,,,,,,,,,,,,,,,,,,,,,,,,,,,,,,,,,,,,,,
call,ef7490f7-2c47-4ca5-9283-0aac4548deed,S780,USD/JPY,2025-10-22 10:46:10,2025-10-22 10:59:10,151.73,151.684,1,-1.0,USD,,,,,,,,,,,,,,,,,,,,,,,,,,,,,,,,,,,,,,,
call,361113b4-4516-4d7a-a649-d852d3230d64,S780,USD/JPY,2025-10-22 10:47:47,2025-10-22 11:00:47,151.708,151.683,1,-1.0,USD,,,,,,,,,,,,,,,,,,,,,,,,,,,,,,,,,,,,,,,
call,4c74db50-0963-46b8-adc5-650c4110b88d,S780,AUD/USD,2025-10-22 11:09:36,2025-10-22 11:22:36,0.64951,0.64912,1,-1.0,USD,,,,,,,,,,,,,,,,,,,,,,,,,,,,,,,,,,,,,,,
call,e1cfec0e-d7ef-4cc8-a524-2b595ba5c0f5,S780,AUD/USD,2025-10-22 11:11:10,2025-10-22 11:24:10,0.64928,0.64921,1,-1.0,USD,,,,,,,,,,,,,,,,,,,,,,,,,,,,,,,,,,,,,,,
call,1bac5fc9-945c-4fdc-b8ee-54299ce60250,S780,AUD/CHF,2025-10-22 11:23:46,2025-10-22 11:36:46,0.51695,0.51719,1,0.88,USD,,,,,,,,,,,,,,,,,,,,,,,,,,,,,,,,,,,,,,,
call,2b3a2526-45bd-4d5c-9129-04fec8dfdc8c,S780,AUD/USD,2025-10-22 11:30:06,2025-10-22 11:43:06,0.64936,0.64951,1,0.89,USD,,,,,,,,,,,,,,,,,,,,,,,,,,,,,,,,,,,,,,,
call,5b0d7409-42b7-4fdf-8316-c8caf3b448c5,S780,AUD/USD,2025-10-22 11:31:39,2025-10-22 11:44:39,0.64949,0.64931,1,-1.0,USD,,,,,,,,,,,,,,,,,,,,,,,,,,,,,,,,,,,,,,,
call,0877822a-57fa-4a5c-b044-7e1cb9b47a80,S780,EUR/GBP,2025-10-22 11:49:07,2025-10-22 12:02:07,0.87041,0.87044,1,0.86,USD,,,,,,,,,,,,,,,,,,,,,,,,,,,,,,,,,,,,,,,
call,c8f8e465-0bed-4df9-8c57-e3b56f18d812,S780,EUR/USD,2025-10-22 11:49:12,2025-10-22 12:02:12,1.15961,1.15946,1,-1.0,USD,,,,,,,,,,,,,,,,,,,,,,,,,,,,,,,,,,,,,,,
call,a31201ff-2789-4b42-b833-57d0065702d8,S780,EUR/GBP,2025-10-22 11:50:42,2025-10-22 12:03:42,0.87044,0.87041,1,-1.0,USD,,,,,,,,,,,,,,,,,,,,,,,,,,,,,,,,,,,,,,,
call,df7099c2-4e18-4a7d-8e39-7f06eb47d3b7,S780,USD/JPY,2025-10-22 12:14:50,2025-10-22 12:27:50,151.741,151.788,1,0.91,USD,,,,,,,,,,,,,,,,,,,,,,,,,,,,,,,,,,,,,,,
call,072b6300-e0a3-42a0-b86e-65c89141fc77,S780,CHF/JPY,2025-10-22 12:19:11,2025-10-22 12:32:11,190.559,190.462,1,-1.0,USD,,,,,,,,,,,,,,,,,,,,,,,,,,,,,,,,,,,,,,,
call,c56d6e01-33b2-4841-9fa9-2b4b6205a7c5,S780,USD/JPY,2025-10-22 13:51:21,2025-10-22 14:04:21,151.739,151.765,1,0.74,USD,,,,,,,,,,,,,,,,,,,,,,,,,,,,,,,,,,,,,,,
call,0108d457-d75f-4137-8477-e966c9a775a3,S780,AUD/USD,2025-10-22 13:57:48,2025-10-22 14:10:48,0.64847,0.64861,1,0.85,USD,,,,,,,,,,,,,,,,,,,,,,,,,,,,,,,,,,,,,,,
call,2aa409a7-b1f2-4cd5-9330-2db6804cf6ce,S780,GBP/CAD,2025-10-22 14:51:46,2025-10-22 15:04:46,1.86857,1.86814,1,-1.0,USD,,,,,,,,,,,,,,,,,,,,,,,,,,,,,,,,,,,,,,,
call,2aafb811-5ba5-49e7-82af-bdcc2bc9bd71,S780,GBP/USD,2025-10-22 14:51:50,2025-10-22 15:04:50,1.33229,1.33223,1,-1.0,USD,,,,,,,,,,,,,,,,,,,,,,,,,,,,,,,,,,,,,,,
call,691efdd0-d51e-4f33-989d-97efd9bfe9e1,S780,GBP/AUD,2025-10-22 14:56:26,2025-10-22 15:09:26,2.0541,2.05324,1,-1.0,USD,,,,,,,,,,,,,,,,,,,,,,,,,,,,,,,,,,,,,,,
call,0e3e58d6-e888-4f66-9b1c-0303215bf0b3,S780,EUR/AUD,2025-10-22 14:59:38,2025-10-22 15:12:38,1.78512,1.78527,1,0.71,USD,,,,,,,,,,,,,,,,,,,,,,,,,,,,,,,,,,,,,,,
call,c6ceab30-7656-4839-af46-7020f446d4a8,S780,USD/CAD,2025-10-22 15:07:43,2025-10-22 15:20:43,1.40212,1.40216,1,0.78,USD,,,,,,,,,,,,,,,,,,,,,,,,,,,,,,,,,,,,,,,
call,f06a0e6f-8afc-4128-b95c-9b888d6aba6b,S780,AUD/CAD,2025-10-22 15:15:09,2025-10-22 15:28:09,0.90984,0.90962,1,-1.0,USD,,,,,,,,,,,,,,,,,,,,,,,,,,,,,,,,,,,,,,,
call,4a348f8d-21bd-4b17-b038-1f4676ae50a8,S780,USD/JPY,2025-10-22 15:48:12,2025-10-22 16:01:12,151.949,151.937,1,-1.0,USD,,,,,,,,,,,,,,,,,,,,,,,,,,,,,,,,,,,,,,,
call,870924c2-9108-41e3-acdd-34b2d8afe51c,S780,AUD/CAD,2025-10-22 16:30:50,2025-10-22 16:43:50,0.90826,0.90799,1,-1.0,USD,,,,,,,,,,,,,,,,,,,,,,,,,,,,,,,,,,,,,,,
call,b8babc42-1014-4b1e-a653-23d44e5e21ce,S780,AUD/JPY,2025-10-22 16:30:55,2025-10-22 16:43:55,98.61,98.577,1,-1.0,USD,,,,,,,,,,,,,,,,,,,,,,,,,,,,,,,,,,,,,,,
call,45911eaf-aec6-45c0-a04b-f31be2e1e11f,S780,EUR/USD,2025-10-22 16:31:12,2025-10-22 16:44:12,1.16023,1.16019,1,-1.0,USD,,,,,,,,,,,,,,,,,,,,,,,,,,,,,,,,,,,,,,,
call,dce09c48-fead-41d5-baf7-535da7fd5d04,S780,GBP/CHF,2025-10-22 16:31:21,2025-10-22 16:44:21,1.06294,1.06306,1,0.83,USD,,,,,,,,,,,,,,,,,,,,,,,,,,,,,,,,,,,,,,,
call,610b4965-a1a2-411e-b351-e050d0f80bf1,S780,USD/CAD,2025-10-22 16:31:26,2025-10-22 16:44:26,1.39926,1.39955,1,0.85,USD,,,,,,,,,,,,,,,,,,,,,,,,,,,,,,,,,,,,,,,
call,e2b30d28-c359-4dd8-8ba8-9a4333f2071e,S780,USD/JPY,2025-10-22 16:31:30,2025-10-22 16:44:30,151.889,151.949,1,0.78,USD,,,,,,,,,,,,,,,,,,,,,,,,,,,,,,,,,,,,,,,
call,32573525-2006-4263-8e24-c9cd937eef8d,S780,AUD/CAD,2025-10-22 16:32:33,2025-10-22 16:45:33,0.90801,0.90785,1,-1.0,USD,,,,,,,,,,,,,,,,,,,,,,,,,,,,,,,,,,,,,,,
call,3144a209-d45c-4b1c-bbc0-f6ba4d11be69,S780,AUD/CHF,2025-10-22 16:32:37,2025-10-22 16:45:37,0.51662,0.51656,1,-1.0,USD,,,,,,,,,,,,,,,,,,,,,,,,,,,,,,,,,,,,,,,
call,0a7ea7bc-20f1-49d9-9d76-7b60e0babefd,S780,AUD/JPY,2025-10-22 16:32:42,2025-10-22 16:45:42,98.577,98.604,1,0.84,USD,,,,,,,,,,,,,,,,,,,,,,,,,,,,,,,,,,,,,,,
call,51ffe3f7-ec4c-4392-91ad-de4f5bfd8612,S780,EUR/USD,2025-10-22 16:32:56,2025-10-22 16:45:56,1.16002,1.16017,1,0.76,USD,,,,,,,,,,,,,,,,,,,,,,,,,,,,,,,,,,,,,,,
call,855406db-6c32-44bb-847a-47dbc24c1c16,S780,USD/JPY,2025-10-22 16:33:11,2025-10-22 16:46:11,151.91,151.981,1,0.78,USD,,,,,,,,,,,,,,,,,,,,,,,,,,,,,,,,,,,,,,,
call,7a8451db-b0b3-4790-b212-a395ccfe39b5,S780,AUD/CAD,2025-10-22 16:34:14,2025-10-22 16:47:14,0.90827,0.90775,1,-1.0,USD,,,,,,,,,,,,,,,,,,,,,,,,,,,,,,,,,,,,,,,
call,da93eea9-f3a1-4c18-a6bc-666022ec05a0,S780,AUD/CHF,2025-10-22 16:34:18,2025-10-22 16:47:18,0.51676,0.5164,1,-1.0,USD,,,,,,,,,,,,,,,,,,,,,,,,,,,,,,,,,,,,,,,
call,ed105c7c-a2b0-4bcb-92ff-be7fdfaa8740,S780,AUD/USD,2025-10-22 16:34:23,2025-10-22 16:47:23,0.64911,0.64855,1,-1.0,USD,,,,,,,,,,,,,,,,,,,,,,,,,,,,,,,,,,,,,,,
call,eda9d966-2f71-4921-a679-79e5e91b9432,S780,CAD/CHF,2025-10-22 16:34:27,2025-10-22 16:47:27,0.56896,0.56887,1,-1.0,USD,,,,,,,,,,,,,,,,,,,,,,,,,,,,,,,,,,,,,,,
call,ca66a133-0bed-4226-bb41-8f2a5fe4aed3,S780,EUR/USD,2025-10-22 16:34:38,2025-10-22 16:47:38,1.16004,1.16012,1,0.81,USD,,,,,,,,,,,,,,,,,,,,,,,,,,,,,,,,,,,,,,,
call,b64fa2ab-b789-4d5a-961b-3aca9a3c99a0,S780,USD/JPY,2025-10-22 16:34:53,2025-10-22 16:47:53,151.922,151.942,1,0.78,USD,,,,,,,,,,,,,,,,,,,,,,,,,,,,,,,,,,,,,,,
call,91e649d5-1c28-45e9-b16d-f86d41eedbb5,S780,AUD/CAD,2025-10-22 16:35:56,2025-10-22 16:48:56,0.90836,0.90775,1,-1.0,USD,,,,,,,,,,,,,,,,,,,,,,,,,,,,,,,,,,,,,,,
call,c7aeea2a-decd-4cc6-8dc0-1129a684d5a8,S780,AUD/JPY,2025-10-22 16:36:01,2025-10-22 16:49:01,98.624,98.552,1,-1.0,USD,,,,,,,,,,,,,,,,,,,,,,,,,,,,,,,,,,,,,,,
call,7678972f-edbe-49ad-838c-9f8d60c4dce5,S780,AUD/USD,2025-10-22 16:36:05,2025-10-22 16:49:05,0.64915,0.64858,1,-1.0,USD,,,,,,,,,,,,,,,,,,,,,,,,,,,,,,,,,,,,,,,
call,e7828e84-c6d6-4192-954d-244c4b5e58da,S720,AUD/USD,2025-10-22 16:44:26,2025-10-22 16:56:26,0.6487,0.64894,1,0.81,USD,,,,,,,,,,,,,,,,,,,,,,,,,,,,,,,,,,,,,,,
call,8109c708-74ff-4ead-9970-1112307dcda6,S720,CAD/JPY,2025-10-22 16:44:31,2025-10-22 16:56:31,108.574,108.557,1,-1.0,USD,,,,,,,,,,,,,,,,,,,,,,,,,,,,,,,,,,,,,,,
call,e6f22aef-c339-4e3e-83d7-8bc9eb3f589c,S720,CAD/CHF,2025-10-22 16:44:35,2025-10-22 16:56:35,0.56892,0.56857,1,-1.0,USD,,,,,,,,,,,,,,,,,,,,,,,,,,,,,,,,,,,,,,,
call,16c3f9b2-b377-49c1-8386-1fb84c0f8183,S720,EUR/AUD,2025-10-22 16:44:40,2025-10-22 16:56:40,1.78835,1.7886,1,0.85,USD,,,,,,,,,,,,,,,,,,,,,,,,,,,,,,,,,,,,,,,
call,d7913882-7662-405e-bcc6-808470942ea3,S720,GBP/CHF,2025-10-22 16:44:51,2025-10-22 16:56:51,1.06301,1.06253,1,-1.0,USD,,,,,,,,,,,,,,,,,,,,,,,,,,,,,,,,,,,,,,,
call,2ba867c2-1b77-4abe-9be6-f998ec2f0fe1,S720,AUD/USD,2025-10-22 16:46:07,2025-10-22 16:58:07,0.64856,0.64912,1,0.81,USD,,,,,,,,,,,,,,,,,,,,,,,,,,,,,,,,,,,,,,,
call,12204a38-aeca-45e3-a055-f75add053395,S720,CAD/CHF,2025-10-22 16:46:11,2025-10-22 16:58:11,0.56886,0.56859,1,-1.0,USD,,,,,,,,,,,,,,,,,,,,,,,,,,,,,,,,,,,,,,,
call,62d05252-0152-4503-ae07-62ca900be11b,S720,EUR/AUD,2025-10-22 16:46:19,2025-10-22 16:58:19,1.78878,1.78828,1,-1.0,USD,,,,,,,,,,,,,,,,,,,,,,,,,,,,,,,,,,,,,,,
call,26104d93-b833-4411-a29c-96c9ad2eec61,S720,AUD/USD,2025-10-22 16:47:49,2025-10-22 16:59:49,0.64852,0.64927,1,0.81,USD,,,,,,,,,,,,,,,,,,,,,,,,,,,,,,,,,,,,,,,
call,5bc38c36-3c70-4328-bada-735dd5ef915f,S720,CAD/CHF,2025-10-22 16:47:54,2025-10-22 16:59:54,0.56883,0.5686,1,-1.0,USD,,,,,,,,,,,,,,,,,,,,,,,,,,,,,,,,,,,,,,,
call,ca441cea-f9cd-4f60-b1a6-56aa5e6f616f,S720,AUD/CHF,2025-10-22 16:49:25,2025-10-22 17:01:25,0.51657,0.51653,1,-1.0,USD,,,,,,,,,,,,,,,,,,,,,,,,,,,,,,,,,,,,,,,
call,2a8715cb-4c5f-4125-88c8-501e1fb7b76e,S720,AUD/USD,2025-10-22 16:49:30,2025-10-22 17:01:30,0.64868,0.64929,1,0.81,USD,,,,,,,,,,,,,,,,,,,,,,,,,,,,,,,,,,,,,,,
call,3707da4b-61eb-4a36-9868-f81067a4ab7d,S720,CAD/JPY,2025-10-22 16:49:35,2025-10-22 17:01:35,108.552,108.554,1,0.88,USD,,,,,,,,,,,,,,,,,,,,,,,,,,,,,,,,,,,,,,,
call,d5ae9fcd-97ce-4224-8452-aa1a1f5e3d5d,S720,CAD/CHF,2025-10-22 16:49:40,2025-10-22 17:01:40,0.56888,0.56853,1,-1.0,USD,,,,,,,,,,,,,,,,,,,,,,,,,,,,,,,,,,,,,,,
call,f4a8dc8b-2832-423b-9a7c-3d4afe00367f,S720,AUD/CAD,2025-10-22 16:51:07,2025-10-22 17:03:07,0.90837,0.90859,1,0.91,USD,,,,,,,,,,,,,,,,,,,,,,,,,,,,,,,,,,,,,,,
call,398e9f66-cead-4f48-8b5b-31db3d38029f,S720,AUD/CHF,2025-10-22 16:51:12,2025-10-22 17:03:12,0.51671,0.51654,1,-1.0,USD,,,,,,,,,,,,,,,,,,,,,,,,,,,,,,,,,,,,,,,
call,3f19664a-6c12-436b-a08e-1f1f616c5473,S720,AUD/USD,2025-10-22 16:51:17,2025-10-22 17:03:17,0.6488,0.64954,1,0.81,USD,,,,,,,,,,,,,,,,,,,,,,,,,,,,,,,,,,,,,,,
call,db0ab80a-412a-4aba-89f6-6d61ded13998,S720,AUD/CAD,2025-10-22 16:57:24,2025-10-22 17:09:24,0.90826,0.90876,1,0.92,USD,,,,,,,,,,,,,,,,,,,,,,,,,,,,,,,,,,,,,,,
call,a2d158ad-5012-4803-a65b-7e2c3e47b0ef,S720,AUD/JPY,2025-10-22 16:57:29,2025-10-22 17:09:29,98.603,98.633,1,0.86,USD,,,,,,,,,,,,,,,,,,,,,,,,,,,,,,,,,,,,,,,
call,4821c11e-1373-4da3-b87e-20cd1b0007a9,S720,GBP/CHF,2025-10-22 16:57:50,2025-10-22 17:09:50,1.06244,1.06344,1,0.68,USD,,,,,,,,,,,,,,,,,,,,,,,,,,,,,,,,,,,,,,,
call,c347b072-bd77-4dfa-a4bf-8acf7c242c6f,S720,AUD/CHF,2025-10-22 16:59:06,2025-10-22 17:11:06,0.51652,0.51682,1,0.92,USD,,,,,,,,,,,,,,,,,,,,,,,,,,,,,,,,,,,,,,,
call,2b091143-7fef-4e23-b65d-816ba3403baf,S720,GBP/CHF,2025-10-22 16:59:30,2025-10-22 17:11:30,1.06247,1.06313,1,0.68,USD,,,,,,,,,,,,,,,,,,,,,,,,,,,,,,,,,,,,,,,
call,d22f34c9-7fa5-49ef-95d6-65d50c8fc294,S720,USD/JPY,2025-10-22 16:59:39,2025-10-22 17:11:39,151.881,151.819,1,-1.0,USD,,,,,,,,,,,,,,,,,,,,,,,,,,,,,,,,,,,,,,,
call,d4c86cf8-eb96-4f96-88bc-fba4c7827b1e,S720,USD/CHF,2025-10-22 17:01:12,2025-10-22 17:13:12,0.79556,0.79542,1,-1.0,USD,,,,,,,,,,,,,,,,,,,,,,,,,,,,,,,,,,,,,,,
call,6a761bb6-4a62-415e-b87d-51c8194de7fa,S720,USD/JPY,2025-10-22 17:01:17,2025-10-22 17:13:17,151.902,151.786,1,-1.0,USD,,,,,,,,,,,,,,,,,,,,,,,,,,,,,,,,,,,,,,,
call,3efaa5ec-b165-406e-b91c-db3009ddb613,S720,USD/CHF,2025-10-22 17:02:48,2025-10-22 17:14:48,0.79547,0.79551,1,0.68,USD,,,,,,,,,,,,,,,,,,,,,,,,,,,,,,,,,,,,,,,
call,0e5a9758-0554-4aeb-ab2d-2167854e0c79,S720,USD/JPY,2025-10-22 17:02:53,2025-10-22 17:14:53,151.821,151.822,1,0.78,USD,,,,,,,,,,,,,,,,,,,,,,,,,,,,,,,,,,,,,,,
call,5222148d-4539-4004-b6c1-2e751e92295c,S720,USD/CAD,2025-10-22 17:04:25,2025-10-22 17:16:25,1.39904,1.39899,1,-1.0,USD,,,,,,,,,,,,,,,,,,,,,,,,,,,,,,,,,,,,,,,
call,8759ba8c-4cc6-4542-afb7-a1a322c0f36a,S720,USD/CHF,2025-10-22 17:04:29,2025-10-22 17:16:29,0.79541,0.79566,1,0.78,USD,,,,,,,,,,,,,,,,,,,,,,,,,,,,,,,,,,,,,,,
call,1f48d3b1-ccdf-442a-bb84-7997830559d5,S720,USD/JPY,2025-10-22 17:04:34,2025-10-22 17:16:34,151.816,151.806,1,-1.0,USD,,,,,,,,,,,,,,,,,,,,,,,,,,,,,,,,,,,,,,,
call,ab7499ad-88f8-46ef-ae1a-592333417e53,S720,EUR/GBP,2025-10-22 17:05:52,2025-10-22 17:17:52,0.86892,0.86891,1,-1.0,USD,,,,,,,,,,,,,,,,,,,,,,,,,,,,,,,,,,,,,,,
call,4072cf29-0d06-49e8-8398-3a249a046900,S720,USD/CAD,2025-10-22 17:06:09,2025-10-22 17:18:09,1.39927,1.39895,1,-1.0,USD,,,,,,,,,,,,,,,,,,,,,,,,,,,,,,,,,,,,,,,
call,03d9e62b-8c41-4dc2-a99c-8cafeb7eee7a,S720,USD/JPY,2025-10-22 17:06:14,2025-10-22 17:18:14,151.836,151.807,1,-1.0,USD,,,,,,,,,,,,,,,,,,,,,,,,,,,,,,,,,,,,,,,
call,d7b34674-e033-4353-9926-7fb1ff7b33c4,S720,EUR/AUD,2025-10-22 17:07:30,2025-10-22 17:19:30,1.78721,1.7871,1,-1.0,USD,,,,,,,,,,,,,,,,,,,,,,,,,,,,,,,,,,,,,,,
call,5ac8aaaf-dce7-4ca2-baaa-1551e1f940dd,S720,EUR/GBP,2025-10-22 17:07:37,2025-10-22 17:19:37,0.86881,0.86879,1,-1.0,USD,,,,,,,,,,,,,,,,,,,,,,,,,,,,,,,,,,,,,,,
call,ae632b43-69f9-49a9-843e-c181e406f476,S720,USD/CAD,2025-10-22 17:07:51,2025-10-22 17:19:51,1.39919,1.39867,1,-1.0,USD,,,,,,,,,,,,,,,,,,,,,,,,,,,,,,,,,,,,,,,
call,6bfdb21a-f24b-4b04-bf3e-d02d860e61ff,S720,USD/CHF,2025-10-22 17:07:56,2025-10-22 17:19:56,0.79569,0.79545,1,-1.0,USD,,,,,,,,,,,,,,,,,,,,,,,,,,,,,,,,,,,,,,,
call,98460901-2aa4-43fd-af00-a1fdf7037d30,S720,USD/CHF,2025-10-22 17:09:33,2025-10-22 17:21:33,0.79568,0.79524,1,-1.0,USD,,,,,,,,,,,,,,,,,,,,,,,,,,,,,,,,,,,,,,,
call,a0ab2c35-961d-432e-82fe-ff267612d2b1,S720,EUR/AUD,2025-10-22 17:10:51,2025-10-22 17:22:51,1.78719,1.78783,1,0.92,USD,,,,,,,,,,,,,,,,,,,,,,,,,,,,,,,,,,,,,,,
call,6798e2f7-b1fc-41b4-8e02-4c4a52de84b4,S720,EUR/GBP,2025-10-22 17:10:59,2025-10-22 17:22:59,0.8689,0.86888,1,-1.0,USD,,,,,,,,,,,,,,,,,,,,,,,,,,,,,,,,,,,,,,,
call,bfc56efa-6cf7-436e-93ac-0e90bfb1106b,S720,USD/CAD,2025-10-22 17:11:09,2025-10-22 17:23:09,1.39906,1.39893,1,-1.0,USD,,,,,,,,,,,,,,,,,,,,,,,,,,,,,,,,,,,,,,,
call,50940730-ae40-40f8-afb0-ac90f24e7429,S720,CHF/JPY,2025-10-22 17:12:28,2025-10-22 17:24:28,190.824,190.801,1,-1.0,USD,,,,,,,,,,,,,,,,,,,,,,,,,,,,,,,,,,,,,,,
call,1eec9a71-2bd3-4c28-b463-20d276a0ca9d,S720,EUR/AUD,2025-10-22 17:12:32,2025-10-22 17:24:32,1.78737,1.7881,1,0.92,USD,,,,,,,,,,,,,,,,,,,,,,,,,,,,,,,,,,,,,,,
call,8e83c187-d8ed-42b9-be86-be90979c4d3d,S720,CHF/JPY,2025-10-22 17:14:04,2025-10-22 17:26:04,190.807,190.821,1,0.85,USD,,,,,,,,,,,,,,,,,,,,,,,,,,,,,,,,,,,,,,,
call,8529eaba-34c2-4595-8643-de634f663f3f,S720,EUR/CAD,2025-10-22 17:14:09,2025-10-22 17:26:09,1.6242,1.62412,1,-1.0,USD,,,,,,,,,,,,,,,,,,,,,,,,,,,,,,,,,,,,,,,
call,7fc9f4ac-63f7-4e40-b5ae-0713ee01794f,S720,CHF/JPY,2025-10-22 17:15:41,2025-10-22 17:27:41,190.799,190.817,1,0.85,USD,,,,,,,,,,,,,,,,,,,,,,,,,,,,,,,,,,,,,,,
call,23d7fbf3-2566-4621-a139-335783f198e1,S720,EUR/CAD,2025-10-22 17:15:45,2025-10-22 17:27:45,1.62415,1.62448,1,0.8,USD,,,,,,,,,,,,,,,,,,,,,,,,,,,,,,,,,,,,,,,
call,6619423b-0956-486e-bdee-b2c15b02deaa,S720,CHF/JPY,2025-10-22 17:17:24,2025-10-22 17:29:24,190.814,190.819,1,0.85,USD,,,,,,,,,,,,,,,,,,,,,,,,,,,,,,,,,,,,,,,
call,ecfc59f4-c9e2-4f85-a144-81cf20a08cee,S720,EUR/CAD,2025-10-22 17:17:29,2025-10-22 17:29:29,1.62461,1.62431,1,-1.0,USD,,,,,,,,,,,,,,,,,,,,,,,,,,,,,,,,,,,,,,,
call,7950db69-9178-4ebe-b9ee-8c3001caf94a,S720,AUD/CAD,2025-10-22 17:20:56,2025-10-22 17:32:56,0.90875,0.90852,1,-1.0,USD,,,,,,,,,,,,,,,,,,,,,,,,,,,,,,,,,,,,,,,
call,0b046ffb-5dff-4475-9faa-1091a82128c8,S720,AUD/CAD,2025-10-22 17:22:30,2025-10-22 17:34:30,0.9086,0.90847,1,-1.0,USD,,,,,,,,,,,,,,,,,,,,,,,,,,,,,,,,,,,,,,,
call,fcd96c9e-37b1-468d-accc-b3b8e3334fae,S720,AUD/CHF,2025-10-22 17:33:20,2025-10-22 17:45:20,0.5167,0.51714,1,0.92,USD,,,,,,,,,,,,,,,,,,,,,,,,,,,,,,,,,,,,,,,
call,12cb095f-4d12-499e-b787-a91c859abf5a,S720,EUR/USD,2025-10-22 17:33:37,2025-10-22 17:45:37,1.16118,1.1613,1,0.78,USD,,,,,,,,,,,,,,,,,,,,,,,,,,,,,,,,,,,,,,,
call,5275ba21-f3ee-4d0f-ab56-49b3c492f895,S600,GBP/USD,2025-10-22 17:47:25,2025-10-22 17:57:25,1.33692,1.33721,1,0.86,USD,,,,,,,,,,,,,,,,,,,,,,,,,,,,,,,,,,,,,,,
call,59de5fcc-97f3-4321-bd60-8a0ad6c500e4,S600,CAD/JPY,2025-10-22 17:48:38,2025-10-22 17:58:38,108.541,108.582,1,0.74,USD,,,,,,,,,,,,,,,,,,,,,,,,,,,,,,,,,,,,,,,
call,c3acb734-fbf7-49b1-b399-8ffb505853a5,S600,GBP/USD,2025-10-22 17:50:39,2025-10-22 18:00:39,1.33683,1.33702,1,0.86,USD,,,,,,,,,,,,,,,,,,,,,,,,,,,,,,,,,,,,,,,
call,f049c458-8b0e-49b6-b351-bb75d1cc13b7,S600,GBP/USD,2025-10-22 17:55:23,2025-10-22 18:05:23,1.33686,1.33685,1,-1.0,USD,,,,,,,,,,,,,,,,,,,,,,,,,,,,,,,,,,,,,,,
call,2d1dbddc-32c0-4896-b472-f2d25cfa68bb,S600,AUD/CAD,2025-10-22 17:56:32,2025-10-22 18:06:32,0.90893,0.90867,1,-1.0,USD,,,,,,,,,,,,,,,,,,,,,,,,,,,,,,,,,,,,,,,
call,ccc871aa-ab5c-42ce-b879-78c573d21219,S600,GBP/USD,2025-10-22 17:57:01,2025-10-22 18:07:01,1.33731,1.33683,1,-1.0,USD,,,,,,,,,,,,,,,,,,,,,,,,,,,,,,,,,,,,,,,
call,c179d499-9f60-4736-be04-59063f2ae866,S600,EUR/CHF,2025-10-22 17:59:54,2025-10-22 18:09:54,0.92397,0.92418,1,0.89,USD,,,,,,,,,,,,,,,,,,,,,,,,,,,,,,,,,,,,,,,
call,daa3e041-096a-4c87-b3bd-5abaefc255e7,S600,EUR/CHF,2025-10-22 18:01:30,2025-10-22 18:11:30,0.9241,0.92421,1,0.92,USD,,,,,,,,,,,,,,,,,,,,,,,,,,,,,,,,,,,,,,,
call,8ed531c7-268b-4426-9c9c-c26174a25d7f,S600,GBP/JPY,2025-10-22 18:04:47,2025-10-22 18:14:47,202.961,202.919,1,-1.0,USD,,,,,,,,,,,,,,,,,,,,,,,,,,,,,,,,,,,,,,,
call,2db461c3-d18b-453b-8f9d-8ace82ebd918,S600,CAD/CHF,2025-10-22 18:06:02,2025-10-22 18:16:02,0.56916,0.56914,1,-1.0,USD,,,,,,,,,,,,,,,,,,,,,,,,,,,,,,,,,,,,,,,
call,e7d5f816-237a-428b-b3b6-68794152d666,S600,GBP/CHF,2025-10-22 18:06:19,2025-10-22 18:16:19,1.06395,1.06395,1,0.0,USD,,,,,,,,,,,,,,,,,,,,,,,,,,,,,,,,,,,,,,,
call,9c784cf7-8df2-4eaf-b8ee-0e80a9655029,S600,AUD/CHF,2025-10-22 18:07:31,2025-10-22 18:17:31,0.51722,0.5173,1,0.92,USD,,,,,,,,,,,,,,,,,,,,,,,,,,,,,,,,,,,,,,,
call,e17f1e35-6f4f-4cf0-b4e8-912bb5beb5b6,S600,AUD/USD,2025-10-22 18:07:35,2025-10-22 18:17:35,0.64991,0.65007,1,0.88,USD,,,,,,,,,,,,,,,,,,,,,,,,,,,,,,,,,,,,,,,
call,061c8a7e-e688-4b32-8711-f24e57e5ad7b,S600,AUD/USD,2025-10-22 18:09:07,2025-10-22 18:19:07,0.64997,0.65002,1,0.88,USD,,,,,,,,,,,,,,,,,,,,,,,,,,,,,,,,,,,,,,,
call,74c27ff1-7f32-419b-a37e-78a6f29376d5,S600,CAD/CHF,2025-10-22 18:09:11,2025-10-22 18:19:11,0.56918,0.5691,1,-1.0,USD,,,,,,,,,,,,,,,,,,,,,,,,,,,,,,,,,,,,,,,
call,d8724ab5-e71d-417e-bcd5-06f4269d7065,S600,GBP/CHF,2025-10-22 18:09:29,2025-10-22 18:19:29,1.06389,1.06385,1,-1.0,USD,,,,,,,,,,,,,,,,,,,,,,,,,,,,,,,,,,,,,,,
call,db88a386-e2f7-40bc-bec8-3d7604d8e842,S600,AUD/USD,2025-10-22 18:10:50,2025-10-22 18:20:50,0.64986,0.64981,1,-1.0,USD,,,,,,,,,,,,,,,,,,,,,,,,,,,,,,,,,,,,,,,
call,1db255dc-5675-4d36-be62-fca820556bce,S600,AUD/USD,2025-10-22 18:17:45,2025-10-22 18:27:45,0.65005,0.65005,1,0.0,USD,,,,,,,,,,,,,,,,,,,,,,,,,,,,,,,,,,,,,,,
call,e6b97057-4c18-4e28-be15-210454fc7922,S600,AUD/CHF,2025-10-22 18:19:16,2025-10-22 18:29:16,0.51719,0.51698,1,-1.0,USD,,,,,,,,,,,,,,,,,,,,,,,,,,,,,,,,,,,,,,,
call,7fd3bd58-dba6-4ae3-b071-0f1e213339d5,S600,AUD/USD,2025-10-22 18:19:20,2025-10-22 18:29:20,0.64998,0.64978,1,-1.0,USD,,,,,,,,,,,,,,,,,,,,,,,,,,,,,,,,,,,,,,,
call,19f8eefe-9c86-4beb-b38e-e760140eeecb,S600,AUD/CHF,2025-10-22 18:20:53,2025-10-22 18:30:53,0.51709,0.51593,1,-1.0,USD,,,,,,,,,,,,,,,,,,,,,,,,,,,,,,,,,,,,,,,
call,09f36909-0614-4009-abd0-0a6eef15794d,S600,AUD/USD,2025-10-22 18:20:58,2025-10-22 18:30:58,0.64978,0.64902,1,-1.0,USD,,,,,,,,,,,,,,,,,,,,,,,,,,,,,,,,,,,,,,,
call,38bc432f-bf6b-40ee-87bc-d40f9ffa2775,S600,AUD/USD,2025-10-22 18:22:28,2025-10-22 18:32:28,0.64976,0.64832,1,-1.0,USD,,,,,,,,,,,,,,,,,,,,,,,,,,,,,,,,,,,,,,,
call,dea9cc70-5c19-400d-a61f-dd7002b0f55c,S600,EUR/USD,2025-10-22 18:33:24,2025-10-22 18:43:24,1.16208,1.16177,1,-1.0,USD,,,,,,,,,,,,,,,,,,,,,,,,,,,,,,,,,,,,,,,
call,1e4eea9b-9f52-4d48-9b35-3f6e4908c8bf,S600,EUR/GBP,2025-10-22 18:36:29,2025-10-22 18:46:29,0.86874,0.86869,1,-1.0,USD,,,,,,,,,,,,,,,,,,,,,,,,,,,,,,,,,,,,,,,
call,58bacb47-b8ea-42b4-b4f1-ff1c281c4c64,S600,EUR/AUD,2025-10-22 18:37:59,2025-10-22 18:47:59,1.78943,1.78938,1,-1.0,USD,,,,,,,,,,,,,,,,,,,,,,,,,,,,,,,,,,,,,,,
call,c2d0a5e5-fc59-432f-b3c9-f4ef956d1bdd,S600,EUR/CAD,2025-10-22 18:44:05,2025-10-22 18:54:05,1.62464,1.62426,1,-1.0,USD,,,,,,,,,,,,,,,,,,,,,,,,,,,,,,,,,,,,,,,
call,fdac23fa-8403-4d85-8d88-4c1f4424b62f,S780,GBP/USD,2025-10-22 18:58:03,2025-10-22 19:11:03,1.3374,1.33663,1,-1.0,USD,,,,,,,,,,,,,,,,,,,,,,,,,,,,,,,,,,,,,,,
call,b8c9e4ca-aba9-44c3-8e8b-1acc028d2fc2,S780,GBP/USD,2025-10-22 18:59:36,2025-10-22 19:12:36,1.33718,1.33646,1,-1.0,USD,,,,,,,,,,,,,,,,,,,,,,,,,,,,,,,,,,,,,,,
call,82935c2e-59c0-49a5-9c1f-b83ce361ed99,S780,EUR/CHF,2025-10-22 19:00:57,2025-10-22 19:13:57,0.92403,0.92386,1,-1.0,USD,,,,,,,,,,,,,,,,,,,,,,,,,,,,,,,,,,,,,,,
call,fefe10fa-73fe-4b09-8b48-f255a9ffa577,S780,GBP/USD,2025-10-22 19:01:14,2025-10-22 19:14:14,1.33715,1.33662,1,-1.0,USD,,,,,,,,,,,,,,,,,,,,,,,,,,,,,,,,,,,,,,,
call,12c868f5-337b-4070-a70c-10cedfb39976,S780,AUD/JPY,2025-10-22 19:10:03,2025-10-22 19:23:03,98.572,98.399,1,-1.0,USD,,,,,,,,,,,,,,,,,,,,,,,,,,,,,,,,,,,,,,,
call,6b662e8a-5d91-4a50-b847-938925ac4847,S780,EUR/GBP,2025-10-22 19:39:21,2025-10-22 19:52:21,0.86916,0.86936,1,0.76,USD,,,,,,,,,,,,,,,,,,,,,,,,,,,,,,,,,,,,,,,
call,78102e26-432b-42b7-852e-df8414edd830,S780,EUR/GBP,2025-10-22 19:40:51,2025-10-22 19:53:51,0.86916,0.8694,1,0.76,USD,,,,,,,,,,,,,,,,,,,,,,,,,,,,,,,,,,,,,,,
call,437048ba-c97d-4154-8ee1-287360c05f33,S780,GBP/AUD,2025-10-22 19:48:34,2025-10-22 20:01:34,2.06083,2.06022,1,-1.0,USD,,,,,,,,,,,,,,,,,,,,,,,,,,,,,,,,,,,,,,,
call,4d8c1ac0-42b6-4d1c-82e0-d64032b38b46,S780,EUR/GBP,2025-10-22 20:00:45,2025-10-22 20:13:45,0.86923,0.86933,1,0.71,USD,,,,,,,,,,,,,,,,,,,,,,,,,,,,,,,,,,,,,,,
call,ed9fca68-2191-4424-836d-226f106e6040,S780,USD/CHF,2025-10-22 20:11:46,2025-10-22 20:24:46,0.79534,0.79543,1,0.86,USD,,,,,,,,,,,,,,,,,,,,,,,,,,,,,,,,,,,,,,,
call,c64866d8-ee87-4e8a-9b63-dde3340b8254,S780,USD/CHF,2025-10-22 20:16:24,2025-10-22 20:29:24,0.79533,0.7955,1,0.86,USD,,,,,,,,,,,,,,,,,,,,,,,,,,,,,,,,,,,,,,,
call,4ea77659-6d80-4bb1-9ac5-28c180046e1a,S780,USD/CAD,2025-10-22 20:21:00,2025-10-22 20:34:00,1.39934,1.39915,1,-1.0,USD,,,,,,,,,,,,,,,,,,,,,,,,,,,,,,,,,,,,,,,
call,a5a114fe-e6ca-4fb1-8904-935930ec16bf,S780,AUD/JPY,2025-10-22 20:23:43,2025-10-22 20:36:43,98.392,98.44,1,0.9,USD,,,,,,,,,,,,,,,,,,,,,,,,,,,,,,,,,,,,,,,
call,e45b0483-dd36-4845-9469-308e9efdb037,S780,AUD/JPY,2025-10-22 20:28:24,2025-10-22 20:41:24,98.415,98.435,1,0.9,USD,,,,,,,,,,,,,,,,,,,,,,,,,,,,,,,,,,,,,,,
call,ce0df966-f342-4dd2-a727-613b930cfc86,S780,USD/CAD,2025-10-22 20:33:24,2025-10-22 20:46:24,1.39915,1.39919,1,0.76,USD,,,,,,,,,,,,,,,,,,,,,,,,,,,,,,,,,,,,,,,
call,e1751b5c-e1e6-4a1a-b9b3-b60c8b11aa09,S780,AUD/JPY,2025-10-22 20:42:15,2025-10-22 20:55:15,98.473,98.496,1,0.9,USD,,,,,,,,,,,,,,,,,,,,,,,,,,,,,,,,,,,,,,,
call,1ffe7555-f78a-4106-9569-2125a3c17061,S780,CAD/JPY,2025-10-22 20:42:20,2025-10-22 20:55:20,108.522,108.56,1,0.77,USD,,,,,,,,,,,,,,,,,,,,,,,,,,,,,,,,,,,,,,,
call,9b609cef-c8b0-478e-8503-d685957c1019,S780,CHF/JPY,2025-10-22 20:48:28,2025-10-22 21:01:28,190.772,190.801,1,0.86,USD,,,,,,,,,,,,,,,,,,,,,,,,,,,,,,,,,,,,,,,
call,0e493e19-4477-40a7-a283-35fd7cdf5cda,S780,CHF/JPY,2025-10-22 20:51:33,2025-10-22 21:04:33,190.749,190.774,1,0.86,USD,,,,,,,,,,,,,,,,,,,,,,,,,,,,,,,,,,,,,,,
call,2496278e-ca2c-4988-9fdf-469dbdaafb8f,S780,CHF/JPY,2025-10-22 20:53:06,2025-10-22 21:06:06,190.761,190.81,1,0.86,USD,,,,,,,,,,,,,,,,,,,,,,,,,,,,,,,,,,,,,,,
call,ec1cfd46-a2de-4609-b530-5a45e767fa5d,S780,USD/CHF,2025-10-22 20:59:32,2025-10-22 21:12:32,0.79593,0.79598,1,0.86,USD,,,,,,,,,,,,,,,,,,,,,,,,,,,,,,,,,,,,,,,
call,8c9ab81a-bd70-45db-8e12-c653429731b2,S780,USD/CHF,2025-10-22 21:01:08,2025-10-22 21:14:08,0.79597,0.796,1,0.89,USD,,,,,,,,,,,,,,,,,,,,,,,,,,,,,,,,,,,,,,,
call,1bf4c76c-ffde-425e-9b76-060032c1de51,S780,AUD/CAD,2025-10-22 21:02:10,2025-10-22 21:15:10,0.90723,0.90747,1,0.83,USD,,,,,,,,,,,,,,,,,,,,,,,,,,,,,,,,,,,,,,,
call,c3dce447-6897-4bec-893d-44c2716c808d,S780,EUR/JPY,2025-10-22 21:04:00,2025-10-22 21:17:00,176.281,176.34,1,0.86,USD,,,,,,,,,,,,,,,,,,,,,,,,,,,,,,,,,,,,,,,
call,2e920fc0-57a6-44c9-99a4-6ac5dc65d176,S780,AUD/CAD,2025-10-22 21:05:18,2025-10-22 21:18:18,0.90735,0.90746,1,0.83,USD,,,,,,,,,,,,,,,,,,,,,,,,,,,,,,,,,,,,,,,
call,af13ead1-5611-4393-8526-d473d290a5b0,S780,EUR/JPY,2025-10-22 21:05:34,2025-10-22 21:18:34,176.29,176.34,1,0.86,USD,,,,,,,,,,,,,,,,,,,,,,,,,,,,,,,,,,,,,,,
call,3950b97b-24f2-4a2d-bc63-1773e6e54f71,S780,EUR/JPY,2025-10-22 21:08:40,2025-10-22 21:21:40,176.333,176.379,1,0.86,USD,,,,,,,,,,,,,,,,,,,,,,,,,,,,,,,,,,,,,,,
call,7f946b03-8abc-4982-9ba3-6a50754c1f10,S780,EUR/GBP,2025-10-23 04:34:41,2025-10-23 04:47:41,0.86949,0.86946,1,-1.0,USD,,,,,,,,,,,,,,,,,,,,,,,,,,,,,,,,,,,,,,,
call,0922d0a4-8448-4f24-bb62-0287119b3802,S780,EUR/GBP,2025-10-23 04:36:25,2025-10-23 04:49:25,0.86946,0.86945,1,-1.0,USD,,,,,,,,,,,,,,,,,,,,,,,,,,,,,,,,,,,,,,,
call,90e4415f-6d4b-4837-8b6c-59ab6ff8cadc,S780,USD/CAD,2025-10-23 04:52:03,2025-10-23 05:05:03,1.4003,1.4001,1,-1.0,USD,,,,,,,,,,,,,,,,,,,,,,,,,,,,,,,,,,,,,,,
call,32e2fa16-a0b1-4634-a0cd-2669a7576dbd,S780,EUR/GBP,2025-10-23 04:56:34,2025-10-23 05:09:34,0.86949,0.86933,1,-1.0,USD,,,,,,,,,,,,,,,,,,,,,,,,,,,,,,,,,,,,,,,
call,7089c4a2-935b-4aea-93d6-93ed196596f8,S780,EUR/JPY,2025-10-23 04:59:43,2025-10-23 05:12:43,176.804,176.799,1,-1.0,USD,,,,,,,,,,,,,,,,,,,,,,,,,,,,,,,,,,,,,,,
call,6ebe1b4a-a4fa-47e7-a0c8-cba1171f7b70,S780,AUD/JPY,2025-10-23 05:09:15,2025-10-23 05:22:15,98.874,98.905,1,0.74,USD,,,,,,,,,,,,,,,,,,,,,,,,,,,,,,,,,,,,,,,
call,ca819acb-92e9-408f-bc91-5f72982eb2c7,S780,EUR/CHF,2025-10-23 05:45:06,2025-10-23 05:58:06,0.92457,0.92447,1,-1.0,USD,2025-10-23 06:40:25.772932,SELL,"SELL (score=6, HTF=NEUTRAL)",0.92525,SELL,57.863902569875826,HOLD,0.925184364319238,HOLD,0.9251252685872314,HOLD,0.9249212573943932,BUY,2.9799294491539285e-05,BUY,2.02517856146078e-05,SELL,85.0000000000111,SELL,90.00000000000739,BUY,0.9252839766329356,0.9250700233670646,SELL,114.7798742138408,HOLD,11.547833495405254,SELL,-14.999999999988898,HOLD,3.863891198376719e-05,HOLD,,3.0,6.0,6.0,NEUTRAL,NEUTRAL,NEUTRAL
call,0cf39000-2a7c-491f-9a43-64448eaf4b40,S780,EUR/USD,2025-10-23 05:57:25,2025-10-23 06:10:25,1.15925,1.15914,1,-1.0,USD,2025-10-23 06:24:45.458167,BUY,"BUY (score=5, HTF=NEUTRAL)",1.1593,BUY,44.40720397087221,HOLD,1.1593409130689274,HOLD,1.1594295058833517,HOLD,1.1596526029465852,SELL,-2.255749443302868e-05,SELL,-3.0357412974039647e-05,BUY,16.66666666664611,BUY,20.370370370324704,BUY,1.1594347434485015,1.1591962565514982,HOLD,-21.915871332546967,SELL,14.82844975761831,BUY,-83.33333333335389,HOLD,3.977726054346617e-05,HOLD,,5.0,4.0,6.0,NEUTRAL,NEUTRAL,NEUTRAL
call,31d0d3c7-af8d-4f0c-ac6d-216142d1c1c1,S780,USD/CAD,2025-10-23 05:57:32,2025-10-23 06:10:32,1.39999,1.40023,1,0.59,USD,2025-10-23 06:25:08.040656,SELL,"SELL (score=6, HTF=NEUTRAL)",1.3997,SELL,57.33592900211016,HOLD,1.3994350658468078,HOLD,1.3993996839734677,HOLD,1.399340722613484,BUY,3.1760107346956445e-05,BUY,9.933157773607326e-06,SELL,100.0,SELL,80.27210884353933,BUY,1.3996922204569326,1.3990977795430672,SELL,207.48299319716529,HOLD,6.724054976127974,SELL,-0.0,BUY,0.0001446125453826,HOLD,,4.0,6.0,5.0,NEUTRAL,NEUTRAL,NEUTRAL
call,4a74390a-d634-48a0-baec-845fd710c73e,S780,AUD/USD,2025-10-23 06:00:06,2025-10-23 06:13:06,0.64795,0.64806,1,0.78,USD,2025-10-23 06:24:16.065350,BUY,"BUY (score=10, HTF=NEUTRAL)",0.65117,BUY,42.267506870964986,HOLD,0.6512941773242956,HOLD,0.6512047222059756,BUY,0.6504087585254649,BUY,1.3256729443633652e-05,BUY,4.2276509681372384e-05,BUY,0.0,BUY,7.575757575756831,BUY,0.6515057035418013,0.6511922964581986,BUY,-191.85423365483155,BUY,12.184737734612703,BUY,-100.0,HOLD,5.4845003662999246e-05,HOLD,,10.0,1.0,4.0,NEUTRAL,NEUTRAL,NEUTRAL
call,78bae00a-c78c-45ea-aa00-48ff6222ff7c,S780,GBP/CAD,2025-10-23 06:00:30,2025-10-23 06:13:30,1.86634,1.86642,1,0.68,USD,2025-10-23 06:24:53.462918,SELL,"SELL (score=5, HTF=NEUTRAL)",1.868,SELL,54.15845660269195,HOLD,1.867920685453437,HOLD,1.867909860492481,HOLD,1.8678222988802056,BUY,6.290275645692844e-05,BUY,2.6121961534030904e-05,SELL,75.86206896554232,SELL,83.03229337713026,BUY,1.868327819892333,1.8672841801076667,HOLD,51.322751322820274,BUY,15.44825297370063,SELL,-24.137931034457676,HOLD,8.63846574960729e-05,HOLD,,4.0,5.0,6.0,NEUTRAL,NEUTRAL,NEUTRAL
call,9c5c8c70-381b-42ce-bc18-164eeafd4257,S780,GBP/USD,2025-10-23 06:00:35,2025-10-23 06:13:35,1.33324,1.33318,1,-1.0,USD,2025-10-23 06:25:04.485186,BUY,"BUY (score=9, HTF=NEUTRAL)",1.33481,BUY,40.9012808389842,HOLD,1.33497381202536,HOLD,1.3350040948550723,HOLD,1.334999288644317,BUY,2.6983029768334887e-06,BUY,3.6531828618657647e-06,BUY,12.195121951244609,BUY,40.44242768011205,BUY,1.3352303688991505,1.3346336311008498,HOLD,-59.8039215686044,BUY,14.207930800798913,BUY,-87.80487804875538,BUY,7.079022964164137e-05,HOLD,,9.0,1.0,5.0,NEUTRAL,NEUTRAL,NEUTRAL
call,9420fd4a-39c0-47d9-b598-3411701100e5,S780,EUR/AUD,2025-10-23 06:02:12,2025-10-23 06:15:12,1.7884,1.7885,1,0.67,USD,2025-10-23 06:24:29.603956,SELL,"SELL (score=7, HTF=NEUTRAL)",1.78079,SELL,58.38378013168808,HOLD,1.780574475589516,HOLD,1.7807347644683038,HOLD,1.782056794430643,BUY,4.9586222341080344e-05,SELL,-3.142300120692475e-05,SELL,90.90909090910009,SELL,95.45454545455006,BUY,1.780937274626113,1.7800667253738875,SELL,99.89594172755108,BUY,19.1464606280314,SELL,-9.090909090899917,HOLD,9.460270828844574e-05,HOLD,,3.0,7.0,5.0,NEUTRAL,NEUTRAL,NEUTRAL
call,0820cc27-b339-45ff-aa55-ab9864a23576,S780,GBP/AUD,2025-10-23 06:02:22,2025-10-23 06:15:22,2.05673,2.05681,1,0.78,USD,2025-10-23 06:24:49.394757,SELL,"SELL (score=6, HTF=NEUTRAL)",2.05079,SELL,64.37955693576762,HOLD,2.050249094918004,HOLD,2.0502834844581703,HOLD,2.0513741868025415,BUY,0.0001440870020914,BUY,4.548114297953474e-05,SELL,100.0,SELL,93.93939393940074,BUY,2.0508528277805205,2.04940717221948,SELL,139.24050632910652,BUY,20.2427257421436,SELL,-0.0,BUY,0.0001524629766399,HOLD,,5.0,6.0,4.0,NEUTRAL,NEUTRAL,NEUTRAL
call,452c3ef5-7a29-449a-9565-63cd1ee92100,S780,GBP/USD,2025-10-23 06:02:30,2025-10-23 06:15:30,1.33305,1.33323,1,0.68,USD,2025-10-23 06:25:04.485186,BUY,"BUY (score=9, HTF=NEUTRAL)",1.33481,BUY,40.9012808389842,HOLD,1.33497381202536,HOLD,1.3350040948550723,HOLD,1.334999288644317,BUY,2.6983029768334887e-06,BUY,3.6531828618657647e-06,BUY,12.195121951244609,BUY,40.44242768011205,BUY,1.3352303688991505,1.3346336311008498,HOLD,-59.8039215686044,BUY,14.207930800798913,BUY,-87.80487804875538,BUY,7.079022964164137e-05,HOLD,,9.0,1.0,5.0,NEUTRAL,NEUTRAL,NEUTRAL
call,8cf6e5f1-89ba-40a8-9832-7b682f5f7293,S780,EUR/AUD,2025-10-23 06:03:54,2025-10-23 06:16:54,1.7884,1.78861,1,0.74,USD,2025-10-23 06:24:29.603956,SELL,"SELL (score=7, HTF=NEUTRAL)",1.78079,SELL,58.38378013168808,HOLD,1.780574475589516,HOLD,1.7807347644683038,HOLD,1.782056794430643,BUY,4.9586222341080344e-05,SELL,-3.142300120692475e-05,SELL,90.90909090910009,SELL,95.45454545455006,BUY,1.780937274626113,1.7800667253738875,SELL,99.89594172755108,BUY,19.1464606280314,SELL,-9.090909090899917,HOLD,9.460270828844574e-05,HOLD,,3.0,7.0,5.0,NEUTRAL,NEUTRAL,NEUTRAL
call,9efe2610-12fd-49e0-94ad-3706fb63faae,S780,GBP/AUD,2025-10-23 06:04:08,2025-10-23 06:17:08,2.05661,2.05676,1,0.78,USD,2025-10-23 06:24:49.394757,SELL,"SELL (score=6, HTF=NEUTRAL)",2.05079,SELL,64.37955693576762,HOLD,2.050249094918004,HOLD,2.0502834844581703,HOLD,2.0513741868025415,BUY,0.0001440870020914,BUY,4.548114297953474e-05,SELL,100.0,SELL,93.93939393940074,BUY,2.0508528277805205,2.04940717221948,SELL,139.24050632910652,BUY,20.2427257421436,SELL,-0.0,BUY,0.0001524629766399,HOLD,,5.0,6.0,4.0,NEUTRAL,NEUTRAL,NEUTRAL
call,0bff8fc6-da0e-4f98-b9bd-ae8eeca8a6db,S780,GBP/CAD,2025-10-23 06:04:13,2025-10-23 06:17:13,1.8661,1.86661,1,0.74,USD,2025-10-23 06:24:53.462918,SELL,"SELL (score=5, HTF=NEUTRAL)",1.868,SELL,54.15845660269195,HOLD,1.867920685453437,HOLD,1.867909860492481,HOLD,1.8678222988802056,BUY,6.290275645692844e-05,BUY,2.6121961534030904e-05,SELL,75.86206896554232,SELL,83.03229337713026,BUY,1.868327819892333,1.8672841801076667,HOLD,51.322751322820274,BUY,15.44825297370063,SELL,-24.137931034457676,HOLD,8.63846574960729e-05,HOLD,,4.0,5.0,6.0,NEUTRAL,NEUTRAL,NEUTRAL
call,7ad50314-ad25-46e8-8a76-79c850560e21,S780,GBP/USD,2025-10-23 06:04:18,2025-10-23 06:17:18,1.33291,1.33333,1,0.72,USD,2025-10-23 06:25:04.485186,BUY,"BUY (score=9, HTF=NEUTRAL)",1.33481,BUY,40.9012808389842,HOLD,1.33497381202536,HOLD,1.3350040948550723,HOLD,1.334999288644317,BUY,2.6983029768334887e-06,BUY,3.6531828618657647e-06,BUY,12.195121951244609,BUY,40.44242768011205,BUY,1.3352303688991505,1.3346336311008498,HOLD,-59.8039215686044,BUY,14.207930800798913,BUY,-87.80487804875538,BUY,7.079022964164137e-05,HOLD,,9.0,1.0,5.0,NEUTRAL,NEUTRAL,NEUTRAL
call,14b9b6c7-c8b0-4d31-a324-557632494705,S780,EUR/GBP,2025-10-23 06:07:16,2025-10-23 06:20:16,0.86943,0.8695,1,0.64,USD,2025-10-23 06:24:38.651829,SELL,"SELL (score=3, HTF=NEUTRAL)",0.86843,BUY,48.69473406020549,HOLD,0.8684278493522696,HOLD,0.8684787415829388,HOLD,0.8686517579338041,SELL,-2.402126239786639e-05,SELL,-2.6856514109329993e-05,HOLD,54.16666666669365,HOLD,48.61111111113296,BUY,0.8685778404874969,0.8683021595125031,HOLD,-10.752688171994874,HOLD,11.240468894896406,HOLD,-45.83333333330635,HOLD,2.9048860670283788e-05,HOLD,,2.0,3.0,10.0,NEUTRAL,NEUTRAL,NEUTRAL
call,651ffd62-4812-4515-9487-2cdc09f1f8a5,S780,CAD/JPY,2025-10-23 06:17:28,2025-10-23 06:30:28,108.903,108.904,1,0.68,USD,2025-10-23 06:40:07.701729,SELL,"SELL (score=6, HTF=NEUTRAL)",109.063,SELL,54.91228282558005,HOLD,109.05630230391084,HOLD,109.05113592520442,HOLD,109.0233034587704,BUY,0.0035423038525124,BUY,0.0026987459656535,SELL,84.61538461541825,SELL,87.1794871795152,BUY,109.06872442870988,109.04137557129012,SELL,93.72236958439969,HOLD,7.944052422706031,SELL,-15.38461538458175,HOLD,0.0064050675719141,HOLD,,3.0,6.0,6.0,NEUTRAL,NEUTRAL,NEUTRAL
call,2aa997ad-370f-4fe2-b547-41f5e44972a2,S780,EUR/JPY,2025-10-23 06:17:47,2025-10-23 06:30:47,176.78,176.753,1,-1.0,USD,2025-10-23 06:24:41.859211,SELL,"SELL (score=6, HTF=NEUTRAL)",176.93401,SELL,57.46428106480802,HOLD,176.91702821852826,HOLD,176.91996823521066,HOLD,176.90152681880778,BUY,0.0046411257362422,BUY,0.0002523424251575,SELL,93.89795918365154,SELL,92.53741496595812,BUY,176.9446822893466,176.8795257106534,SELL,108.25315404813864,BUY,12.396954777239,SELL,-6.102040816348465,HOLD,0.0090611872758944,HOLD,,4.0,6.0,5.0,NEUTRAL,NEUTRAL,NEUTRAL
call,d274d25f-2d55-4842-888f-52c7cbc4d019,S780,USD/JPY,2025-10-23 06:18:06,2025-10-23 06:31:06,152.469,152.444,1,-1.0,USD,2025-10-23 06:25:15.227887,SELL,"SELL (score=6, HTF=NEUTRAL)",152.636,SELL,64.09417920464725,HOLD,152.602909740104,HOLD,152.5928594357428,HOLD,152.54683149893737,BUY,0.008278947105083,BUY,0.0043822903963766,SELL,100.0,SELL,100.0,BUY,152.63497128842744,152.5664267115726,SELL,168.1120080004755,HOLD,11.449900389089946,SELL,-0.0,HOLD,0.0098829585436506,HOLD,,3.0,6.0,6.0,NEUTRAL,NEUTRAL,NEUTRAL
call,1645f03a-08ff-420d-8f5a-3ba749efe064,S780,CAD/JPY,2025-10-23 06:19:17,2025-10-23 06:32:17,108.908,108.898,1,-1.0,USD,2025-10-23 06:40:07.701729,SELL,"SELL (score=6, HTF=NEUTRAL)",109.063,SELL,54.91228282558005,HOLD,109.05630230391084,HOLD,109.05113592520442,HOLD,109.0233034587704,BUY,0.0035423038525124,BUY,0.0026987459656535,SELL,84.61538461541825,SELL,87.1794871795152,BUY,109.06872442870988,109.04137557129012,SELL,93.72236958439969,HOLD,7.944052422706031,SELL,-15.38461538458175,HOLD,0.0064050675719141,HOLD,,3.0,6.0,6.0,NEUTRAL,NEUTRAL,NEUTRAL
call,93e174f5-202c-4d2b-acbd-6e01acad2b00,S780,EUR/JPY,2025-10-23 06:19:33,2025-10-23 06:32:33,176.787,176.761,1,-1.0,USD,2025-10-23 06:24:41.859211,SELL,"SELL (score=6, HTF=NEUTRAL)",176.93401,SELL,57.46428106480802,HOLD,176.91702821852826,HOLD,176.91996823521066,HOLD,176.90152681880778,BUY,0.0046411257362422,BUY,0.0002523424251575,SELL,93.89795918365154,SELL,92.53741496595812,BUY,176.9446822893466,176.8795257106534,SELL,108.25315404813864,BUY,12.396954777239,SELL,-6.102040816348465,HOLD,0.0090611872758944,HOLD,,4.0,6.0,5.0,NEUTRAL,NEUTRAL,NEUTRAL
call,2e9b86c0-70e9-4534-8abf-0b96597745d5,S780,AUD/JPY,2025-10-23 06:21:01,2025-10-23 06:34:01,98.854,98.826,1,-1.0,USD,2025-10-23 06:24:12.545982,BUY,"BUY (score=5, HTF=NEUTRAL)",99.348,BUY,48.5962544832218,HOLD,99.35112057131116,HOLD,99.34515911519908,HOLD,99.26121977496972,SELL,-0.0015935471748065,BUY,0.0007074371049732,BUY,25.641025641037785,BUY,14.529914529922657,BUY,99.37677394637404,99.32872605362594,HOLD,-31.905961377003976,HOLD,9.670099716330409,HOLD,-74.35897435896221,HOLD,0.00768911967504,HOLD,,5.0,2.0,8.0,NEUTRAL,NEUTRAL,NEUTRAL
call,934aa2be-9944-484e-9048-f9d22e6d38a5,S780,EUR/JPY,2025-10-23 06:21:16,2025-10-23 06:34:16,176.802,176.77,1,-1.0,USD,2025-10-23 06:24:41.859211,SELL,"SELL (score=6, HTF=NEUTRAL)",176.93401,SELL,57.46428106480802,HOLD,176.91702821852826,HOLD,176.91996823521066,HOLD,176.90152681880778,BUY,0.0046411257362422,BUY,0.0002523424251575,SELL,93.89795918365154,SELL,92.53741496595812,BUY,176.9446822893466,176.8795257106534,SELL,108.25315404813864,BUY,12.396954777239,SELL,-6.102040816348465,HOLD,0.0090611872758944,HOLD,,4.0,6.0,5.0,NEUTRAL,NEUTRAL,NEUTRAL
call,0b73f5ec-db01-4a94-aa93-9d0bb159d728,S780,AUD/JPY,2025-10-23 06:22:41,2025-10-23 06:35:41,98.855,98.836,1,-1.0,USD,2025-10-23 06:24:12.545982,BUY,"BUY (score=5, HTF=NEUTRAL)",99.348,BUY,48.5962544832218,HOLD,99.35112057131116,HOLD,99.34515911519908,HOLD,99.26121977496972,SELL,-0.0015935471748065,BUY,0.0007074371049732,BUY,25.641025641037785,BUY,14.529914529922657,BUY,99.37677394637404,99.32872605362594,HOLD,-31.905961377003976,HOLD,9.670099716330409,HOLD,-74.35897435896221,HOLD,0.00768911967504,HOLD,,5.0,2.0,8.0,NEUTRAL,NEUTRAL,NEUTRAL
call,f36ed5b7-a5c6-4e9e-aee1-46d6eb27b02a,S780,AUD/JPY,2025-10-23 06:24:20,2025-10-23 06:37:20,98.854,98.835,1,-1.0,USD,2025-10-23 06:24:12.545982,BUY,"BUY (score=5, HTF=NEUTRAL)",99.348,BUY,48.5962544832218,HOLD,99.35112057131116,HOLD,99.34515911519908,HOLD,99.26121977496972,SELL,-0.0015935471748065,BUY,0.0007074371049732,BUY,25.641025641037785,BUY,14.529914529922657,BUY,99.37677394637404,99.32872605362594,HOLD,-31.905961377003976,HOLD,9.670099716330409,HOLD,-74.35897435896221,HOLD,0.00768911967504,HOLD,,5.0,2.0,8.0,NEUTRAL,NEUTRAL,NEUTRAL
call,0dd46a31-7542-4dd8-a542-5e0ab96df96b,S780,GBP/CAD,2025-10-23 06:24:43,2025-10-23 06:37:43,1.86654,1.86649,1,-1.0,USD,2025-10-23 06:24:53.462918,SELL,"SELL (score=5, HTF=NEUTRAL)",1.868,SELL,54.15845660269195,HOLD,1.867920685453437,HOLD,1.867909860492481,HOLD,1.8678222988802056,BUY,6.290275645692844e-05,BUY,2.6121961534030904e-05,SELL,75.86206896554232,SELL,83.03229337713026,BUY,1.868327819892333,1.8672841801076667,HOLD,51.322751322820274,BUY,15.44825297370063,SELL,-24.137931034457676,HOLD,8.63846574960729e-05,HOLD,,4.0,5.0,6.0,NEUTRAL,NEUTRAL,NEUTRAL
call,353c929e-0126-4a21-93c2-8ee85b47de28,S780,EUR/CAD,2025-10-23 06:27:48,2025-10-23 06:40:48,1.62296,1.62308,1,0.69,USD,2025-10-23 06:24:33.355251,SELL,"SELL (score=7, HTF=NEUTRAL)",1.62231,SELL,54.74545777541309,HOLD,1.6222267239536603,HOLD,1.6223122634279366,HOLD,1.6225600809659446,BUY,1.1376684908359636e-05,SELL,-2.8652425539717134e-05,SELL,81.818181818139,SELL,81.53743315504691,BUY,1.622413012569629,1.6218759874303708,SELL,95.60947429232262,BUY,13.451560590377872,SELL,-18.181818181861,HOLD,5.9323593602496165e-05,HOLD,,3.0,7.0,5.0,NEUTRAL,NEUTRAL,NEUTRAL
call,6890f2ca-4c91-4502-97ea-a39dabaa220c,S780,EUR/JPY,2025-10-23 06:27:56,2025-10-23 06:40:56,176.8,176.798,1,-1.0,USD,2025-10-23 06:24:41.859211,SELL,"SELL (score=6, HTF=NEUTRAL)",176.93401,SELL,57.46428106480802,HOLD,176.91702821852826,HOLD,176.91996823521066,HOLD,176.90152681880778,BUY,0.0046411257362422,BUY,0.0002523424251575,SELL,93.89795918365154,SELL,92.53741496595812,BUY,176.9446822893466,176.8795257106534,SELL,108.25315404813864,BUY,12.396954777239,SELL,-6.102040816348465,HOLD,0.0090611872758944,HOLD,,4.0,6.0,5.0,NEUTRAL,NEUTRAL,NEUTRAL
call,85e6da99-6908-4b0a-8725-cf73394cc2ec,S780,EUR/JPY,2025-10-23 06:29:34,2025-10-23 06:42:34,176.771,176.807,1,0.78,USD,2025-10-23 06:24:41.859211,SELL,"SELL (score=6, HTF=NEUTRAL)",176.93401,SELL,57.46428106480802,HOLD,176.91702821852826,HOLD,176.91996823521066,HOLD,176.90152681880778,BUY,0.0046411257362422,BUY,0.0002523424251575,SELL,93.89795918365154,SELL,92.53741496595812,BUY,176.9446822893466,176.8795257106534,SELL,108.25315404813864,BUY,12.396954777239,SELL,-6.102040816348465,HOLD,0.0090611872758944,HOLD,,4.0,6.0,5.0,NEUTRAL,NEUTRAL,NEUTRAL
call,214eef4b-99a1-4cd8-9e7e-9b28a9ee1d0f,S780,AUD/JPY,2025-10-23 06:31:01,2025-10-23 06:44:01,98.829,98.849,1,0.78,USD,2025-10-23 06:24:12.545982,BUY,"BUY (score=5, HTF=NEUTRAL)",99.348,BUY,48.5962544832218,HOLD,99.35112057131116,HOLD,99.34515911519908,HOLD,99.26121977496972,SELL,-0.0015935471748065,BUY,0.0007074371049732,BUY,25.641025641037785,BUY,14.529914529922657,BUY,99.37677394637404,99.32872605362594,HOLD,-31.905961377003976,HOLD,9.670099716330409,HOLD,-74.35897435896221,HOLD,0.00768911967504,HOLD,,5.0,2.0,8.0,NEUTRAL,NEUTRAL,NEUTRAL
call,c6fff6cb-d1f0-42b3-9ebd-4f71d9aa2f4a,S780,EUR/CAD,2025-10-23 06:32:50,2025-10-23 06:45:50,1.62306,1.62308,1,0.69,USD,2025-10-23 06:40:22.343985,BUY,"BUY (score=6, HTF=NEUTRAL)",1.62203,BUY,39.991340237184026,HOLD,1.622200837181584,HOLD,1.6222707402762964,HOLD,1.6225147289577564,SELL,-3.951115076072931e-05,SELL,-1.2572193329561054e-05,BUY,0.0,BUY,1.66666666665927,BUY,1.622507033973413,1.6220139660265869,BUY,-159.24006908464517,HOLD,11.483261404567784,BUY,-100.0,HOLD,7.118646050408938e-05,HOLD,,6.0,3.0,6.0,NEUTRAL,NEUTRAL,NEUTRAL
call,f4a5cef8-60b7-4941-b654-02a80ef9c08a,S780,GBP/USD,2025-10-23 06:39:31,2025-10-23 06:52:31,1.33342,1.33372,1,0.78,USD,2025-10-23 06:40:55.799505,BUY,"BUY (score=6, HTF=NEUTRAL)",1.33495,BUY,47.72937091896251,HOLD,1.3349984352829043,HOLD,1.3350096407162662,HOLD,1.3350025982698497,SELL,-6.450070264785168e-06,BUY,4.692985089280937e-06,BUY,11.53846153845497,BUY,14.957264957238095,BUY,1.3351906290750473,1.3348263709249528,HOLD,-58.91238670715841,HOLD,7.837280727614816,BUY,-88.46153846154503,HOLD,8.401224730535281e-05,HOLD,,6.0,2.0,7.0,NEUTRAL,NEUTRAL,NEUTRAL
call,c438d829-4be9-4b9d-aa4e-4627aa805cd7,S780,EUR/CAD,2025-10-23 06:50:18,2025-10-23 07:03:18,1.62318,1.6233,1,0.69,USD,2025-10-23 06:40:22.343985,BUY,"BUY (score=6, HTF=NEUTRAL)",1.62203,BUY,39.991340237184026,HOLD,1.622200837181584,HOLD,1.6222707402762964,HOLD,1.6225147289577564,SELL,-3.951115076072931e-05,SELL,-1.2572193329561054e-05,BUY,0.0,BUY,1.66666666665927,BUY,1.622507033973413,1.6220139660265869,BUY,-159.24006908464517,HOLD,11.483261404567784,BUY,-100.0,HOLD,7.118646050408938e-05,HOLD,,6.0,3.0,6.0,NEUTRAL,NEUTRAL,NEUTRAL
call,eabf4f5d-3312-4d36-be9e-751a7b7796d8,S780,AUD/JPY,2025-10-23 06:51:47,2025-10-23 07:04:47,98.852,98.834,1,-1.0,USD,2025-10-23 07:00:17.119869,SELL,"SELL (score=6, HTF=NEUTRAL)",99.368,SELL,63.16970853303325,HOLD,99.3345354151884,HOLD,99.3333508465132,HOLD,99.28159785891371,BUY,0.0064782562232608,BUY,0.0005632735357063,SELL,100.0,SELL,95.454545454545,BUY,99.36169039399688,99.28960960600313,SELL,191.0239061795034,BUY,13.689622330604452,SELL,-0.0,BUY,0.0101512230317023,HOLD,,5.0,6.0,4.0,NEUTRAL,NEUTRAL,NEUTRAL
call,fad48606-5ddb-4359-87f7-98a49cad043d,S780,EUR/CAD,2025-10-23 07:02:46,2025-10-23 07:15:46,1.62327,1.62311,1,-1.0,USD,2025-10-23 07:00:40.941334,BUY,"BUY (score=6, HTF=NEUTRAL)",1.62157,BUY,37.3094562886497,HOLD,1.6218276878719335,HOLD,1.6220091762585125,HOLD,1.6223847266743665,SELL,-0.0001198272335105,SELL,-9.964283418226832e-05,BUY,5.999999999995559,BUY,1.9999999999985196,BUY,1.6221242863483551,1.6215207136516447,BUY,-141.75438596493157,SELL,16.739921651293976,BUY,-94.00000000000443,HOLD,9.398181244521936e-05,HOLD,,6.0,4.0,5.0,NEUTRAL,NEUTRAL,NEUTRAL
call,74c57522-eb99-4e32-b243-73e688c2c3e1,S780,EUR/USD,2025-10-23 07:02:54,2025-10-23 07:15:54,1.15982,1.15981,1,-1.0,USD,2025-10-23 07:00:53.858329,BUY,"BUY (score=7, HTF=NEUTRAL)",1.1588,BUY,37.03020227100722,HOLD,1.1590026177929071,HOLD,1.1591522124468483,HOLD,1.1594885464353226,SELL,-9.677033911281718e-05,SELL,-7.974707380116382e-05,BUY,14.705882352971908,BUY,12.594268476627292,BUY,1.1592729038288092,1.1587400961711904,BUY,-131.29868065476063,SELL,17.41054663002003,BUY,-85.29411764702809,BUY,7.259572440885752e-05,HOLD,,7.0,4.0,4.0,NEUTRAL,NEUTRAL,NEUTRAL
call,6b897e7c-ec90-42f1-8d8e-8b1bead01bb3,S780,EUR/USD,2025-10-23 07:16:15,2025-10-23 07:29:15,1.15978,1.15996,1,0.69,USD,2025-10-23 07:21:37.645157,BUY,"BUY (score=7, HTF=NEUTRAL)",1.15859,BUY,39.62033861134165,HOLD,1.1587391741187822,HOLD,1.1589129047148117,HOLD,1.1593506872606114,SELL,-8.805815120971339e-05,SELL,-8.853834211895822e-05,BUY,14.285714285725614,BUY,30.9523809523923,BUY,1.158907111393115,1.158556888606885,BUY,-133.3333333333959,SELL,18.891451156611332,BUY,-85.71428571427438,BUY,7.156831124878666e-05,HOLD,,7.0,4.0,4.0,NEUTRAL,NEUTRAL,NEUTRAL
call,a706e4a5-b75e-4bd9-bb3b-2b7f18c0c927,S780,EUR/USD,2025-10-23 07:17:48,2025-10-23 07:30:48,1.15975,1.15986,1,0.69,USD,2025-10-23 07:21:37.645157,BUY,"BUY (score=7, HTF=NEUTRAL)",1.15859,BUY,39.62033861134165,HOLD,1.1587391741187822,HOLD,1.1589129047148117,HOLD,1.1593506872606114,SELL,-8.805815120971339e-05,SELL,-8.853834211895822e-05,BUY,14.285714285725614,BUY,30.9523809523923,BUY,1.158907111393115,1.158556888606885,BUY,-133.3333333333959,SELL,18.891451156611332,BUY,-85.71428571427438,BUY,7.156831124878666e-05,HOLD,,7.0,4.0,4.0,NEUTRAL,NEUTRAL,NEUTRAL
call,1c639765-d68d-4564-9459-30aff44d162d,S780,EUR/USD,2025-10-23 07:19:22,2025-10-23 07:32:22,1.15976,1.15982,1,0.69,USD,2025-10-23 07:21:37.645157,BUY,"BUY (score=7, HTF=NEUTRAL)",1.15859,BUY,39.62033861134165,HOLD,1.1587391741187822,HOLD,1.1589129047148117,HOLD,1.1593506872606114,SELL,-8.805815120971339e-05,SELL,-8.853834211895822e-05,BUY,14.285714285725614,BUY,30.9523809523923,BUY,1.158907111393115,1.158556888606885,BUY,-133.3333333333959,SELL,18.891451156611332,BUY,-85.71428571427438,BUY,7.156831124878666e-05,HOLD,,7.0,4.0,4.0,NEUTRAL,NEUTRAL,NEUTRAL
call,6825a483-4955-402c-81b8-1fd3ec90a646,S780,EUR/USD,2025-10-23 07:22:30,2025-10-23 07:35:30,1.15967,1.15983,1,0.61,USD,2025-10-23 07:21:37.645157,BUY,"BUY (score=7, HTF=NEUTRAL)",1.15859,BUY,39.62033861134165,HOLD,1.1587391741187822,HOLD,1.1589129047148117,HOLD,1.1593506872606114,SELL,-8.805815120971339e-05,SELL,-8.853834211895822e-05,BUY,14.285714285725614,BUY,30.9523809523923,BUY,1.158907111393115,1.158556888606885,BUY,-133.3333333333959,SELL,18.891451156611332,BUY,-85.71428571427438,BUY,7.156831124878666e-05,HOLD,,7.0,4.0,4.0,NEUTRAL,NEUTRAL,NEUTRAL
call,388c497c-63e2-475a-83c9-13ca6c978e3b,S780,AUD/USD,2025-10-23 07:27:08,2025-10-23 07:40:08,0.64851,0.64848,1,-1.0,USD,2025-10-23 07:21:07.114212,BUY,"BUY (score=5, HTF=NEUTRAL)",0.65062,BUY,40.235852331984916,HOLD,0.6507335195411701,HOLD,0.6509001540319559,HOLD,0.650501696060958,SELL,-0.0001136076220418,SELL,-0.0001206166078503,BUY,40.9090909090565,BUY,31.58508158506466,BUY,0.6508804228565275,0.6505045771434725,BUY,-72.13930348264128,SELL,23.04528319942468,HOLD,-59.0909090909435,HOLD,6.646123151433656e-05,HOLD,,5.0,4.0,6.0,NEUTRAL,NEUTRAL,NEUTRAL
call,4f4ef8f1-a16b-4207-abd8-7d17e4b0bda8,S780,AUD/USD,2025-10-23 07:28:47,2025-10-23 07:41:47,0.64855,0.64856,1,0.78,USD,2025-10-23 07:21:07.114212,BUY,"BUY (score=5, HTF=NEUTRAL)",0.65062,BUY,40.235852331984916,HOLD,0.6507335195411701,HOLD,0.6509001540319559,HOLD,0.650501696060958,SELL,-0.0001136076220418,SELL,-0.0001206166078503,BUY,40.9090909090565,BUY,31.58508158506466,BUY,0.6508804228565275,0.6505045771434725,BUY,-72.13930348264128,SELL,23.04528319942468,HOLD,-59.0909090909435,HOLD,6.646123151433656e-05,HOLD,,5.0,4.0,6.0,NEUTRAL,NEUTRAL,NEUTRAL
call,2aa4a01e-0116-4052-9362-4d9e1f91e855,S780,AUD/USD,2025-10-23 07:32:01,2025-10-23 07:45:01,0.64856,0.64866,1,0.78,USD,2025-10-23 07:21:07.114212,BUY,"BUY (score=5, HTF=NEUTRAL)",0.65062,BUY,40.235852331984916,HOLD,0.6507335195411701,HOLD,0.6509001540319559,HOLD,0.650501696060958,SELL,-0.0001136076220418,SELL,-0.0001206166078503,BUY,40.9090909090565,BUY,31.58508158506466,BUY,0.6508804228565275,0.6505045771434725,BUY,-72.13930348264128,SELL,23.04528319942468,HOLD,-59.0909090909435,HOLD,6.646123151433656e-05,HOLD,,5.0,4.0,6.0,NEUTRAL,NEUTRAL,NEUTRAL
call,5cafb1dd-d6ab-4a60-871f-9cd7d2b16bcc,S780,AUD/USD,2025-10-23 07:33:38,2025-10-23 07:46:38,0.64857,0.64864,1,0.78,USD,2025-10-23 07:45:24.502238,BUY,"BUY (score=5, HTF=NEUTRAL)",0.65053,BUY,40.21724146037272,HOLD,0.6506422899278121,HOLD,0.6507813073174261,HOLD,0.6505144293988541,SELL,-5.750948375327081e-05,SELL,-6.983610176009696e-05,BUY,19.047619047644226,HOLD,47.6190476190577,BUY,0.6507527050669866,0.6504842949330134,BUY,-115.79980372912628,SELL,16.801321359882717,BUY,-80.95238095235578,HOLD,5.7759252072727275e-05,HOLD,,5.0,4.0,6.0,NEUTRAL,NEUTRAL,NEUTRAL
call,7751ad45-95cf-4ddb-a42b-eb916dbcba14,S780,AUD/USD,2025-10-23 08:48:26,2025-10-23 09:01:26,0.64994,0.65008,1,0.74,USD,2025-10-23 08:44:45.403689,SELL,"SELL (score=8, HTF=NEUTRAL)",0.65053,SELL,52.67497504688287,HOLD,0.6504467781618548,HOLD,0.6505405845187653,HOLD,0.6504938146253234,SELL,-7.426686871592203e-06,SELL,-3.775013460164652e-05,SELL,83.63636363637575,SELL,76.36363636364715,BUY,0.6506796891201476,0.6501613108798525,HOLD,68.57679661811942,SELL,13.604350004236895,SELL,-16.363636363624252,BUY,9.972043696349872e-05,HOLD,,2.0,8.0,5.0,NEUTRAL,NEUTRAL,NEUTRAL
call,30bb6533-1663-4a25-9fe2-3dfae2d710c6,S780,CHF/JPY,2025-10-23 08:50:02,2025-10-23 09:03:02,191.287,191.34,1,0.86,USD,2025-10-23 08:45:03.281576,SELL,"SELL (score=5, HTF=NEUTRAL)",191.35699,SELL,56.66053133291174,HOLD,191.33497378613504,HOLD,191.32291442311163,HOLD,191.29336723169052,BUY,0.0103003798072904,BUY,0.0053655213948779,SELL,73.72828396450909,SELL,85.82677165355365,BUY,191.37548181043803,191.281619189562,SELL,95.72422590842856,BUY,12.31889934131856,HOLD,-26.271716035490915,HOLD,0.0149147502388083,HOLD,,4.0,5.0,6.0,NEUTRAL,NEUTRAL,NEUTRAL
call,75c5b3eb-f5d6-4bb2-af88-246fe81bdc2b,S780,CHF/JPY,2025-10-23 08:51:35,2025-10-23 09:04:35,191.286,191.304,1,0.86,USD,2025-10-23 08:45:03.281576,SELL,"SELL (score=5, HTF=NEUTRAL)",191.35699,SELL,56.66053133291174,HOLD,191.33497378613504,HOLD,191.32291442311163,HOLD,191.29336723169052,BUY,0.0103003798072904,BUY,0.0053655213948779,SELL,73.72828396450909,SELL,85.82677165355365,BUY,191.37548181043803,191.281619189562,SELL,95.72422590842856,BUY,12.31889934131856,HOLD,-26.271716035490915,HOLD,0.0149147502388083,HOLD,,4.0,5.0,6.0,NEUTRAL,NEUTRAL,NEUTRAL
call,6abb8590-a2e3-43bf-8f42-3acadc82899f,S780,EUR/GBP,2025-10-23 08:59:22,2025-10-23 09:12:22,0.86861,0.86823,1,-1.0,USD,2025-10-23 09:03:31.880190,BUY,"BUY (score=9, HTF=NEUTRAL)",0.86926,BUY,46.14938480631747,HOLD,0.8693284750184411,HOLD,0.8692469575798778,HOLD,0.8689511912163921,BUY,1.857782763925453e-05,BUY,3.959951330365622e-05,BUY,10.000000000025905,BUY,11.11111111113168,BUY,0.8695009771276863,0.869184022872314,BUY,-84.94208494195254,BUY,12.856450706513808,BUY,-89.9999999999741,HOLD,5.355239284595163e-05,HOLD,,9.0,1.0,5.0,NEUTRAL,NEUTRAL,NEUTRAL
call,5ff3a11e-27b3-4546-9c9b-e8267f9775c5,S780,USD/JPY,2025-10-23 09:05:53,2025-10-23 09:18:53,152.564,152.438,1,-1.0,USD,,,,,,,,,,,,,,,,,,,,,,,,,,,,,,,,,,,,,,,
call,50e6fae8-b769-416e-ae1d-715a66d469ae,S780,USD/JPY,2025-10-23 09:09:04,2025-10-23 09:22:04,152.573,152.422,1,-1.0,USD,,,,,,,,,,,,,,,,,,,,,,,,,,,,,,,,,,,,,,,
call,74526425-70a9-4e4e-b071-ffbcd0752264,S780,EUR/CHF,2025-10-23 09:10:23,2025-10-23 09:23:23,0.92466,0.92483,1,0.92,USD,2025-10-23 09:03:25.384675,BUY,"BUY (score=6, HTF=NEUTRAL)",0.92434,BUY,33.714437424996646,HOLD,0.9244835835756184,HOLD,0.9245947092749583,HOLD,0.924834297215926,SELL,-6.135102091453515e-05,SELL,-5.0805698410229795e-05,BUY,0.0,BUY,8.771929824559349,BUY,0.92469421637418,0.9243057836258198,BUY,-133.33333333331484,SELL,19.195513188050352,BUY,-100.0,HOLD,4.043339374192923e-05,HOLD,,6.0,4.0,5.0,NEUTRAL,NEUTRAL,NEUTRAL
call,7fc7a70b-f02e-4bca-9837-1ca74a2297c5,S780,EUR/CHF,2025-10-23 09:11:57,2025-10-23 09:24:57,0.9246,0.92501,1,0.92,USD,2025-10-23 09:19:22.285744,SELL,"SELL (score=7, HTF=NEUTRAL)",0.92457,SELL,54.78358691078968,HOLD,0.9245138964652622,HOLD,0.9245545812967516,HOLD,0.9247872887346116,BUY,1.7828046512957663e-05,SELL,-5.575965413960655e-06,SELL,75.86206896551329,SELL,91.9540229885044,BUY,0.9246312842295094,0.9243117157704908,SELL,101.103412881622,BUY,13.424899796529102,SELL,-24.13793103448672,BUY,4.4947387293385224e-05,HOLD,,4.0,7.0,4.0,NEUTRAL,NEUTRAL,NEUTRAL
call,ba6a6a1f-2092-4e35-b7eb-2fa0697836c2,S780,CAD/JPY,2025-10-23 09:13:21,2025-10-23 09:26:21,109.076,108.952,1,-1.0,USD,2025-10-23 09:18:55.979279,SELL,"SELL (score=6, HTF=NEUTRAL)",109.065,SELL,62.91780692293376,HOLD,109.03437484862604,HOLD,109.0364987490141,HOLD,109.06038730914658,BUY,0.0094892955229255,BUY,0.0051080953838361,SELL,100.0,SELL,95.4248366013134,BUY,109.07315611923102,108.982043880769,SELL,126.69376693766428,BUY,16.040786841340246,SELL,-0.0,HOLD,0.0098402960349194,HOLD,,4.0,6.0,5.0,NEUTRAL,NEUTRAL,NEUTRAL
call,2c97f6af-7658-4642-a08e-52a34604173a,S780,CHF/JPY,2025-10-23 09:13:26,2025-10-23 09:26:26,191.308,191.07,1,-1.0,USD,2025-10-23 09:19:07.730868,SELL,"SELL (score=6, HTF=NEUTRAL)",191.418,SELL,62.26585944762088,HOLD,191.3881470394752,HOLD,191.36719965696855,HOLD,191.317781471005,BUY,0.0128478472329049,BUY,0.0097037436954452,SELL,100.0,SELL,98.78765836212074,BUY,191.42047317487723,191.34783082512277,SELL,145.76712057396054,BUY,13.156625349240512,SELL,-0.0,HOLD,0.0111378199740822,HOLD,,4.0,6.0,5.0,NEUTRAL,NEUTRAL,NEUTRAL
call,fe5c777b-63a1-4c6b-a60e-0196d1089cbf,S780,EUR/CHF,2025-10-23 09:13:34,2025-10-23 09:26:34,0.92462,0.92492,1,0.92,USD,2025-10-23 09:19:22.285744,SELL,"SELL (score=7, HTF=NEUTRAL)",0.92457,SELL,54.78358691078968,HOLD,0.9245138964652622,HOLD,0.9245545812967516,HOLD,0.9247872887346116,BUY,1.7828046512957663e-05,SELL,-5.575965413960655e-06,SELL,75.86206896551329,SELL,91.9540229885044,BUY,0.9246312842295094,0.9243117157704908,SELL,101.103412881622,BUY,13.424899796529102,SELL,-24.13793103448672,BUY,4.4947387293385224e-05,HOLD,,4.0,7.0,4.0,NEUTRAL,NEUTRAL,NEUTRAL
call,1d074c89-8712-4dc9-924c-1b237d834920,S780,EUR/JPY,2025-10-23 09:13:38,2025-10-23 09:26:38,176.901,176.725,1,-1.0,USD,2025-10-23 09:19:32.264243,SELL,"SELL (score=6, HTF=NEUTRAL)",177.035,SELL,72.39336860800059,HOLD,176.96161662394,HOLD,176.94708231527278,HOLD,176.94399685982188,BUY,0.0192517478047875,BUY,0.009260399274838,SELL,100.0,SELL,100.0,BUY,177.01711925780558,176.8782827421944,SELL,210.02779953061523,BUY,16.091291493684114,SELL,-0.0,BUY,0.013709264719542,HOLD,,4.0,6.0,5.0,NEUTRAL,NEUTRAL,NEUTRAL
call,48643f63-46fe-4b9c-bba7-9ce82db56f78,S780,USD/JPY,2025-10-23 09:13:54,2025-10-23 09:26:54,152.547,152.411,1,-1.0,USD,,,,,,,,,,,,,,,,,,,,,,,,,,,,,,,,,,,,,,,
call,b6ddb274-c294-44fc-a7ac-fde14df496ba,S780,CAD/JPY,2025-10-23 09:15:02,2025-10-23 09:28:02,109.053,108.947,1,-1.0,USD,2025-10-23 09:18:55.979279,SELL,"SELL (score=6, HTF=NEUTRAL)",109.065,SELL,62.91780692293376,HOLD,109.03437484862604,HOLD,109.0364987490141,HOLD,109.06038730914658,BUY,0.0094892955229255,BUY,0.0051080953838361,SELL,100.0,SELL,95.4248366013134,BUY,109.07315611923102,108.982043880769,SELL,126.69376693766428,BUY,16.040786841340246,SELL,-0.0,HOLD,0.0098402960349194,HOLD,,4.0,6.0,5.0,NEUTRAL,NEUTRAL,NEUTRAL
call,3dabbd30-79ba-4413-936a-d9e416490491,S780,CHF/JPY,2025-10-23 09:15:07,2025-10-23 09:28:07,191.269,191.043,1,-1.0,USD,2025-10-23 09:19:07.730868,SELL,"SELL (score=6, HTF=NEUTRAL)",191.418,SELL,62.26585944762088,HOLD,191.3881470394752,HOLD,191.36719965696855,HOLD,191.317781471005,BUY,0.0128478472329049,BUY,0.0097037436954452,SELL,100.0,SELL,98.78765836212074,BUY,191.42047317487723,191.34783082512277,SELL,145.76712057396054,BUY,13.156625349240512,SELL,-0.0,HOLD,0.0111378199740822,HOLD,,4.0,6.0,5.0,NEUTRAL,NEUTRAL,NEUTRAL
call,d6710178-bfd3-4437-9b7d-fd9a45898196,S780,EUR/JPY,2025-10-23 09:15:17,2025-10-23 09:28:17,176.866,176.743,1,-1.0,USD,2025-10-23 09:19:32.264243,SELL,"SELL (score=6, HTF=NEUTRAL)",177.035,SELL,72.39336860800059,HOLD,176.96161662394,HOLD,176.94708231527278,HOLD,176.94399685982188,BUY,0.0192517478047875,BUY,0.009260399274838,SELL,100.0,SELL,100.0,BUY,177.01711925780558,176.8782827421944,SELL,210.02779953061523,BUY,16.091291493684114,SELL,-0.0,BUY,0.013709264719542,HOLD,,4.0,6.0,5.0,NEUTRAL,NEUTRAL,NEUTRAL
call,b7ae8c37-7e28-4e1d-a2dc-25122ec49286,S780,USD/JPY,2025-10-23 09:15:35,2025-10-23 09:28:35,152.537,152.429,1,-1.0,USD,,,,,,,,,,,,,,,,,,,,,,,,,,,,,,,,,,,,,,,
call,b1359952-8664-43a8-93ca-8feaae106c3c,S780,CHF/JPY,2025-10-23 09:16:46,2025-10-23 09:29:46,191.267,191.066,1,-1.0,USD,2025-10-23 09:19:07.730868,SELL,"SELL (score=6, HTF=NEUTRAL)",191.418,SELL,62.26585944762088,HOLD,191.3881470394752,HOLD,191.36719965696855,HOLD,191.317781471005,BUY,0.0128478472329049,BUY,0.0097037436954452,SELL,100.0,SELL,98.78765836212074,BUY,191.42047317487723,191.34783082512277,SELL,145.76712057396054,BUY,13.156625349240512,SELL,-0.0,HOLD,0.0111378199740822,HOLD,,4.0,6.0,5.0,NEUTRAL,NEUTRAL,NEUTRAL
call,bb90e056-d76e-46f1-a6a0-5288d877c97c,S780,CAD/JPY,2025-10-23 09:18:17,2025-10-23 09:31:17,108.991,109.006,1,0.9,USD,2025-10-23 09:18:55.979279,SELL,"SELL (score=6, HTF=NEUTRAL)",109.065,SELL,62.91780692293376,HOLD,109.03437484862604,HOLD,109.0364987490141,HOLD,109.06038730914658,BUY,0.0094892955229255,BUY,0.0051080953838361,SELL,100.0,SELL,95.4248366013134,BUY,109.07315611923102,108.982043880769,SELL,126.69376693766428,BUY,16.040786841340246,SELL,-0.0,HOLD,0.0098402960349194,HOLD,,4.0,6.0,5.0,NEUTRAL,NEUTRAL,NEUTRAL
call,7bea9299-67f0-49fb-967e-87ad80ba0097,S780,AUD/JPY,2025-10-23 09:18:31,2025-10-23 09:31:31,99.165,99.188,1,0.78,USD,2025-10-23 09:18:47.426462,SELL,"SELL (score=6, HTF=NEUTRAL)",99.302,SELL,67.36799061556029,HOLD,99.24936029411104,HOLD,99.23905020604508,HOLD,99.26556389554518,BUY,0.0172082877760004,BUY,0.010636145570671,SELL,100.0,SELL,98.22222222222648,BUY,99.3008643459431,99.17973565405693,SELL,163.68218596628537,BUY,15.607382035679384,SELL,-0.0,HOLD,0.0129729928009155,HOLD,,3.0,6.0,6.0,NEUTRAL,NEUTRAL,NEUTRAL
call,36be2633-876b-4fc5-8b27-c8a76a7a2172,S780,CAD/JPY,2025-10-23 09:18:36,2025-10-23 09:31:36,108.998,109.006,1,0.9,USD,2025-10-23 09:18:55.979279,SELL,"SELL (score=6, HTF=NEUTRAL)",109.065,SELL,62.91780692293376,HOLD,109.03437484862604,HOLD,109.0364987490141,HOLD,109.06038730914658,BUY,0.0094892955229255,BUY,0.0051080953838361,SELL,100.0,SELL,95.4248366013134,BUY,109.07315611923102,108.982043880769,SELL,126.69376693766428,BUY,16.040786841340246,SELL,-0.0,HOLD,0.0098402960349194,HOLD,,4.0,6.0,5.0,NEUTRAL,NEUTRAL,NEUTRAL
call,2f6422f0-89ca-4fa9-8e7c-f3b9d9d8cb5a,S780,GBP/JPY,2025-10-23 09:18:56,2025-10-23 09:31:56,203.583,203.546,1,-1.0,USD,2025-10-23 09:19:52.409777,SELL,"SELL (score=6, HTF=NEUTRAL)",203.63901,SELL,67.4650646879723,HOLD,203.57285463884455,HOLD,203.55780553100345,HOLD,203.61047906191752,BUY,0.0258176023632188,BUY,0.0157194618861142,SELL,100.0,SELL,100.0,BUY,203.64066794420185,203.47913605579816,SELL,152.9525952908523,BUY,15.56067467156942,SELL,-0.0,HOLD,0.0165153095210684,HOLD,,4.0,6.0,5.0,NEUTRAL,NEUTRAL,NEUTRAL
call,fc9742f9-7834-4efb-8c9f-5e72af195a18,S780,AUD/CAD,2025-10-23 09:20:05,2025-10-23 09:33:05,0.90973,0.90986,1,0.78,USD,2025-10-23 09:18:39.283551,SELL,"SELL (score=6, HTF=NEUTRAL)",0.91029,SELL,60.14980034098541,HOLD,0.9101502989929136,HOLD,0.9100578424150554,HOLD,0.9101084819349182,BUY,6.0072810263211984e-05,BUY,4.480351214126452e-05,SELL,100.0,SELL,96.7741935483902,BUY,0.9103129354113344,0.9099220645886658,SELL,143.75000000013765,BUY,12.00859014842997,SELL,-0.0,HOLD,6.323896030193806e-05,HOLD,,4.0,6.0,5.0,NEUTRAL,NEUTRAL,NEUTRAL
call,167a6b89-6473-43be-89c3-3b6576aa4468,S780,AUD/JPY,2025-10-23 09:20:10,2025-10-23 09:33:10,99.156,99.182,1,0.78,USD,2025-10-23 09:18:47.426462,SELL,"SELL (score=6, HTF=NEUTRAL)",99.302,SELL,67.36799061556029,HOLD,99.24936029411104,HOLD,99.23905020604508,HOLD,99.26556389554518,BUY,0.0172082877760004,BUY,0.010636145570671,SELL,100.0,SELL,98.22222222222648,BUY,99.3008643459431,99.17973565405693,SELL,163.68218596628537,BUY,15.607382035679384,SELL,-0.0,HOLD,0.0129729928009155,HOLD,,3.0,6.0,6.0,NEUTRAL,NEUTRAL,NEUTRAL
call,3c12ab0a-a858-4ce3-9718-f8a1a6896cd0,S780,GBP/CAD,2025-10-23 09:22:07,2025-10-23 09:35:07,1.86774,1.86691,1,-1.0,USD,2025-10-23 09:19:45.032727,BUY,"BUY (score=4, HTF=NEUTRAL)",1.86672,BUY,48.87760229898089,HOLD,1.8667697952704576,HOLD,1.8666788251634676,HOLD,1.866805505453278,BUY,7.828340435223069e-06,BUY,1.1612477831490389e-05,HOLD,51.92307692306789,SELL,57.05128205127741,BUY,1.86708209765379,1.8663959023462104,HOLD,-8.616780045444468,HOLD,9.995998528915688,HOLD,-48.07692307693211,HOLD,0.0001293500628224,HOLD,,4.0,2.0,9.0,NEUTRAL,NEUTRAL,NEUTRAL
call,c5ed6494-8101-4502-b87c-005068aff840,S780,GBP/USD,2025-10-23 09:22:12,2025-10-23 09:35:12,1.33544,1.33472,1,-1.0,USD,2025-10-23 09:19:56.092797,BUY,"BUY (score=6, HTF=NEUTRAL)",1.33451,BUY,50.17607941441153,HOLD,1.3345268674125048,HOLD,1.3343877441922938,HOLD,1.3342947137941654,BUY,1.6823810574884135e-05,BUY,4.092867811359199e-05,BUY,28.125000000036863,BUY,20.48611111112341,BUY,1.3347406967374504,1.3343453032625496,HOLD,-28.720626631783396,HOLD,10.37951630975512,HOLD,-71.87499999996314,HOLD,0.0001063422416264,HOLD,,6.0,1.0,8.0,NEUTRAL,NEUTRAL,NEUTRAL
call,a0738f7d-c2a2-49b2-bc1a-16c205e90133,S780,GBP/USD,2025-10-23 09:23:45,2025-10-23 09:36:45,1.33506,1.33453,1,-1.0,USD,2025-10-23 09:19:56.092797,BUY,"BUY (score=6, HTF=NEUTRAL)",1.33451,BUY,50.17607941441153,HOLD,1.3345268674125048,HOLD,1.3343877441922938,HOLD,1.3342947137941654,BUY,1.6823810574884135e-05,BUY,4.092867811359199e-05,BUY,28.125000000036863,BUY,20.48611111112341,BUY,1.3347406967374504,1.3343453032625496,HOLD,-28.720626631783396,HOLD,10.37951630975512,HOLD,-71.87499999996314,HOLD,0.0001063422416264,HOLD,,6.0,1.0,8.0,NEUTRAL,NEUTRAL,NEUTRAL
call,cf3ed6e6-f429-4c85-bc2a-29c383afc2ea,S780,GBP/CAD,2025-10-23 09:25:16,2025-10-23 09:38:16,1.86743,1.86714,1,-1.0,USD,2025-10-23 09:19:45.032727,BUY,"BUY (score=4, HTF=NEUTRAL)",1.86672,BUY,48.87760229898089,HOLD,1.8667697952704576,HOLD,1.8666788251634676,HOLD,1.866805505453278,BUY,7.828340435223069e-06,BUY,1.1612477831490389e-05,HOLD,51.92307692306789,SELL,57.05128205127741,BUY,1.86708209765379,1.8663959023462104,HOLD,-8.616780045444468,HOLD,9.995998528915688,HOLD,-48.07692307693211,HOLD,0.0001293500628224,HOLD,,4.0,2.0,9.0,NEUTRAL,NEUTRAL,NEUTRAL
call,0dcc1fd8-50a2-42a3-a0d5-6d87ab6426da,S780,GBP/USD,2025-10-23 09:27:00,2025-10-23 09:40:00,1.33486,1.33461,1,-1.0,USD,2025-10-23 09:19:56.092797,BUY,"BUY (score=6, HTF=NEUTRAL)",1.33451,BUY,50.17607941441153,HOLD,1.3345268674125048,HOLD,1.3343877441922938,HOLD,1.3342947137941654,BUY,1.6823810574884135e-05,BUY,4.092867811359199e-05,BUY,28.125000000036863,BUY,20.48611111112341,BUY,1.3347406967374504,1.3343453032625496,HOLD,-28.720626631783396,HOLD,10.37951630975512,HOLD,-71.87499999996314,HOLD,0.0001063422416264,HOLD,,6.0,1.0,8.0,NEUTRAL,NEUTRAL,NEUTRAL
call,106e4e8d-59e5-436e-9c26-288e1c84b92a,S780,EUR/GBP,2025-10-23 09:34:09,2025-10-23 09:47:09,0.86854,0.86843,1,-1.0,USD,2025-10-23 09:34:55.745246,SELL,"SELL (score=6, HTF=NEUTRAL)",0.86991,SELL,73.94132806205423,HOLD,0.8694760255059628,HOLD,0.869365409564573,HOLD,0.8690644265799835,BUY,9.780232917078192e-05,BUY,5.460182562896501e-05,SELL,100.0,SELL,100.0,BUY,0.8697608061913105,0.8691211938086898,SELL,273.5491396908384,BUY,16.08649545329389,SELL,-0.0,BUY,7.544410347496573e-05,HOLD,,4.0,6.0,5.0,NEUTRAL,NEUTRAL,NEUTRAL
call,8692c754-0314-44c9-b77b-789a7eb1bc73,S780,EUR/GBP,2025-10-23 09:35:36,2025-10-23 09:48:36,0.86855,0.86844,1,-1.0,USD,2025-10-23 09:34:55.745246,SELL,"SELL (score=6, HTF=NEUTRAL)",0.86991,SELL,73.94132806205423,HOLD,0.8694760255059628,HOLD,0.869365409564573,HOLD,0.8690644265799835,BUY,9.780232917078192e-05,BUY,5.460182562896501e-05,SELL,100.0,SELL,100.0,BUY,0.8697608061913105,0.8691211938086898,SELL,273.5491396908384,BUY,16.08649545329389,SELL,-0.0,BUY,7.544410347496573e-05,HOLD,,4.0,6.0,5.0,NEUTRAL,NEUTRAL,NEUTRAL
call,001009e8-bcb0-4939-9f50-bb1dff2cf89a,S780,AUD/USD,2025-10-23 09:38:19,2025-10-23 09:51:19,0.65044,0.6507,1,0.6,USD,2025-10-23 09:34:32.497694,SELL,"SELL (score=6, HTF=NEUTRAL)",0.65108,SELL,58.95889679334334,HOLD,0.6509174016481878,HOLD,0.6507796112232428,HOLD,0.6505831055891312,BUY,0.0001147477447045,BUY,0.0001038751161404,SELL,76.31578947367807,SELL,88.06485911748389,BUY,0.651206310647812,0.650613689352188,SELL,92.89617486339844,BUY,15.760921295635658,SELL,-23.68421052632194,HOLD,9.150007422756756e-05,HOLD,,4.0,6.0,5.0,NEUTRAL,NEUTRAL,NEUTRAL
call,cca71519-22b9-41a7-abca-f2ac52249e0a,S780,GBP/CHF,2025-10-23 09:38:37,2025-10-23 09:51:37,1.06455,1.06436,1,-1.0,USD,2025-10-23 09:35:12.655603,BUY,"BUY (score=7, HTF=NEUTRAL)",1.06277,BUY,31.133821755924515,HOLD,1.0631958177920582,HOLD,1.0633773165101963,SELL,1.0640060383468333,SELL,-0.0001276561323242,SELL,-8.895105927852654e-05,BUY,0.0,BUY,0.0,BUY,1.0637439377553275,1.0627800622446724,BUY,-164.82412060299004,SELL,17.91415999291603,BUY,-100.0,BUY,9.705267025674644e-05,HOLD,,7.0,4.0,4.0,NEUTRAL,NEUTRAL,NEUTRAL
call,33cae8bd-2dff-4124-b7e9-15d67ad11a75,S780,EUR/CHF,2025-10-23 09:40:04,2025-10-23 09:53:04,0.92471,0.92458,1,-1.0,USD,2025-10-23 09:34:52.400471,SELL,"SELL (score=9, HTF=NEUTRAL)",0.92463,SELL,59.90761102149267,HOLD,0.9244597809799444,HOLD,0.9245025051463268,HOLD,0.92473684644427,SELL,-5.4825301002425775e-06,SELL,-2.2228191987151347e-05,SELL,100.0,SELL,64.07828282828882,BUY,0.9247073610698676,0.9242396389301326,SELL,97.96557120494748,SELL,14.364418486208551,SELL,-0.0,BUY,6.371786085016468e-05,HOLD,,2.0,9.0,4.0,NEUTRAL,NEUTRAL,NEUTRAL
call,762d8349-b40b-4ebf-947a-ecada17aacbe,S780,GBP/CHF,2025-10-23 09:40:11,2025-10-23 09:53:11,1.0645,1.06444,1,-1.0,USD,2025-10-23 09:35:12.655603,BUY,"BUY (score=7, HTF=NEUTRAL)",1.06277,BUY,31.133821755924515,HOLD,1.0631958177920582,HOLD,1.0633773165101963,SELL,1.0640060383468333,SELL,-0.0001276561323242,SELL,-8.895105927852654e-05,BUY,0.0,BUY,0.0,BUY,1.0637439377553275,1.0627800622446724,BUY,-164.82412060299004,SELL,17.91415999291603,BUY,-100.0,BUY,9.705267025674644e-05,HOLD,,7.0,4.0,4.0,NEUTRAL,NEUTRAL,NEUTRAL
call,055ae742-fa4f-40e1-afd2-f1ea4e81a122,S780,EUR/CHF,2025-10-23 09:41:34,2025-10-23 09:54:34,0.92482,0.92477,1,-1.0,USD,2025-10-23 09:34:52.400471,SELL,"SELL (score=9, HTF=NEUTRAL)",0.92463,SELL,59.90761102149267,HOLD,0.9244597809799444,HOLD,0.9245025051463268,HOLD,0.92473684644427,SELL,-5.4825301002425775e-06,SELL,-2.2228191987151347e-05,SELL,100.0,SELL,64.07828282828882,BUY,0.9247073610698676,0.9242396389301326,SELL,97.96557120494748,SELL,14.364418486208551,SELL,-0.0,BUY,6.371786085016468e-05,HOLD,,2.0,9.0,4.0,NEUTRAL,NEUTRAL,NEUTRAL
call,4e3c58ef-b626-41fa-8050-7195f5c5843e,S780,EUR/GBP,2025-10-23 09:44:34,2025-10-23 09:57:34,0.86844,0.86897,1,0.79,USD,2025-10-23 09:50:36.714789,SELL,"SELL (score=6, HTF=NEUTRAL)",0.87036,SELL,75.60879282821978,HOLD,0.8700467409729259,HOLD,0.8697265322753458,BUY,0.8692145941793007,BUY,0.0002383669759156,BUY,0.0002115094405017,SELL,88.2352941176573,SELL,96.07843137255244,BUY,0.8705964342290695,0.8694105657709303,SELL,100.77026358560306,BUY,40.72301942322189,SELL,-11.764705882342698,HOLD,6.241902971111469e-05,HOLD,,4.0,6.0,5.0,NEUTRAL,NEUTRAL,NEUTRAL
call,b5427ba1-ee2f-4773-ab55-98308db3b178,S780,EUR/GBP,2025-10-23 09:46:04,2025-10-23 09:59:04,0.86841,0.869,1,0.79,USD,2025-10-23 09:50:36.714789,SELL,"SELL (score=6, HTF=NEUTRAL)",0.87036,SELL,75.60879282821978,HOLD,0.8700467409729259,HOLD,0.8697265322753458,BUY,0.8692145941793007,BUY,0.0002383669759156,BUY,0.0002115094405017,SELL,88.2352941176573,SELL,96.07843137255244,BUY,0.8705964342290695,0.8694105657709303,SELL,100.77026358560306,BUY,40.72301942322189,SELL,-11.764705882342698,HOLD,6.241902971111469e-05,HOLD,,4.0,6.0,5.0,NEUTRAL,NEUTRAL,NEUTRAL
call,f541065f-8c38-418e-a8f1-462457fc1cb2,S780,USD/CAD,2025-10-23 09:55:22,2025-10-23 10:08:22,1.39935,1.39923,1,-1.0,USD,2025-10-23 09:51:05.906617,SELL,"SELL (score=5, HTF=NEUTRAL)",1.39872,BUY,48.79866762819933,HOLD,1.398719945710809,HOLD,1.398870243028213,HOLD,1.3991828816288667,SELL,-8.001402374313571e-05,SELL,-8.688016020332343e-05,SELL,79.24528301885448,HOLD,54.08805031446493,BUY,1.3990074239767405,1.3984155760232595,HOLD,5.544683626925791,HOLD,10.649703502272477,SELL,-20.754716981145513,BUY,0.0001271591350768,HOLD,,3.0,5.0,7.0,NEUTRAL,NEUTRAL,NEUTRAL
call,fdad8a89-741a-4152-9c3b-310d138fbb73,S780,EUR/AUD,2025-10-23 10:12:31,2025-10-23 10:25:31,1.78254,1.78257,1,0.87,USD,2025-10-23 10:05:47.351090,SELL,"SELL (score=6, HTF=NEUTRAL)",1.7832,SELL,56.879282539915245,HOLD,1.7828514879821673,HOLD,1.782807195476125,HOLD,1.7825476641545706,BUY,0.0001015801803023,BUY,4.6608719651940285e-05,SELL,78.67647058822665,SELL,58.57843137254516,BUY,1.783454512499934,1.7819344875000656,SELL,104.4961240309319,BUY,12.99826878756075,SELL,-21.32352941177335,BUY,0.0002105414222266,HOLD,,5.0,6.0,4.0,NEUTRAL,NEUTRAL,NEUTRAL
call,9c817006-369e-4bce-b7fd-e04512942989,S900,EUR/AUD,2025-10-23 10:34:37,2025-10-23 10:49:37,1.78203,1.78119,2,-2.0,USD,2025-10-23 10:36:33.288351,BUY,"BUY (score=5, HTF=NEUTRAL)",1.78357,BUY,50.56487144377083,HOLD,1.7835778081087452,HOLD,1.783398640682561,HOLD,1.7828382259181763,BUY,3.602339379815689e-05,BUY,5.5167725681613e-05,SELL,62.19512195123437,HOLD,50.72571749976357,BUY,1.784608845357557,1.782816154642443,HOLD,-25.215660252148467,BUY,13.36463368023621,HOLD,-37.80487804876563,HOLD,0.000176522410971,HOLD,,5.0,2.0,8.0,NEUTRAL,NEUTRAL,NEUTRAL
call,9d39a530-e229-4d35-bbf4-5934f081aaaf,S900,EUR/CAD,2025-10-23 10:34:42,2025-10-23 10:49:42,1.62318,1.62254,2,-2.0,USD,2025-10-23 10:36:36.372691,SELL,"SELL (score=6, HTF=NEUTRAL)",1.62479,SELL,72.71399708857103,HOLD,1.624218887256882,HOLD,1.6237576749103813,BUY,1.6229540099819078,BUY,0.000326748165919,BUY,0.0002804258174753,SELL,100.0,SELL,98.82352941175704,BUY,1.6248728844993543,1.6235981155006456,SELL,135.60772805082144,BUY,28.79006345920468,SELL,-0.0,HOLD,0.0001207820780381,HOLD,,5.0,6.0,4.0,NEUTRAL,NEUTRAL,NEUTRAL
call,55daa571-5846-4e21-83d6-cfb1e8a27fa4,S900,EUR/GBP,2025-10-23 10:34:47,2025-10-23 10:49:47,0.86889,0.8688,2,-2.0,USD,2025-10-23 10:21:21.916696,SELL,"SELL (score=6, HTF=NEUTRAL)",0.87127,SELL,71.73345775719554,HOLD,0.8709909285643115,HOLD,0.8705772482405968,BUY,0.8696518365233521,BUY,0.0002088631955042,BUY,0.0002063864231316,SELL,95.91836734693462,SELL,91.8367346938768,BUY,0.8713356181355222,0.8706413818644777,SELL,126.50264015284796,BUY,39.66407355104277,SELL,-4.081632653065386,HOLD,6.784566641329933e-05,HOLD,,5.0,6.0,4.0,NEUTRAL,NEUTRAL,NEUTRAL
call,779825c1-a35c-4065-9e8e-eaeb610e48d0,S900,EUR/CAD,2025-10-23 10:35:25,2025-10-23 10:50:25,1.62304,1.62254,2,-2.0,USD,2025-10-23 10:36:36.372691,SELL,"SELL (score=6, HTF=NEUTRAL)",1.62479,SELL,72.71399708857103,HOLD,1.624218887256882,HOLD,1.6237576749103813,BUY,1.6229540099819078,BUY,0.000326748165919,BUY,0.0002804258174753,SELL,100.0,SELL,98.82352941175704,BUY,1.6248728844993543,1.6235981155006456,SELL,135.60772805082144,BUY,28.79006345920468,SELL,-0.0,HOLD,0.0001207820780381,HOLD,,5.0,6.0,4.0,NEUTRAL,NEUTRAL,NEUTRAL
call,a9b92e50-8555-4ff2-9c50-337fb18161a9,S900,EUR/GBP,2025-10-23 10:35:29,2025-10-23 10:50:29,0.86886,0.86878,2,-2.0,USD,2025-10-23 10:21:21.916696,SELL,"SELL (score=6, HTF=NEUTRAL)",0.87127,SELL,71.73345775719554,HOLD,0.8709909285643115,HOLD,0.8705772482405968,BUY,0.8696518365233521,BUY,0.0002088631955042,BUY,0.0002063864231316,SELL,95.91836734693462,SELL,91.8367346938768,BUY,0.8713356181355222,0.8706413818644777,SELL,126.50264015284796,BUY,39.66407355104277,SELL,-4.081632653065386,HOLD,6.784566641329933e-05,HOLD,,5.0,6.0,4.0,NEUTRAL,NEUTRAL,NEUTRAL
call,7047aabd-25e8-4ab4-aec1-f5d628794a87,S900,GBP/CAD,2025-10-23 10:35:37,2025-10-23 10:50:37,1.86795,1.8675,2,-2.0,USD,2025-10-23 10:36:55.855612,SELL,"SELL (score=6, HTF=NEUTRAL)",1.86483,SELL,58.21478667298141,HOLD,1.8644465630713536,HOLD,1.864526265331844,HOLD,1.8656724236219984,BUY,0.0001485525781765,BUY,0.0001014466127653,SELL,100.0,SELL,90.59829059828598,BUY,1.8650919307100184,1.8637750692899815,SELL,100.9676597912184,BUY,16.101073220508766,SELL,-0.0,HOLD,0.0001984374178125,HOLD,,4.0,6.0,5.0,NEUTRAL,NEUTRAL,NEUTRAL
call,bf021980-a312-4b62-b970-4471a412bdd4,S900,GBP/USD,2025-10-23 10:35:42,2025-10-23 10:50:42,1.33502,1.33477,2,-2.0,USD,2025-10-23 10:37:08.328581,SELL,"SELL (score=6, HTF=NEUTRAL)",1.33367,SELL,63.84710887895038,HOLD,1.3332242385262658,HOLD,1.3333170775436178,HOLD,1.333848231928461,BUY,7.244995225619277e-05,BUY,3.23444082811792e-06,SELL,100.0,SELL,87.17948717947623,BUY,1.3335840571471105,1.3326609428528895,SELL,185.27918781726163,BUY,14.103624824175796,SELL,-0.0,BUY,0.000126047242938,HOLD,,5.0,6.0,4.0,NEUTRAL,NEUTRAL,NEUTRAL
call,51e7cd57-5573-4d21-a900-9eaa060f77df,S900,EUR/GBP,2025-10-23 10:37:06,2025-10-23 10:52:06,0.86879,0.8688,2,1.52,USD,2025-10-23 10:52:06.039049,BUY,"BUY (score=5, HTF=NEUTRAL)",0.87128,SELL,55.65452048738608,HOLD,0.8712458876323483,HOLD,0.8710243362252394,BUY,0.8700503594579134,BUY,7.298721911264128e-05,BUY,8.184845241574455e-05,HOLD,50.00000000002135,HOLD,53.846153846157144,BUY,0.8713887139610753,0.8711372860389249,HOLD,21.79487179479296,BUY,20.919863515786663,HOLD,-49.99999999997865,HOLD,5.119837241791763e-05,HOLD,,5.0,2.0,8.0,NEUTRAL,NEUTRAL,NEUTRAL
call,ce6d1b70-817d-4620-bd12-4c0da2f43f62,S900,EUR/USD,2025-10-23 10:37:10,2025-10-23 10:52:10,1.16001,1.15962,2,-2.0,USD,2025-10-23 10:36:49.394680,BUY,"BUY (score=7, HTF=NEUTRAL)",1.16113,SELL,53.80477190116251,HOLD,1.1610936046302358,HOLD,1.160881403353884,HOLD,1.1601324836340947,BUY,7.034458769950014e-05,BUY,0.0001063292957307,BUY,39.99999999997039,BUY,17.777777777748188,BUY,1.1613519801360097,1.1609870198639909,HOLD,-33.54564755854808,BUY,17.838427469571975,HOLD,-60.00000000002961,BUY,8.245765830866058e-05,HOLD,,7.0,2.0,6.0,NEUTRAL,NEUTRAL,NEUTRAL
call,8a4b7b78-d6c5-4204-999b-c1b9435a65fa,S900,GBP/USD,2025-10-23 10:37:18,2025-10-23 10:52:18,1.33513,1.33467,2,-2.0,USD,2025-10-23 10:37:08.328581,SELL,"SELL (score=6, HTF=NEUTRAL)",1.33367,SELL,63.84710887895038,HOLD,1.3332242385262658,HOLD,1.3333170775436178,HOLD,1.333848231928461,BUY,7.244995225619277e-05,BUY,3.23444082811792e-06,SELL,100.0,SELL,87.17948717947623,BUY,1.3335840571471105,1.3326609428528895,SELL,185.27918781726163,BUY,14.103624824175796,SELL,-0.0,BUY,0.000126047242938,HOLD,,5.0,6.0,4.0,NEUTRAL,NEUTRAL,NEUTRAL
call,cf831d9b-9bca-4301-8419-c927d9ff975f,S900,GBP/CHF,2025-10-23 10:47:37,2025-10-23 11:02:37,1.06435,1.06462,2,1.5,USD,2025-10-23 10:52:25.253959,BUY,"BUY (score=6, HTF=SELL)",1.06013,BUY,29.11640324138041,HOLD,1.0605142908883745,HOLD,1.0610030670482933,SELL,1.06254513131084,SELL,-0.0002703958559253,SELL,-0.000233849845219,BUY,6.0240963855540945,BUY,6.082106202593554,BUY,1.0612838198962802,1.0599111801037195,BUY,-97.16809560920557,SELL,35.09370806448505,BUY,-93.97590361444593,HOLD,9.326120488813596e-05,HOLD,,6.0,4.0,5.0,SELL,NEUTRAL,NEUTRAL
put,d487adf0-c04c-4353-99b3-36889cdc217a,S900,CAD/JPY,2025-10-23 11:51:22,2025-10-23 12:06:22,109.056,109.061,1,-1.0,USD,2025-10-23 11:57:03.679016,SELL,"SELL (score=6, HTF=NEUTRAL)",109.15,SELL,60.2384289851921,HOLD,109.12746778267731,HOLD,109.11805610341848,HOLD,109.10878096971544,BUY,0.0084351682753975,BUY,0.0057622946587882,SELL,87.09677419355504,SELL,90.14336917562288,BUY,109.1628080259573,109.09209197404267,SELL,108.11458707908253,BUY,16.195051285055605,SELL,-12.903225806444958,BUY,0.0098034351554844,HOLD,,5.0,6.0,4.0,NEUTRAL,NEUTRAL,NEUTRAL
put,5309703c-1bcc-4616-89cd-0428bb5a68cc,S900,GBP/JPY,2025-10-23 11:53:39,2025-10-23 12:08:39,203.714,203.7,1,0.9,USD,2025-10-23 11:57:59.753339,SELL,"SELL (score=6, HTF=NEUTRAL)",203.47701,SELL,60.86253005619619,HOLD,203.43536357505556,HOLD,203.41025964385523,HOLD,203.4663481948615,BUY,0.0170256291876,BUY,0.0165732283024446,SELL,100.0,SELL,71.35416666667477,BUY,203.48227494194128,203.38882905805863,SELL,141.299087271565,BUY,14.388240302041607,SELL,-0.0,HOLD,0.0177782097525197,HOLD,,4.0,6.0,5.0,NEUTRAL,NEUTRAL,NEUTRAL
put,f13bac70-a03e-447a-bf39-d0a4e4f5cb1f,S900,USD/JPY,2025-10-23 11:53:50,2025-10-23 12:08:50,152.586,152.618,1,-1.0,USD,,,,,,,,,,,,,,,,,,,,,,,,,,,,,,,,,,,,,,,
put,8035e015-5efe-4902-ad09-e72725224380,S900,GBP/JPY,2025-10-23 11:55:30,2025-10-23 12:10:30,203.702,203.684,1,0.9,USD,2025-10-23 11:57:59.753339,SELL,"SELL (score=6, HTF=NEUTRAL)",203.47701,SELL,60.86253005619619,HOLD,203.43536357505556,HOLD,203.41025964385523,HOLD,203.4663481948615,BUY,0.0170256291876,BUY,0.0165732283024446,SELL,100.0,SELL,71.35416666667477,BUY,203.48227494194128,203.38882905805863,SELL,141.299087271565,BUY,14.388240302041607,SELL,-0.0,HOLD,0.0177782097525197,HOLD,,4.0,6.0,5.0,NEUTRAL,NEUTRAL,NEUTRAL
put,e65bf8a1-eb8d-4b22-84c7-c48393e7b0b4,S900,USD/JPY,2025-10-23 12:01:09,2025-10-23 12:16:09,152.585,152.581,1,0.84,USD,,,,,,,,,,,,,,,,,,,,,,,,,,,,,,,,,,,,,,,
put,0740ed55-28de-4cf8-9db6-734802c5647a,S900,AUD/JPY,2025-10-23 12:04:05,2025-10-23 12:19:05,99.349,99.345,1,0.76,USD,2025-10-23 11:56:54.222940,SELL,"SELL (score=6, HTF=NEUTRAL)",99.502,SELL,59.14989990871147,HOLD,99.47756347937552,HOLD,99.46013381851668,BUY,99.3927162957502,BUY,0.0098923671201589,BUY,0.0073358664667484,SELL,90.76923076923008,SELL,94.3589743589764,BUY,99.51756588934558,99.4357341106544,SELL,100.11848341234446,HOLD,11.825687920370784,SELL,-9.230769230769903,HOLD,0.0121465357970279,HOLD,,4.0,6.0,5.0,NEUTRAL,NEUTRAL,NEUTRAL
put,c49ab9de-45ad-48b7-a01f-aef4075255ac,S900,EUR/CHF,2025-10-23 12:04:21,2025-10-23 12:19:21,0.92505,0.92527,1,-1.0,USD,2025-10-23 11:57:26.629505,SELL,"SELL (score=7, HTF=NEUTRAL)",0.9238,SELL,58.75720044290195,HOLD,0.9237229566286528,HOLD,0.9237501226447932,HOLD,0.9241331101937036,BUY,1.5776323128213754e-05,SELL,-4.0734272990679006e-06,SELL,94.73684210522931,SELL,98.2456140350764,BUY,0.9238219432966212,0.9235530567033788,SELL,131.0043668120947,BUY,12.348771107124524,SELL,-5.263157894770671,HOLD,3.4651257646935414e-05,HOLD,,3.0,7.0,5.0,NEUTRAL,NEUTRAL,NEUTRAL
put,c5d69c11-4134-41af-999d-25df0d37f6d7,S900,GBP/CHF,2025-10-23 12:04:36,2025-10-23 12:19:36,1.065,1.06536,1,-1.0,USD,2025-10-23 11:57:55.166729,BUY,"BUY (score=7, HTF=NEUTRAL)",1.05984,BUY,48.88371903298493,HOLD,1.059869208974058,HOLD,1.0598931428726996,SELL,1.0611834435305054,BUY,4.026942749035811e-06,BUY,1.942283449694974e-05,BUY,9.677419354829468,BUY,12.3167155425291,BUY,1.0601118892540475,1.0596131107459523,HOLD,-17.291066282443865,HOLD,9.133378372559054,BUY,-90.32258064517052,HOLD,7.603005227054674e-05,HOLD,,7.0,2.0,6.0,NEUTRAL,NEUTRAL,NEUTRAL
put,cd7f4371-fda6-43ed-b171-adb142d49756,S900,AUD/CAD,2025-10-23 12:05:54,2025-10-23 12:20:54,0.91081,0.91089,1,-1.0,USD,2025-10-23 12:12:28.995310,BUY,"BUY (score=4, HTF=NEUTRAL)",0.91151,BUY,50.0488343687304,HOLD,0.9115151536815864,HOLD,0.9114631819777664,HOLD,0.9109680653942116,BUY,7.918296685671677e-06,BUY,1.3723533322195036e-05,HOLD,53.33333333335554,HOLD,47.27272727273952,BUY,0.911683984075609,0.9113700159243912,HOLD,-18.983807928469457,HOLD,6.330937352201781,HOLD,-46.66666666664446,HOLD,7.92655672920534e-05,HOLD,,4.0,1.0,10.0,NEUTRAL,NEUTRAL,NEUTRAL
put,8dc747e6-218b-4ba3-8ee5-fa566b4f3827,S900,AUD/JPY,2025-10-23 12:05:59,2025-10-23 12:20:59,99.334,99.338,1,-1.0,USD,2025-10-23 12:12:38.698657,SELL,"SELL (score=6, HTF=NEUTRAL)",99.529,SELL,58.86127368006514,HOLD,99.51030966036632,HOLD,99.48670081257482,BUY,99.41083164834816,BUY,0.0134118936705931,BUY,0.0128559250411487,SELL,78.72340425530693,SELL,66.66666666665661,BUY,99.54206335213172,99.4806366478683,SELL,95.0074014264108,BUY,15.0494000534951,SELL,-21.276595744693076,HOLD,0.0108445029227679,HOLD,,5.0,6.0,4.0,NEUTRAL,NEUTRAL,NEUTRAL
put,61ab7536-256e-4514-868b-89c85c9edc4e,S900,AUD/USD,2025-10-23 12:06:04,2025-10-23 12:21:04,0.65099,0.65094,1,0.92,USD,2025-10-23 12:12:43.949493,BUY,"BUY (score=6, HTF=NEUTRAL)",0.65172,BUY,51.62726320360881,HOLD,0.651702644713102,HOLD,0.6515739274520808,HOLD,0.6510939176425387,BUY,8.258536653771298e-05,BUY,6.525058789588948e-05,SELL,61.818181818177415,SELL,87.27272727272579,BUY,0.6519974621190352,0.6513375378809647,HOLD,25.454545454550445,BUY,12.095896204701493,HOLD,-38.181818181822585,BUY,0.0001202423204117,HOLD,,6.0,3.0,6.0,NEUTRAL,NEUTRAL,NEUTRAL
put,456fef81-03ab-4839-9f65-1ff849e66e61,S900,EUR/CHF,2025-10-23 12:06:17,2025-10-23 12:21:17,0.92511,0.92523,1,-1.0,USD,2025-10-23 11:57:26.629505,SELL,"SELL (score=7, HTF=NEUTRAL)",0.9238,SELL,58.75720044290195,HOLD,0.9237229566286528,HOLD,0.9237501226447932,HOLD,0.9241331101937036,BUY,1.5776323128213754e-05,SELL,-4.0734272990679006e-06,SELL,94.73684210522931,SELL,98.2456140350764,BUY,0.9238219432966212,0.9235530567033788,SELL,131.0043668120947,BUY,12.348771107124524,SELL,-5.263157894770671,HOLD,3.4651257646935414e-05,HOLD,,3.0,7.0,5.0,NEUTRAL,NEUTRAL,NEUTRAL
put,7aafabde-3e18-487d-b656-489360c09457,S900,GBP/CHF,2025-10-23 12:06:31,2025-10-23 12:21:31,1.06509,1.06534,1,-1.0,USD,2025-10-23 12:13:37.934506,SELL,"SELL (score=6, HTF=NEUTRAL)",1.05982,BUY,49.868281836316925,HOLD,1.0598174676186838,HOLD,1.059851207703547,SELL,1.060979605258258,SELL,-1.1852093808162325e-05,SELL,-1.4277616809058513e-05,SELL,62.500000000017344,SELL,64.58333333336513,BUY,1.059905429320123,1.0597215706798773,HOLD,11.664423507935275,HOLD,6.063737701187028,HOLD,-37.499999999982656,HOLD,5.694597414065512e-05,HOLD,,2.0,6.0,7.0,NEUTRAL,NEUTRAL,NEUTRAL
put,b341ba2c-43fa-48e2-8d57-63d203c7d0c8,S900,AUD/CAD,2025-10-23 12:07:49,2025-10-23 12:22:49,0.91103,0.91093,1,0.52,USD,2025-10-23 12:12:28.995310,BUY,"BUY (score=4, HTF=NEUTRAL)",0.91151,BUY,50.0488343687304,HOLD,0.9115151536815864,HOLD,0.9114631819777664,HOLD,0.9109680653942116,BUY,7.918296685671677e-06,BUY,1.3723533322195036e-05,HOLD,53.33333333335554,HOLD,47.27272727273952,BUY,0.911683984075609,0.9113700159243912,HOLD,-18.983807928469457,HOLD,6.330937352201781,HOLD,-46.66666666664446,HOLD,7.92655672920534e-05,HOLD,,4.0,1.0,10.0,NEUTRAL,NEUTRAL,NEUTRAL
put,d42df8b2-71ae-4f06-acc6-7b6303f7f937,S900,AUD/JPY,2025-10-23 12:07:54,2025-10-23 12:22:54,99.369,99.346,1,0.74,USD,2025-10-23 12:12:38.698657,SELL,"SELL (score=6, HTF=NEUTRAL)",99.529,SELL,58.86127368006514,HOLD,99.51030966036632,HOLD,99.48670081257482,BUY,99.41083164834816,BUY,0.0134118936705931,BUY,0.0128559250411487,SELL,78.72340425530693,SELL,66.66666666665661,BUY,99.54206335213172,99.4806366478683,SELL,95.0074014264108,BUY,15.0494000534951,SELL,-21.276595744693076,HOLD,0.0108445029227679,HOLD,,5.0,6.0,4.0,NEUTRAL,NEUTRAL,NEUTRAL
call,d851464d-d28e-4d6b-aadf-8cd500ba8bce,S900,EUR/JPY,2025-10-23 12:10:04,2025-10-23 12:25:04,176.913,176.936,1,0.92,USD,2025-10-23 11:57:35.083127,SELL,"SELL (score=6, HTF=NEUTRAL)",177.364,SELL,68.17588384566906,HOLD,177.304516765353,HOLD,177.28247528805758,HOLD,177.18803253263548,BUY,0.0184110709610649,BUY,0.0111873037857352,SELL,100.0,SELL,95.60964912281084,BUY,177.35282092116128,177.24497807883873,SELL,200.20081432826257,BUY,14.37309578567452,SELL,-0.0,BUY,0.014084368943228,HOLD,,5.0,6.0,4.0,NEUTRAL,NEUTRAL,NEUTRAL
call,cfc7668e-c405-4784-ba1c-f85cb0b3b51f,S900,GBP/JPY,2025-10-23 12:10:15,2025-10-23 12:25:15,203.687,203.76,1,0.66,USD,2025-10-23 12:13:42.014060,SELL,"SELL (score=6, HTF=NEUTRAL)",203.534,SELL,65.77993547995635,HOLD,203.48015958426475,HOLD,203.4450371947896,HOLD,203.46835389617064,BUY,0.0244925004423066,BUY,0.0194208527404755,SELL,100.0,SELL,93.2423300446076,BUY,203.53178876440876,203.41811023559129,SELL,161.74851263839676,BUY,17.386840918693874,SELL,-0.0,HOLD,0.0157314188819516,HOLD,,4.0,6.0,5.0,NEUTRAL,NEUTRAL,NEUTRAL
call,9d51d73e-0743-4bed-a1ff-7244f0e2f154,S900,EUR/JPY,2025-10-23 12:11:54,2025-10-23 12:26:54,176.914,176.931,1,0.92,USD,2025-10-23 11:57:35.083127,SELL,"SELL (score=6, HTF=NEUTRAL)",177.364,SELL,68.17588384566906,HOLD,177.304516765353,HOLD,177.28247528805758,HOLD,177.18803253263548,BUY,0.0184110709610649,BUY,0.0111873037857352,SELL,100.0,SELL,95.60964912281084,BUY,177.35282092116128,177.24497807883873,SELL,200.20081432826257,BUY,14.37309578567452,SELL,-0.0,BUY,0.014084368943228,HOLD,,5.0,6.0,4.0,NEUTRAL,NEUTRAL,NEUTRAL
call,937460c2-f823-4a07-b83d-a277894e3950,S900,AUD/CAD,2025-10-23 12:24:10,2025-10-23 12:39:10,0.91083,0.91057,1,-1.0,USD,2025-10-23 12:28:12.087700,BUY,"BUY (score=6, HTF=NEUTRAL)",0.91134,BUY,42.37090837805121,HOLD,0.9114317253117132,HOLD,0.9114472879875022,HOLD,0.911033582832325,SELL,-4.649783756260906e-05,SELL,-2.6335129548299972e-05,BUY,12.903225806463166,BUY,6.451612903231582,BUY,0.9116405499929462,0.911285450007054,BUY,-112.79229711149038,HOLD,9.278054593555014,BUY,-87.09677419353683,HOLD,5.3841906463331915e-05,HOLD,,6.0,3.0,6.0,NEUTRAL,NEUTRAL,NEUTRAL
call,508a468f-9583-444a-9a0a-3f801da243df,S900,AUD/CHF,2025-10-23 12:24:15,2025-10-23 12:39:15,0.51943,0.5194,1,-1.0,USD,2025-10-23 12:28:16.322729,BUY,"BUY (score=6, HTF=NEUTRAL)",0.51804,BUY,34.88896977640317,HOLD,0.5181320323506835,HOLD,0.5181916176615178,HOLD,0.5183197174912759,SELL,-6.201612004974599e-05,SELL,-5.1347665341618675e-05,BUY,5.263157894712239,BUY,1.7543859649040927,BUY,0.5183736532086571,0.5179443467913429,BUY,-82.6388888889413,SELL,20.52195993838718,BUY,-94.73684210528776,HOLD,2.9557609692740954e-05,HOLD,,6.0,4.0,5.0,NEUTRAL,NEUTRAL,NEUTRAL
call,0b8f6eab-a05b-44a6-9f15-5bd88bec25c2,S900,AUD/USD,2025-10-23 12:24:19,2025-10-23 12:39:19,0.65083,0.65072,1,-1.0,USD,2025-10-23 12:28:24.659647,BUY,"BUY (score=6, HTF=NEUTRAL)",0.65168,BUY,50.63248192165072,HOLD,0.6516774306963651,HOLD,0.6515982976480152,HOLD,0.6511379076190298,BUY,1.2130435483204138e-05,BUY,3.632524525394651e-05,BUY,34.21052631580485,BUY,22.807017543869893,BUY,0.6519911405342486,0.6514288594657515,HOLD,-16.949152542362253,HOLD,9.126094720093972,HOLD,-65.78947368419514,HOLD,9.270779722073304e-05,HOLD,,6.0,1.0,8.0,NEUTRAL,NEUTRAL,NEUTRAL
put,fbd5bf70-114d-4746-a4f2-60f3c013b718,S900,CHF/JPY,2025-10-23 12:24:32,2025-10-23 12:39:32,191.242,191.185,1,0.9,USD,2025-10-23 12:28:39.235567,BUY,"BUY (score=9, HTF=NEUTRAL)",192.022,BUY,49.83646242110839,HOLD,192.03331533304257,HOLD,191.98924921742736,BUY,191.79772989778107,BUY,0.0188421388329516,BUY,0.0259007432877687,BUY,0.0,BUY,19.347206538677252,BUY,192.08995999590277,191.99143800409723,HOLD,-59.53256478083249,BUY,23.944732109894613,BUY,-100.0,HOLD,0.0129934344349605,HOLD,,9.0,1.0,5.0,NEUTRAL,NEUTRAL,NEUTRAL
put,11ce70e0-d6f6-43f9-9bd9-d9b17ca27cd5,S900,EUR/CAD,2025-10-23 12:24:37,2025-10-23 12:39:37,1.62238,1.62203,1,0.92,USD,2025-10-23 12:28:46.589631,BUY,"BUY (score=5, HTF=NEUTRAL)",1.62497,SELL,57.7442506865805,HOLD,1.624804004508438,HOLD,1.6247156732411598,HOLD,1.624078803596309,BUY,3.1232415220960874e-05,BUY,5.1701120064177023e-05,SELL,77.55102040815679,HOLD,45.578231292504064,BUY,1.6251742338366413,1.6245207661633587,HOLD,56.7129629629792,BUY,12.605554864469152,SELL,-22.44897959184321,BUY,9.275569973170558e-05,HOLD,,5.0,4.0,6.0,NEUTRAL,NEUTRAL,NEUTRAL
put,56db40a4-967e-41fc-944d-7c972effae03,S900,EUR/GBP,2025-10-23 12:24:42,2025-10-23 12:39:42,0.86841,0.86842,1,-1.0,USD,2025-10-23 12:28:55.212109,SELL,"SELL (score=6, HTF=NEUTRAL)",0.87198,SELL,69.63091833634687,HOLD,0.8718324541608399,HOLD,0.8717093165452398,BUY,0.8710606944536357,BUY,9.030292257272698e-05,BUY,7.995005868552927e-05,SELL,95.99999999997512,SELL,98.6666666666584,BUY,0.8720560055331587,0.871558994466841,SELL,103.60360360363626,BUY,26.153303135786693,SELL,-4.000000000024869,HOLD,3.654839195665747e-05,HOLD,,5.0,6.0,4.0,NEUTRAL,NEUTRAL,NEUTRAL
put,59b67b89-d15e-4a10-bb6a-08ec1503c01b,S900,EUR/JPY,2025-10-23 12:24:46,2025-10-23 12:39:46,176.937,176.914,1,0.92,USD,2025-10-23 12:28:59.148359,BUY,"BUY (score=9, HTF=NEUTRAL)",177.35699,BUY,40.37039219505442,HOLD,177.39202428778768,HOLD,177.36227592105047,HOLD,177.24227001957274,BUY,0.0045936551893532,BUY,0.0158017432933999,BUY,0.0,BUY,5.0273972602729,BUY,177.4550103084626,177.36008869153738,BUY,-166.5447873536009,BUY,24.059955854847512,BUY,-100.0,HOLD,0.0117386441959215,HOLD,,9.0,1.0,5.0,NEUTRAL,NEUTRAL,NEUTRAL
call,f3847fb1-96c2-4f03-b40a-ba5c46243351,S900,EUR/USD,2025-10-23 12:24:51,2025-10-23 12:39:51,1.15927,1.15927,1,0.0,USD,2025-10-23 12:29:03.938167,SELL,"SELL (score=5, HTF=NEUTRAL)",1.16142,BUY,51.22456638438365,HOLD,1.161391525641264,HOLD,1.161371263444319,HOLD,1.160991013444772,SELL,-3.128254578554923e-05,SELL,-2.510272884587405e-05,SELL,55.555555555528144,HOLD,49.074074074068385,BUY,1.1617594925594867,1.1610875074405136,HOLD,-1.7050298381520514,SELL,13.089946760939323,HOLD,-44.444444444471856,HOLD,7.190643467368389e-05,HOLD,,2.0,5.0,8.0,NEUTRAL,NEUTRAL,NEUTRAL
put,973f1ab9-cf83-40bd-a96d-ef054d4116f8,S900,GBP/CAD,2025-10-23 12:24:55,2025-10-23 12:39:55,1.86822,1.86771,1,0.75,USD,2025-10-23 12:29:12.478424,BUY,"BUY (score=5, HTF=NEUTRAL)",1.8635,BUY,45.29474230082641,HOLD,1.863588100564472,HOLD,1.8637460657186629,HOLD,1.864401553137359,SELL,-0.0001540442520078,SELL,-0.0001120520668088,BUY,42.499999999993754,BUY,19.55387205387511,BUY,1.8642928444381008,1.8631021555618992,HOLD,-52.50913924894162,SELL,15.452322451458176,HOLD,-57.500000000006246,BUY,0.0001197766050835,HOLD,,5.0,4.0,6.0,NEUTRAL,NEUTRAL,NEUTRAL
call,86936c46-5d4d-4c8d-9c0d-449b0e805fe2,S900,GBP/CHF,2025-10-23 12:25:01,2025-10-23 12:40:01,1.06531,1.06539,1,0.56,USD,2025-10-23 12:29:17.544564,BUY,"BUY (score=5, HTF=NEUTRAL)",1.05918,BUY,39.86764806833725,HOLD,1.0593863984977134,HOLD,1.0596095068465097,SELL,1.0607517345827444,SELL,-0.0001910384449543,SELL,-0.0001477708754232,HOLD,47.82608695651964,BUY,15.942028985506528,BUY,1.060062823751119,1.058877176248881,BUY,-74.93540051676962,SELL,29.38216579892755,HOLD,-52.17391304348036,BUY,0.0001068815849503,HOLD,,5.0,4.0,6.0,NEUTRAL,NEUTRAL,NEUTRAL
put,582098c0-af33-44a2-b77b-39ea6cf47b97,S900,GBP/JPY,2025-10-23 12:25:05,2025-10-23 12:40:05,203.745,203.714,1,0.76,USD,2025-10-23 12:29:22.462512,BUY,"BUY (score=7, HTF=NEUTRAL)",203.384,BUY,29.19084907882062,HOLD,203.4585126872892,HOLD,203.4533165843952,HOLD,203.46844240753424,SELL,-0.0156456952840926,SELL,-0.0005211398542961,BUY,0.0,BUY,1.075268817201846,BUY,203.57063623887188,203.3936607611281,BUY,-190.0243899015537,SELL,18.774356633572257,BUY,-100.0,BUY,0.0142541828207548,HOLD,,7.0,3.0,5.0,NEUTRAL,NEUTRAL,NEUTRAL
call,b7b304ec-43d9-4c88-82ce-7bff9d1724c0,S900,GBP/USD,2025-10-23 12:25:10,2025-10-23 12:40:10,1.33492,1.33484,1,-1.0,USD,2025-10-23 12:29:26.535292,BUY,"BUY (score=5, HTF=NEUTRAL)",1.33186,BUY,41.08142738063237,HOLD,1.3320283445697207,HOLD,1.3321123565241082,HOLD,1.332693106756337,SELL,-9.59503584683219e-05,SELL,-7.873787475276801e-05,BUY,8.888888888896565,BUY,15.619047619047413,BUY,1.332570402681806,1.3316045973181938,HOLD,-69.2541856924843,SELL,13.590729871964884,BUY,-91.11111111110344,HOLD,8.732550537178206e-05,HOLD,,5.0,4.0,6.0,NEUTRAL,NEUTRAL,NEUTRAL
put,ec416565-a6c6-41e9-8315-3d6c07cda85d,S900,USD/CHF,2025-10-23 12:25:15,2025-10-23 12:40:15,0.79804,0.79812,1,-1.0,USD,2025-10-23 12:29:35.881942,SELL,"SELL (score=4, HTF=NEUTRAL)",0.79534,BUY,44.59694860342143,HOLD,0.7953760576399506,HOLD,0.7954815980485482,HOLD,0.7959884457027516,SELL,-6.080724936674553e-05,SELL,-5.85612965059453e-05,HOLD,47.36842105264388,BUY,15.789473684214622,BUY,0.7955291865506108,0.7952288134493891,HOLD,-44.75043029258209,SELL,15.875825098733095,HOLD,-52.63157894735612,HOLD,4.6589503151305746e-05,HOLD,,3.0,4.0,8.0,NEUTRAL,NEUTRAL,NEUTRAL
put,e3dbc6e0-2889-4edf-88ba-3acfed485f28,S900,USD/JPY,2025-10-23 12:25:19,2025-10-23 12:40:19,152.618,152.606,1,0.91,USD,,,,,,,,,,,,,,,,,,,,,,,,,,,,,,,,,,,,,,,
call,c339d720-4b44-4915-8f9d-e4549d0da20c,S900,AUD/CAD,2025-10-23 12:39:57,2025-10-23 12:54:57,0.91051,0.91014,1,-1.0,USD,2025-10-23 12:43:50.176022,SELL,"SELL (score=5, HTF=NEUTRAL)",0.91138,BUY,49.30051605020579,HOLD,0.9113787070794442,HOLD,0.91140533737318,HOLD,0.9110811458166548,SELL,-1.2515032458360054e-05,SELL,-2.5445731713739547e-05,SELL,59.999999999977796,SELL,69.99999999998336,BUY,0.9114402115041674,0.9112567884958328,HOLD,56.4516129029446,HOLD,9.227730727845849,HOLD,-40.000000000022204,BUY,4.491042183469089e-05,HOLD,,3.0,5.0,7.0,NEUTRAL,NEUTRAL,NEUTRAL
call,819dab93-d6a2-44cc-b88b-4794873db45a,S900,AUD/CHF,2025-10-23 12:40:02,2025-10-23 12:55:02,0.51937,0.51918,1,-1.0,USD,2025-10-23 12:43:54.635781,SELL,"SELL (score=7, HTF=NEUTRAL)",0.51802,BUY,49.110143543316376,HOLD,0.5180055633181682,HOLD,0.5180880158050166,HOLD,0.5182683636747674,SELL,-4.157762633327789e-05,SELL,-5.506393095925657e-05,SELL,100.0,SELL,74.9999999999923,BUY,0.5180827287834827,0.5178912712165172,HOLD,55.555555555656795,SELL,21.992854072698083,SELL,-0.0,BUY,3.8586141927103634e-05,HOLD,,3.0,7.0,5.0,NEUTRAL,NEUTRAL,NEUTRAL
call,bb64836c-2087-43dc-957b-17e3105d0ff2,S900,AUD/JPY,2025-10-23 12:40:06,2025-10-23 12:55:06,99.312,99.33,1,0.92,USD,2025-10-23 12:28:20.620970,BUY,"BUY (score=8, HTF=NEUTRAL)",99.486,BUY,40.251254929305475,HOLD,99.5101745762892,HOLD,99.49867003955669,HOLD,99.42530817734551,SELL,-0.0015029123745051,BUY,0.0040025601306007,BUY,0.0,BUY,4.444444444444473,BUY,99.54743863412288,99.49026136587712,BUY,-197.92137370083665,SELL,12.031164528218037,BUY,-100.0,BUY,0.0090798442701077,HOLD,,8.0,3.0,4.0,NEUTRAL,NEUTRAL,NEUTRAL
put,d3b7c9fd-de74-4056-bc87-324dee164543,S900,CAD/JPY,2025-10-23 12:40:11,2025-10-23 12:55:11,109.064,109.138,1,-1.0,USD,2025-10-23 12:44:08.072353,BUY,"BUY (score=6, HTF=NEUTRAL)",109.109,BUY,34.494016148400746,HOLD,109.12888175134094,HOLD,109.14005567866076,HOLD,109.125231499208,SELL,-0.0143430947066889,SELL,-0.0123070915109169,BUY,17.142857142852503,BUY,6.948853615507049,BUY,109.1776143933248,109.0865856066752,BUY,-85.03589177250903,SELL,27.49035058447311,BUY,-82.8571428571475,HOLD,0.0062923316866823,HOLD,,6.0,4.0,5.0,NEUTRAL,NEUTRAL,NEUTRAL
call,f4bd199b-f95b-4953-8635-df8ee1fa238f,S900,CAD/CHF,2025-10-23 12:40:15,2025-10-23 12:55:15,0.57037,0.57044,1,0.92,USD,2025-10-23 12:44:12.537810,SELL,"SELL (score=6, HTF=NEUTRAL)",0.56837,BUY,51.642971238225186,HOLD,0.5683371065670241,HOLD,0.5684063746559965,HOLD,0.568804485763589,SELL,-3.358646635354123e-05,SELL,-4.249944394136081e-05,SELL,78.57142857145124,HOLD,50.00000000000001,BUY,0.5684543058720566,0.5682226941279436,HOLD,41.584158415784266,SELL,13.797826633282426,SELL,-21.42857142854877,HOLD,3.4705481070822135e-05,HOLD,,2.0,6.0,7.0,NEUTRAL,NEUTRAL,NEUTRAL
call,922f88fd-3dc3-48f9-9fa1-1afa188d2d6d,S900,CHF/JPY,2025-10-23 12:40:20,2025-10-23 12:55:20,191.193,191.296,1,0.9,USD,2025-10-23 12:44:16.793119,BUY,"BUY (score=6, HTF=NEUTRAL)",191.955,BUY,35.57119524109051,HOLD,191.9912450807267,HOLD,191.98687664420893,HOLD,191.8255753770736,SELL,-0.01284456771765,SELL,-0.0071561777822324,BUY,0.0,BUY,4.97163120567988,BUY,192.04645937507792,191.94623962492207,BUY,-134.57199648184616,SELL,18.457826077443137,BUY,-100.0,HOLD,0.0105307558691638,HOLD,,6.0,4.0,5.0,NEUTRAL,NEUTRAL,NEUTRAL
call,56054b8c-3059-4d85-b39e-bcb794456f70,S900,EUR/CAD,2025-10-23 12:40:24,2025-10-23 12:55:24,1.62205,1.62176,1,-1.0,USD,2025-10-23 12:44:26.736289,BUY,"BUY (score=8, HTF=NEUTRAL)",1.62485,BUY,47.003039978474966,HOLD,1.624948116450764,HOLD,1.624843064548839,HOLD,1.6242127245390654,BUY,4.2918666637303815e-05,BUY,5.819973934415648e-05,BUY,0.0,BUY,36.90476190475814,BUY,1.625212122683063,1.624665877316937,HOLD,-56.9417786309785,HOLD,10.722204302876312,BUY,-100.0,BUY,9.419374601001988e-05,HOLD,,8.0,1.0,6.0,NEUTRAL,NEUTRAL,NEUTRAL
put,834dd90d-15ab-4df7-bc70-f9af8e10cf95,S900,EUR/CHF,2025-10-23 12:40:29,2025-10-23 12:55:29,0.9252,0.92522,1,-1.0,USD,2025-10-23 12:44:31.510438,BUY,"BUY (score=7, HTF=NEUTRAL)",0.92352,BUY,41.846609184890525,HOLD,0.9236018783479648,HOLD,0.9236593394007422,HOLD,0.9239599167111372,SELL,-3.2015457325895724e-05,SELL,-3.506915710504497e-05,BUY,0.0,BUY,25.49019607844545,BUY,0.9236878898335216,0.9234951101664786,BUY,-122.85223367697976,SELL,13.109029179011404,BUY,-100.0,BUY,4.620199586259723e-05,HOLD,,7.0,4.0,4.0,NEUTRAL,NEUTRAL,NEUTRAL
put,0db9cce7-0aa7-42c4-8d06-b74db1188ab9,S900,EUR/GBP,2025-10-23 12:40:33,2025-10-23 12:55:33,0.86841,0.86885,1,-1.0,USD,2025-10-23 12:44:36.065256,BUY,"BUY (score=8, HTF=NEUTRAL)",0.87173,BUY,40.97768712665203,HOLD,0.8718206416401312,HOLD,0.8717729422044964,HOLD,0.8711786169889778,SELL,-1.8267424263029852e-05,BUY,1.1666306756373829e-05,BUY,3.448275862054444,BUY,8.045977011485897,BUY,0.8720991487996995,0.8716638512003007,BUY,-99.50738916255465,SELL,22.027369529990608,BUY,-96.55172413794556,BUY,3.742579813218794e-05,HOLD,,8.0,3.0,4.0,NEUTRAL,NEUTRAL,NEUTRAL
call,36631642-726d-41d9-9635-08634c3c9c6e,S900,EUR/CHF,2025-10-23 12:40:38,2025-10-23 12:55:38,0.9252,0.92522,1,0.54,USD,2025-10-23 12:44:31.510438,BUY,"BUY (score=7, HTF=NEUTRAL)",0.92352,BUY,41.846609184890525,HOLD,0.9236018783479648,HOLD,0.9236593394007422,HOLD,0.9239599167111372,SELL,-3.2015457325895724e-05,SELL,-3.506915710504497e-05,BUY,0.0,BUY,25.49019607844545,BUY,0.9236878898335216,0.9234951101664786,BUY,-122.85223367697976,SELL,13.109029179011404,BUY,-100.0,BUY,4.620199586259723e-05,HOLD,,7.0,4.0,4.0,NEUTRAL,NEUTRAL,NEUTRAL
call,d83cb361-3b7f-4802-a067-f8b1ea6fc4b0,S900,EUR/USD,2025-10-23 12:40:43,2025-10-23 12:55:43,1.15927,1.15891,1,-1.0,USD,2025-10-23 12:44:45.500535,BUY,"BUY (score=7, HTF=NEUTRAL)",1.16111,BUY,37.36631989428756,HOLD,1.161341896860714,HOLD,1.1613623063317138,HOLD,1.1610461616934853,SELL,-4.479256615197435e-05,SELL,-2.439496274503802e-05,BUY,0.0,BUY,15.47619047619522,BUY,1.161571851165546,1.1611621488344537,BUY,-209.710322317269,HOLD,11.046234043794383,BUY,-100.0,BUY,7.513903581372326e-05,HOLD,,7.0,3.0,5.0,NEUTRAL,NEUTRAL,NEUTRAL
call,c86eaf74-cafd-499d-b57e-eeeafa00a26f,S900,GBP/CAD,2025-10-23 12:40:47,2025-10-23 12:55:47,1.86771,1.86643,1,-1.0,USD,2025-10-23 12:44:54.484904,BUY,"BUY (score=5, HTF=NEUTRAL)",1.86383,SELL,52.41542495861039,HOLD,1.8637748098503064,HOLD,1.863756772829586,HOLD,1.864303444517006,BUY,8.405996745031175e-05,BUY,4.2127976894226616e-05,SELL,56.41025641025568,SELL,72.92528260270045,BUY,1.8642549512967548,1.8630230487032449,HOLD,44.67836257305766,BUY,14.877914866614672,HOLD,-43.58974358974432,BUY,0.0001219313255287,HOLD,,5.0,4.0,6.0,NEUTRAL,NEUTRAL,NEUTRAL
call,1136748f-d9b0-47e6-a37e-57ebb3c87513,S900,GBP/JPY,2025-10-23 12:40:55,2025-10-23 12:55:55,203.72,203.726,1,0.72,USD,2025-10-23 12:45:03.320684,BUY,"BUY (score=7, HTF=NEUTRAL)",203.364,BUY,33.94386864142176,HOLD,203.39955123883476,HOLD,203.4204384481688,HOLD,203.4558314028981,SELL,-0.0176826887678771,SELL,-0.0191774875771981,BUY,0.0,BUY,27.927927927903017,BUY,203.41793852048372,203.35615947951624,BUY,-112.49066604187776,SELL,24.008647644478987,BUY,-100.0,BUY,0.0104934629396668,HOLD,,7.0,4.0,4.0,NEUTRAL,NEUTRAL,NEUTRAL
call,2e3afdde-69b6-4872-9b78-3768b4e28103,S900,GBP/USD,2025-10-23 12:41:00,2025-10-23 12:56:00,1.33484,1.33378,1,-1.0,USD,2025-10-23 12:45:09.174815,BUY,"BUY (score=7, HTF=NEUTRAL)",1.33193,BUY,44.724141369388555,HOLD,1.3320517031439416,HOLD,1.33208641395567,HOLD,1.3326038341257769,SELL,-6.324807791058262e-06,SELL,-1.3420139994662191e-05,BUY,0.0,BUY,36.458333333329726,BUY,1.332213249838951,1.3318257501610489,BUY,-76.98924731170497,HOLD,8.984125286523867,BUY,-100.0,BUY,9.398379631009828e-05,HOLD,,7.0,3.0,5.0,NEUTRAL,NEUTRAL,NEUTRAL
call,1f1caad8-b237-45d9-a67d-3d8281f8a631,S900,USD/CHF,2025-10-23 12:41:25,2025-10-23 12:56:25,0.79811,0.79832,1,0.92,USD,2025-10-23 12:45:20.450412,SELL,"SELL (score=9, HTF=NEUTRAL)",0.79546,SELL,58.1230246682309,HOLD,0.7953367425415936,HOLD,0.795404251220549,HOLD,0.7958929084326627,SELL,-4.173859950884484e-06,SELL,-2.9896785216915177e-05,SELL,100.0,SELL,86.66666666666667,BUY,0.7954358233648178,0.7951571766351822,SELL,203.73831775692196,SELL,12.406395638275535,SELL,-0.0,BUY,5.331768010267609e-05,HOLD,,2.0,9.0,4.0,NEUTRAL,NEUTRAL,NEUTRAL
call,b9fc419b-29a3-41b8-9a7f-51402d0fcd46,S900,USD/CHF,2025-10-23 12:41:25,2025-10-23 12:56:25,0.79811,0.79832,1,0.92,USD,2025-10-23 12:45:20.450412,SELL,"SELL (score=9, HTF=NEUTRAL)",0.79546,SELL,58.1230246682309,HOLD,0.7953367425415936,HOLD,0.795404251220549,HOLD,0.7958929084326627,SELL,-4.173859950884484e-06,SELL,-2.9896785216915177e-05,SELL,100.0,SELL,86.66666666666667,BUY,0.7954358233648178,0.7951571766351822,SELL,203.73831775692196,SELL,12.406395638275535,SELL,-0.0,BUY,5.331768010267609e-05,HOLD,,2.0,9.0,4.0,NEUTRAL,NEUTRAL,NEUTRAL
put,75ef204e-9d88-4594-b8f0-f5565199626a,S900,AUD/CAD,2025-10-23 13:00:15,2025-10-23 13:15:15,0.91025,0.91028,1,-1.0,USD,2025-10-23 12:59:35.903661,SELL,"SELL (score=6, HTF=NEUTRAL)",0.91135,BUY,51.794536585561275,HOLD,0.9112790435820116,HOLD,0.911335655640108,HOLD,0.9111079806057156,SELL,-2.8291845538763735e-05,SELL,-4.59942812576917e-05,SELL,96.7391304347851,SELL,96.03397226118308,BUY,0.911692840764478,0.9108891592355224,HOLD,36.89806128832626,HOLD,11.404121049499112,SELL,-3.260869565214899,HOLD,0.0001167143834373,HOLD,,2.0,6.0,7.0,NEUTRAL,NEUTRAL,NEUTRAL
put,7c11c22f-0eb9-4d18-83bb-70b8e2e64cd0,S900,AUD/JPY,2025-10-23 13:00:20,2025-10-23 13:15:20,99.372,99.355,1,0.92,USD,2025-10-23 12:59:45.311041,SELL,"SELL (score=4, HTF=NEUTRAL)",99.446,BUY,44.49000393175731,HOLD,99.45140996410464,HOLD,99.46392650964562,HOLD,99.43256457893833,SELL,-0.0061653870646978,SELL,-0.0077972017021169,HOLD,50.0,HOLD,50.00000000000003,BUY,99.45763904753149,99.4391609524685,HOLD,-42.10526315827527,SELL,15.614814343938296,HOLD,-50.0,HOLD,0.0063171330863474,HOLD,,2.0,4.0,9.0,NEUTRAL,NEUTRAL,NEUTRAL
call,742bbadc-0bfe-46e1-887c-97cd5e1afd6a,S900,AUD/USD,2025-10-23 13:00:24,2025-10-23 13:15:24,0.65044,0.65038,1,-1.0,USD,2025-10-23 12:59:51.244366,BUY,"BUY (score=6, HTF=NEUTRAL)",0.65138,BUY,41.115609043406934,HOLD,0.6515017782819119,HOLD,0.6515405599166852,HOLD,0.6511893663738959,SELL,-6.737284074864736e-05,SELL,-5.1713288876877095e-05,BUY,0.0,BUY,5.128205128209493,BUY,0.6517023802810227,0.6513266197189773,BUY,-109.2829575462418,HOLD,11.613140751702913,BUY,-100.0,HOLD,6.330118132318801e-05,HOLD,,6.0,3.0,6.0,NEUTRAL,NEUTRAL,NEUTRAL
put,21c74d32-1c69-4267-9cd2-ef7f415236d6,S900,CAD/JPY,2025-10-23 13:00:29,2025-10-23 13:15:29,109.161,109.14,1,0.69,USD,2025-10-23 13:15:41.877072,SELL,"SELL (score=7, HTF=NEUTRAL)",109.107,BUY,49.11412452571401,HOLD,109.10595946296178,HOLD,109.1185574873373,HOLD,109.12171678080024,SELL,-0.0077939323147546,SELL,-0.0075359329080848,SELL,79.41176470588789,SELL,70.09803921568884,BUY,109.13918225175038,109.07651774824964,HOLD,-5.451338784673171,SELL,13.249688179823336,SELL,-20.588235294112113,HOLD,0.0113667828859876,HOLD,,2.0,7.0,6.0,NEUTRAL,NEUTRAL,NEUTRAL
put,3fbd94c4-3022-487b-93d9-8a1e9384f8a2,S900,CAD/CHF,2025-10-23 13:00:34,2025-10-23 13:15:34,0.57048,0.57042,1,0.92,USD,2025-10-23 12:59:59.225543,BUY,"BUY (score=6, HTF=NEUTRAL)",0.56843,BUY,51.13302795898829,HOLD,0.5684268585706901,HOLD,0.5684233958489376,HOLD,0.5687502772853134,BUY,2.557648845979976e-05,BUY,2.1313846261890775e-05,BUY,42.85714285715041,HOLD,53.968253968261536,BUY,0.5685518668427032,0.5682741331572967,HOLD,18.671059857268013,BUY,12.169317197190244,HOLD,-57.14285714284959,HOLD,3.809571252760316e-05,HOLD,,6.0,1.0,8.0,NEUTRAL,NEUTRAL,NEUTRAL
put,b919855d-48c5-4549-bed1-5a7418f15ce2,S900,CHF/JPY,2025-10-23 13:00:38,2025-10-23 13:15:38,191.329,191.314,1,0.67,USD,2025-10-23 13:00:05.440039,SELL,"SELL (score=5, HTF=NEUTRAL)",191.94299,BUY,45.61993206615312,HOLD,191.94993909242433,HOLD,191.9652854141926,HOLD,191.84281482283055,SELL,-0.0149910702424165,SELL,-0.0156587369688631,SELL,64.84586262846048,BUY,21.61528754282017,BUY,191.97706670892953,191.91763529107047,HOLD,-23.472548528808137,SELL,19.48746179631747,HOLD,-35.15413737153951,BUY,0.0121268702942061,HOLD,,4.0,5.0,6.0,NEUTRAL,NEUTRAL,NEUTRAL
call,e33dae64-613d-46b7-8693-00720b06f0c6,S900,EUR/AUD,2025-10-23 13:00:43,2025-10-23 13:15:43,1.78115,1.78139,1,0.72,USD,2025-10-23 13:00:11.011548,BUY,"BUY (score=6, HTF=NEUTRAL)",1.78236,BUY,41.63713395338664,HOLD,1.7825353979890295,HOLD,1.7825715086653964,HOLD,1.7825736601936002,SELL,-8.987247399949716e-05,SELL,-6.538557360486825e-05,BUY,22.222222222203943,BUY,13.390313390306808,BUY,1.7829325480738432,1.7822044519261568,BUY,-97.85286870832375,SELL,15.665174791515897,BUY,-77.77777777779605,HOLD,9.397569100734014e-05,HOLD,,6.0,4.0,5.0,NEUTRAL,NEUTRAL,NEUTRAL
call,5db59000-8be9-4db3-afef-441ac56fda5f,S900,EUR/CHF,2025-10-23 13:00:48,2025-10-23 13:15:48,0.92508,0.92509,1,0.39,USD,2025-10-23 13:00:18.419782,BUY,"BUY (score=7, HTF=NEUTRAL)",0.92343,BUY,38.80992151572891,HOLD,0.9235251339051936,HOLD,0.9235904213892312,HOLD,0.9238969881859468,SELL,-3.379139713544088e-05,SELL,-3.276624623216866e-05,BUY,0.0,BUY,29.166666666643533,BUY,0.9236267395032892,0.9234302604967106,BUY,-180.6510774872645,SELL,12.51331993588724,BUY,-100.0,BUY,3.8477716308169393e-05,HOLD,,7.0,4.0,4.0,NEUTRAL,NEUTRAL,NEUTRAL
put,d4b89400-6e37-47f4-85d7-e54d310e85eb,S900,EUR/JPY,2025-10-23 13:00:52,2025-10-23 13:15:52,176.996,176.993,1,0.92,USD,2025-10-23 13:00:27.775374,BUY,"BUY (score=6, HTF=NEUTRAL)",177.26401,BUY,32.756697656619934,HOLD,177.29223018444014,HOLD,177.3172339353771,HOLD,177.25928492261704,SELL,-0.0195854059297175,SELL,-0.0197623170404168,BUY,0.0,BUY,0.0,BUY,177.32802077771026,177.2535842222897,BUY,-122.6762820511344,SELL,27.835937544459423,BUY,-100.0,HOLD,0.0083346182324176,HOLD,,6.0,4.0,5.0,NEUTRAL,NEUTRAL,NEUTRAL
call,c509c16b-c2fe-4916-91a6-6c7c9e7aa6fb,S900,EUR/USD,2025-10-23 13:00:57,2025-10-23 13:15:57,1.15867,1.15867,1,0.0,USD,2025-10-23 13:00:33.137090,BUY,"BUY (score=6, HTF=NEUTRAL)",1.16074,BUY,35.970738424100404,HOLD,1.1609302456042137,HOLD,1.16112114485185,HOLD,1.161016920331505,SELL,-0.0001482336465681,SELL,-0.0001418034358334,BUY,7.500000000045796,BUY,2.500000000015289,BUY,1.1613920596005158,1.160506940399484,BUY,-72.59182259172675,SELL,23.61567792249885,BUY,-92.4999999999542,HOLD,7.011879633899339e-05,HOLD,,6.0,4.0,5.0,NEUTRAL,NEUTRAL,NEUTRAL
call,05580110-dae3-41d3-9857-73e643299c19,S900,GBP/AUD,2025-10-23 13:01:02,2025-10-23 13:16:02,2.05017,2.05021,1,0.85,USD,2025-10-23 13:00:38.116971,BUY,"BUY (score=7, HTF=NEUTRAL)",2.04424,BUY,37.10699494638206,HOLD,2.04463727732461,HOLD,2.0446855105632915,HOLD,2.0458567918341757,SELL,-7.628665568537585e-05,SELL,-2.1643550081283447e-05,BUY,0.0,BUY,6.06060606061525,BUY,2.0451682701877876,2.0442797298122124,BUY,-197.47042023668337,HOLD,10.790935481179927,BUY,-100.0,BUY,0.0001244666028683,HOLD,,7.0,3.0,5.0,NEUTRAL,NEUTRAL,NEUTRAL
call,76333564-d5b3-4e1d-8e73-17f83caa0891,S900,GBP/CAD,2025-10-23 13:01:06,2025-10-23 13:16:06,1.86628,1.86656,1,0.92,USD,2025-10-23 13:00:43.285620,BUY,"BUY (score=6, HTF=NEUTRAL)",1.8632,BUY,40.140118267112086,HOLD,1.8634523098109936,HOLD,1.8635908887702075,HOLD,1.8641735734276663,SELL,-0.0001193452437504,SELL,-8.472194751272971e-05,BUY,15.254237288126024,BUY,11.548022598857258,BUY,1.8641302880652464,1.8629497119347531,BUY,-91.39784946238244,SELL,14.969440969891982,BUY,-84.74576271187398,HOLD,0.0001161698402124,HOLD,,6.0,4.0,5.0,NEUTRAL,NEUTRAL,NEUTRAL
put,7b1ab9c5-5a2a-48d2-859c-d99d3b9d2ec7,S900,GBP/JPY,2025-10-23 13:01:11,2025-10-23 13:16:11,203.741,203.734,1,0.91,USD,2025-10-23 13:00:54.436031,BUY,"BUY (score=7, HTF=NEUTRAL)",203.30701,BUY,29.51904966171074,HOLD,203.35461956089893,HOLD,203.38651968223263,HOLD,203.44039673032756,SELL,-0.022107489757019,SELL,-0.0186404042893517,BUY,3.0149253731153087,BUY,1.0049751243717744,BUY,203.4097149216856,203.3081820783144,BUY,-195.07967360594904,SELL,25.52694298669775,BUY,-96.9850746268847,BUY,0.0108152439701381,HOLD,,7.0,4.0,4.0,NEUTRAL,NEUTRAL,NEUTRAL
call,bd163705-f879-4ecc-ad3e-05efab8cea83,S900,GBP/USD,2025-10-23 13:01:16,2025-10-23 13:16:16,1.33377,1.33368,1,-1.0,USD,2025-10-23 13:00:59.009953,BUY,"BUY (score=6, HTF=NEUTRAL)",1.33131,BUY,31.60491644359,HOLD,1.3316271840161362,HOLD,1.33183496206193,HOLD,1.332451343684091,SELL,-0.0001614700259293,SELL,-0.0001336866902714,BUY,0.0,BUY,0.0,BUY,1.3321931756261016,1.3311638243738984,BUY,-116.31944444451857,SELL,21.413412585560707,BUY,-100.0,HOLD,8.044827026456619e-05,HOLD,,6.0,4.0,5.0,NEUTRAL,NEUTRAL,NEUTRAL
put,1cc8d4d8-2467-4cc0-8231-9a91a9f864fd,S900,USD/CHF,2025-10-23 13:01:20,2025-10-23 13:16:20,0.79835,0.79841,1,-1.0,USD,2025-10-23 13:01:10.785332,SELL,"SELL (score=5, HTF=NEUTRAL)",0.79565,SELL,60.970533299223675,HOLD,0.7955653573098361,HOLD,0.7955042908206458,HOLD,0.7958513168303737,BUY,6.88621996639549e-05,BUY,6.744227697799982e-05,SELL,81.81818181815429,SELL,79.35606060604276,BUY,0.7957868838984534,0.7953391161015466,HOLD,64.37291897879292,BUY,21.820189015641493,SELL,-18.181818181845703,HOLD,3.966779611505974e-05,HOLD,,4.0,5.0,6.0,NEUTRAL,NEUTRAL,NEUTRAL
call,87ca94dd-ff8f-49a8-9687-4baf52344c64,S900,AUD/CAD,2025-10-23 13:20:50,2025-10-23 13:35:50,0.91021,0.91026,1,0.64,USD,2025-10-23 13:15:25.346610,SELL,"SELL (score=6, HTF=NEUTRAL)",0.91128,BUY,51.341781629275715,HOLD,0.9112304956457892,HOLD,0.9112875977148452,HOLD,0.9111280915474076,SELL,-3.208649533681385e-05,SELL,-3.482247085430773e-05,SELL,75.9259259259164,SELL,63.239676458068494,BUY,0.9115167538480268,0.9110132461519732,HOLD,10.526315789464665,HOLD,8.338878868797437,SELL,-24.07407407408359,HOLD,9.724313037574284e-05,HOLD,,2.0,6.0,7.0,NEUTRAL,NEUTRAL,NEUTRAL
put,d0a88a96-3e15-4422-9d26-47b1d059a558,S900,AUD/CHF,2025-10-23 13:20:55,2025-10-23 13:35:55,0.51936,0.51921,1,0.92,USD,2025-10-23 13:15:29.878948,SELL,"SELL (score=5, HTF=NEUTRAL)",0.51815,SELL,53.54173219427457,HOLD,0.5180748030182093,HOLD,0.5180740027041582,HOLD,0.5182145803817005,BUY,1.2569790511451906e-05,BUY,1.399582145128715e-05,SELL,80.95238095238724,SELL,71.42857142857646,BUY,0.518429741113619,0.5176912588863811,HOLD,57.78853914445517,HOLD,10.01463110345287,SELL,-19.047619047612756,HOLD,8.718548340996357e-05,HOLD,,2.0,5.0,8.0,NEUTRAL,NEUTRAL,NEUTRAL
put,ffcd45a8-a6c6-4dd9-b798-99dcab917425,S900,AUD/JPY,2025-10-23 13:21:00,2025-10-23 13:36:00,99.351,99.338,1,0.83,USD,2025-10-23 13:15:34.291229,SELL,"SELL (score=6, HTF=NEUTRAL)",99.425,BUY,47.525289159674166,HOLD,99.4287220500639,HOLD,99.44587203179856,HOLD,99.43180350231748,SELL,-0.009918621930737,SELL,-0.0104749711648695,SELL,70.37037037037086,SELL,70.98765432099117,BUY,99.48085263017242,99.38294736982758,HOLD,-26.106696935313263,SELL,13.70363974812924,HOLD,-29.629629629629143,HOLD,0.0132617976039919,HOLD,,2.0,6.0,7.0,NEUTRAL,NEUTRAL,NEUTRAL
call,7a0ec74e-b398-4bb7-a080-8cbdd98540c3,S900,AUD/USD,2025-10-23 13:21:11,2025-10-23 13:36:11,0.65037,0.65049,1,0.57,USD,2025-10-23 12:59:51.244366,BUY,"BUY (score=6, HTF=NEUTRAL)",0.65138,BUY,41.115609043406934,HOLD,0.6515017782819119,HOLD,0.6515405599166852,HOLD,0.6511893663738959,SELL,-6.737284074864736e-05,SELL,-5.1713288876877095e-05,BUY,0.0,BUY,5.128205128209493,BUY,0.6517023802810227,0.6513266197189773,BUY,-109.2829575462418,HOLD,11.613140751702913,BUY,-100.0,HOLD,6.330118132318801e-05,HOLD,,6.0,3.0,6.0,NEUTRAL,NEUTRAL,NEUTRAL
put,ac885746-47b1-4e6c-93d9-23fdf5503c3f,S900,CAD/JPY,2025-10-23 13:21:15,2025-10-23 13:36:15,109.146,109.123,1,0.75,USD,2025-10-23 13:15:41.877072,SELL,"SELL (score=7, HTF=NEUTRAL)",109.107,BUY,49.11412452571401,HOLD,109.10595946296178,HOLD,109.1185574873373,HOLD,109.12171678080024,SELL,-0.0077939323147546,SELL,-0.0075359329080848,SELL,79.41176470588789,SELL,70.09803921568884,BUY,109.13918225175038,109.07651774824964,HOLD,-5.451338784673171,SELL,13.249688179823336,SELL,-20.588235294112113,HOLD,0.0113667828859876,HOLD,,2.0,7.0,6.0,NEUTRAL,NEUTRAL,NEUTRAL
call,198ce28b-5170-4cb8-a3f0-8271516e2f29,S900,CHF/JPY,2025-10-23 13:21:20,2025-10-23 13:36:20,191.274,191.317,1,0.82,USD,2025-10-23 13:15:51.345423,SELL,"SELL (score=6, HTF=NEUTRAL)",191.88499,BUY,44.819154053949646,HOLD,191.8939292845588,HOLD,191.92633965358212,HOLD,191.84903314294775,SELL,-0.0207418986817629,SELL,-0.0228882810119613,SELL,63.3564356435548,SELL,58.55220233561685,BUY,191.95346700968972,191.8365309903103,HOLD,-28.0377104263812,SELL,21.239312959970572,HOLD,-36.6435643564452,HOLD,0.0142271990780823,HOLD,,2.0,6.0,7.0,NEUTRAL,NEUTRAL,NEUTRAL
call,a3c3552f-f8d1-4fc2-b632-5b65b5a81cb7,S900,EUR/AUD,2025-10-23 13:21:25,2025-10-23 13:36:25,1.78155,1.78191,1,0.92,USD,2025-10-23 13:31:43.553204,BUY,"BUY (score=8, HTF=NEUTRAL)",1.78298,BUY,48.19773653091513,HOLD,1.7831062900083194,HOLD,1.7828770907271636,HOLD,1.782662031569899,BUY,0.0001435822732029,BUY,0.0001864334893615,BUY,0.0,BUY,26.653768196057285,BUY,1.7836989050747547,1.782548094925245,HOLD,-39.18356201784146,BUY,18.95269858083483,BUY,-100.0,HOLD,0.0001159012215807,HOLD,,8.0,1.0,6.0,NEUTRAL,NEUTRAL,NEUTRAL
put,090a3b70-8736-4ac9-9f5d-63e05df0796d,S900,EUR/CHF,2025-10-23 13:21:29,2025-10-23 13:36:29,0.92531,0.92529,1,0.31,USD,2025-10-23 13:16:04.794419,SELL,"SELL (score=6, HTF=NEUTRAL)",0.92376,SELL,62.96136400714402,HOLD,0.9236168283848262,HOLD,0.9236028998084868,HOLD,0.9238538317681084,BUY,4.8284206001558694e-05,BUY,2.097244378501697e-05,SELL,100.0,SELL,100.0,BUY,0.9237797884458984,0.9233782115541014,SELL,140.31007751929712,BUY,14.305743483465674,SELL,-0.0,HOLD,4.653921152871833e-05,HOLD,,4.0,6.0,5.0,NEUTRAL,NEUTRAL,NEUTRAL
call,b81cdf6a-c4ee-4086-8ff0-3a72f8049152,S900,EUR/GBP,2025-10-23 13:21:34,2025-10-23 13:36:34,0.86867,0.86885,1,0.88,USD,2025-10-23 13:16:10.809484,SELL,"SELL (score=6, HTF=NEUTRAL)",0.87197,SELL,65.7133082348382,HOLD,0.8718232188090875,HOLD,0.8717821484673756,HOLD,0.871336036114315,BUY,5.231927913773582e-05,BUY,1.84276293593392e-05,SELL,94.73684210525856,SELL,95.46783625731098,BUY,0.8720312264260078,0.8715407735739921,SELL,114.64174454831854,BUY,21.96978810007803,SELL,-5.263157894741455,HOLD,3.964351612068556e-05,HOLD,,4.0,6.0,5.0,NEUTRAL,NEUTRAL,NEUTRAL
put,dfa13ebd-b85e-41a8-b6ee-fafa6405462f,S900,EUR/JPY,2025-10-23 13:21:38,2025-10-23 13:36:38,176.998,177.03,1,-1.0,USD,2025-10-23 13:16:15.223056,SELL,"SELL (score=8, HTF=NEUTRAL)",177.26199,BUY,51.05981322207626,HOLD,177.25082777093562,HOLD,177.28053113633507,HOLD,177.25635988524766,SELL,-0.0129353515201273,SELL,-0.0188755963101936,SELL,100.0,SELL,98.11267605633934,BUY,177.28652670094257,177.20517629905746,SELL,75.95830376974162,SELL,25.323996117519226,SELL,-0.0,HOLD,0.01187948756531,HOLD,,2.0,8.0,5.0,NEUTRAL,NEUTRAL,NEUTRAL
put,ae8f1f6f-7d8a-4b52-baa2-57a7f8fb05dc,S900,GBP/AUD,2025-10-23 13:21:43,2025-10-23 13:36:43,2.05079,2.05086,1,-1.0,USD,2025-10-23 13:16:24.193721,BUY,"BUY (score=5, HTF=NEUTRAL)",2.0443,BUY,44.258460709188526,HOLD,2.0445047778984775,HOLD,2.044591820178258,HOLD,2.0456449096141274,SELL,-7.817915198105041e-05,SELL,-4.376148377702367e-05,BUY,2.7777777777549337,BUY,2.755331088668708,BUY,2.045011705897843,2.043967294102157,HOLD,-64.65370180830992,HOLD,11.03625142474838,BUY,-97.22222222224508,HOLD,0.0001567675639654,HOLD,,5.0,3.0,7.0,NEUTRAL,NEUTRAL,NEUTRAL
put,31247abf-6da0-4793-9fd4-d279aaf7de90,S900,GBP/CAD,2025-10-23 13:21:48,2025-10-23 13:36:48,1.86677,1.86697,1,-1.0,USD,2025-10-23 13:32:30.438951,SELL,"SELL (score=6, HTF=NEUTRAL)",1.86348,SELL,55.14809629108102,HOLD,1.8633289481239117,HOLD,1.86337582847468,HOLD,1.863934094421432,BUY,3.231650153656673e-05,BUY,1.7868899818117944e-06,SELL,94.44444444446844,SELL,77.3809523809602,BUY,1.8636621372317872,1.862845862768213,SELL,89.57590170438729,HOLD,9.788484577799151,SELL,-5.555555555531569,HOLD,0.00011452454638,HOLD,,3.0,6.0,6.0,NEUTRAL,NEUTRAL,NEUTRAL
call,41d580ff-9424-4015-8396-cd6d587ca17d,S900,GBP/CHF,2025-10-23 13:21:53,2025-10-23 13:36:53,1.06505,1.06487,1,-1.0,USD,2025-10-23 13:16:32.127634,BUY,"BUY (score=5, HTF=NEUTRAL)",1.05924,BUY,44.326093088535714,HOLD,1.059335876953301,HOLD,1.0593840098345315,HOLD,1.06021374791161,SELL,-2.741682584206373e-05,SELL,-1.015250799464599e-05,BUY,0.0,BUY,8.108108108101602,BUY,1.059636076912537,1.059063923087463,HOLD,-59.620596205977726,HOLD,9.96081001821112,BUY,-100.0,HOLD,7.125632324563281e-05,HOLD,,5.0,3.0,7.0,NEUTRAL,NEUTRAL,NEUTRAL
put,c477e543-087b-4ec6-a4cf-7bf85bcef31c,S900,GBP/USD,2025-10-23 13:21:57,2025-10-23 13:36:57,1.33385,1.33405,1,-1.0,USD,2025-10-23 13:16:41.211581,BUY,"BUY (score=6, HTF=NEUTRAL)",1.33106,BUY,34.99109440454389,HOLD,1.331287290944711,HOLD,1.3315617891987324,HOLD,1.3322791149625213,SELL,-0.0001824706188537,SELL,-0.0001596453176731,BUY,14.285714285709757,BUY,8.571428571430083,BUY,1.3317562482295864,1.3308737517704137,BUY,-92.3913043477734,SELL,26.137715660610553,BUY,-85.71428571429024,HOLD,7.901985599048387e-05,HOLD,,6.0,4.0,5.0,NEUTRAL,NEUTRAL,NEUTRAL
call,6c01714e-4906-4ccc-90c8-dc9cd44b6600,S900,USD/CAD,2025-10-23 13:22:02,2025-10-23 13:37:02,1.39965,1.39968,1,0.75,USD,2025-10-23 13:16:48.247839,SELL,"SELL (score=6, HTF=NEUTRAL)",1.40002,SELL,58.94995953363359,HOLD,1.399813994992456,HOLD,1.3996540247523972,HOLD,1.3993722711963024,BUY,0.000114353749123,BUY,9.730468469097493e-05,SELL,100.0,SELL,94.20289855072048,BUY,1.4001383646014751,1.3994276353985249,SELL,106.75675675684133,HOLD,11.567628252271572,SELL,-0.0,HOLD,0.0001097757214679,HOLD,,3.0,6.0,6.0,NEUTRAL,NEUTRAL,NEUTRAL
put,4d8d8f05-051f-4aa6-aadc-09496e3710b4,S900,USD/CHF,2025-10-23 13:22:06,2025-10-23 13:37:06,0.79851,0.7983,1,0.77,USD,2025-10-23 13:16:52.814738,SELL,"SELL (score=5, HTF=NEUTRAL)",0.79587,SELL,61.01594536647351,HOLD,0.7957821636011569,HOLD,0.7956538255499177,HOLD,0.7958453990703499,BUY,8.80073912493673e-05,BUY,8.909380919609297e-05,SELL,76.19047619047116,SELL,83.1840998507749,BUY,0.7959787214837801,0.7955732785162197,HOLD,68.41339155744564,BUY,26.217538998095243,SELL,-23.809523809528844,HOLD,4.516968258161942e-05,HOLD,,4.0,5.0,6.0,NEUTRAL,NEUTRAL,NEUTRAL
call,3c565db4-a107-471f-afe6-62d8d77fedcb,S900,AUD/CAD,2025-10-23 13:45:13,2025-10-23 14:00:13,0.90999,0.90987,1,-1.0,USD,2025-10-23 13:47:04.118545,SELL,"SELL (score=5, HTF=NEUTRAL)",0.91179,SELL,69.51735185526448,HOLD,0.9115524766856536,HOLD,0.9113883199416596,HOLD,0.911188881879314,BUY,0.000179654109913,BUY,0.0001437378650876,SELL,93.42105263157951,SELL,95.61403508771969,BUY,0.9121470963121648,0.9107479036878354,HOLD,69.61382113819346,BUY,29.236000205327713,SELL,-6.578947368420476,HOLD,6.014896898576064e-05,HOLD,,3.0,5.0,7.0,NEUTRAL,NEUTRAL,NEUTRAL
call,f4b9bb4f-a52e-4735-902b-3a32ca7ee0d6,S900,AUD/CHF,2025-10-23 13:45:18,2025-10-23 14:00:18,0.51901,0.51892,1,-1.0,USD,2025-10-23 13:47:08.267762,BUY,"BUY (score=8, HTF=NEUTRAL)",0.51792,BUY,40.320384826147865,HOLD,0.5183100626881016,HOLD,0.5181843889210613,HOLD,0.5182033661143627,BUY,0.0001076959915844,BUY,0.0001196045391198,BUY,41.80327868852549,SELL,77.868852459017,BUY,0.5189214110045727,0.5175955889954275,BUY,-77.41566609491578,BUY,18.360933512165985,HOLD,-58.19672131147451,BUY,0.0001365863190704,HOLD,,8.0,1.0,6.0,NEUTRAL,NEUTRAL,NEUTRAL
call,3ffc99e1-5163-4b06-a2e9-7277ad709feb,S900,AUD/JPY,2025-10-23 13:45:25,2025-10-23 14:00:25,99.3,99.256,1,-1.0,USD,2025-10-23 13:47:12.670479,SELL,"SELL (score=4, HTF=NEUTRAL)",99.493,SELL,59.32725632623784,HOLD,99.47658391313936,HOLD,99.45472686275836,HOLD,99.43559882402984,BUY,0.0232915187986009,BUY,0.0227217135969185,SELL,64.15094339621908,SELL,67.5545689974038,BUY,99.56825217768107,99.3673478223189,HOLD,36.649214659682755,BUY,26.9617289844272,HOLD,-35.84905660378092,HOLD,0.0106514294302502,HOLD,,3.0,4.0,8.0,NEUTRAL,NEUTRAL,NEUTRAL
call,6d82d9e7-1ca7-4563-ab15-302f223acebc,S900,AUD/USD,2025-10-23 13:45:30,2025-10-23 14:00:30,0.65026,0.6503,1,0.44,USD,2025-10-23 13:47:17.637819,SELL,"SELL (score=6, HTF=NEUTRAL)",0.65193,SELL,71.78900387679478,HOLD,0.6514934497635217,HOLD,0.6514575036568501,BUY,0.6512252590528519,BUY,0.0001222828541496,BUY,1.804035978549293e-05,SELL,100.0,SELL,100.0,BUY,0.6520059164109927,0.6506750835890073,SELL,134.72745971888872,BUY,26.221830855532904,SELL,-0.0,HOLD,8.194366058491988e-05,HOLD,,4.0,6.0,5.0,NEUTRAL,NEUTRAL,NEUTRAL
put,56a2c252-1bc4-4f1e-a84d-4c127db026a1,S900,CAD/JPY,2025-10-23 13:45:34,2025-10-23 14:00:34,109.119,109.084,1,0.83,USD,2025-10-23 13:47:22.248788,BUY,"BUY (score=8, HTF=NEUTRAL)",109.107,BUY,44.41055714697798,HOLD,109.12160678107398,HOLD,109.1162959690751,HOLD,109.11865222377132,BUY,0.005348314409062,BUY,0.0088495629481524,BUY,0.0,BUY,5.22875816993155,BUY,109.1631958068369,109.0839041931631,HOLD,-64.29681429674643,BUY,17.582861179176387,BUY,-100.0,HOLD,0.0082125725317926,HOLD,,8.0,1.0,6.0,NEUTRAL,NEUTRAL,NEUTRAL
put,a9c29dad-6817-4d81-9da9-747d3eb12cbb,S900,CAD/CHF,2025-10-23 13:45:39,2025-10-23 14:00:39,0.5703,0.57026,1,0.92,USD,2025-10-23 13:47:26.689477,SELL,"SELL (score=5, HTF=NEUTRAL)",0.56875,SELL,53.58400786685534,HOLD,0.5685994972177502,HOLD,0.5685260654962263,HOLD,0.5686650173397142,BUY,6.879976268081567e-05,BUY,5.128999512744624e-05,SELL,91.91919191919452,SELL,86.86868686868972,BUY,0.569068724842518,0.568112275157482,HOLD,69.77252843395071,HOLD,9.802106545643351,SELL,-8.080808080805475,HOLD,0.0001899473950066,HOLD,,2.0,5.0,8.0,NEUTRAL,NEUTRAL,NEUTRAL
put,70987a63-e82f-438d-826b-1bb0840efa5e,S900,CHF/JPY,2025-10-23 13:45:44,2025-10-23 14:00:44,191.306,191.264,1,0.75,USD,2025-10-23 13:47:30.976057,BUY,"BUY (score=7, HTF=NEUTRAL)",191.82899,BUY,33.51335236845854,HOLD,191.8695589007326,HOLD,191.88861558975844,HOLD,191.8554846502792,SELL,-0.0100194114019984,SELL,-0.0052943708286407,BUY,0.0,BUY,0.0,BUY,191.9097244077537,191.83566959224632,BUY,-210.52859743930975,SELL,15.336094831324411,BUY,-100.0,BUY,0.0104653246664544,HOLD,,7.0,4.0,4.0,NEUTRAL,NEUTRAL,NEUTRAL
call,f6f9ab9b-aadd-476d-814f-3f35404581f8,S900,EUR/CAD,2025-10-23 13:45:48,2025-10-23 14:00:48,1.62198,1.62168,1,-1.0,USD,2025-10-23 13:47:40.555955,SELL,"SELL (score=7, HTF=NEUTRAL)",1.62443,BUY,50.99629319360947,HOLD,1.6243727998572306,HOLD,1.6244891724335495,HOLD,1.6243448983329265,SELL,-8.064240449345839e-05,SELL,-9.765016185787022e-05,SELL,100.0,SELL,61.4379084967124,BUY,1.62467180393047,1.6240331960695302,HOLD,39.365079365153264,SELL,18.513601120062734,SELL,-0.0,BUY,7.53682268989572e-05,HOLD,,3.0,7.0,5.0,NEUTRAL,NEUTRAL,NEUTRAL
call,727b31d4-5b33-4a17-a0b0-f5d6a585e202,S900,EUR/CHF,2025-10-23 13:45:53,2025-10-23 14:00:53,0.9251,0.92485,1,-1.0,USD,2025-10-23 13:47:44.567799,BUY,"BUY (score=7, HTF=NEUTRAL)",0.92377,BUY,47.35876544622357,HOLD,0.923808743187262,HOLD,0.9237514682960234,HOLD,0.9238392866301768,BUY,1.9094362982863267e-05,BUY,3.379707670802919e-05,BUY,33.33333333331277,HOLD,49.99999999998973,BUY,0.923932661915649,0.923716338084351,BUY,-79.6783625732361,BUY,13.267881291565535,HOLD,-66.66666666668722,HOLD,3.6155779824737e-05,HOLD,,7.0,1.0,7.0,NEUTRAL,NEUTRAL,NEUTRAL
put,f603ec7c-5336-441d-982d-f18a338e7634,S900,EUR/GBP,2025-10-23 13:45:58,2025-10-23 14:00:58,0.86893,0.86894,1,-1.0,USD,2025-10-23 13:47:48.568601,SELL,"SELL (score=5, HTF=NEUTRAL)",0.87158,BUY,43.36233899691247,HOLD,0.8716084593995587,HOLD,0.8717075018429066,HOLD,0.8714446079473426,SELL,-8.282390478064894e-05,SELL,-8.918436951100833e-05,SELL,68.75000000001302,BUY,42.54629629630576,BUY,0.8718111881459488,0.8713818118540514,HOLD,-12.16141514630793,SELL,30.473719523034937,HOLD,-31.24999999998699,HOLD,3.7774617833047534e-05,HOLD,,3.0,5.0,7.0,NEUTRAL,NEUTRAL,NEUTRAL
call,91fa415a-a529-4fc2-8beb-6591527b056e,S900,EUR/JPY,2025-10-23 13:46:03,2025-10-23 14:01:03,176.995,176.916,1,-1.0,USD,2025-10-23 13:47:52.704469,BUY,"BUY (score=8, HTF=NEUTRAL)",177.23599,BUY,41.14899574222007,HOLD,177.26346307538236,HOLD,177.2703559465471,HOLD,177.25916818857002,SELL,-0.0051023973145731,BUY,0.0007108413930453,BUY,3.883116883094544,BUY,9.09090909090347,BUY,177.31249344090395,177.22630955909608,BUY,-128.45895582280056,SELL,13.450698075471433,BUY,-96.11688311690546,BUY,0.0124870948992454,HOLD,,8.0,3.0,4.0,NEUTRAL,NEUTRAL,NEUTRAL
put,46e854db-5a4c-4a50-9d41-1e6abfcc7970,S900,GBP/AUD,2025-10-23 13:46:07,2025-10-23 14:01:07,2.0511,2.05087,1,0.61,USD,2025-10-23 13:48:02.875243,BUY,"BUY (score=6, HTF=NEUTRAL)",2.04372,BUY,33.90247631537052,HOLD,2.044168030664505,HOLD,2.0444529828084006,HOLD,2.045346263967872,SELL,-0.0003023757377991,SELL,-0.0002337023409391,BUY,2.189781021912007,BUY,0.9408974714404064,BUY,2.045726890365822,2.0430271096341777,BUY,-70.03517748640155,SELL,25.51677866484517,BUY,-97.810218978088,HOLD,0.0001338060305134,HOLD,,6.0,3.0,6.0,NEUTRAL,NEUTRAL,NEUTRAL
call,d5a61390-a5ad-4ec1-9113-a9d55fd159cc,S900,GBP/CAD,2025-10-23 13:46:12,2025-10-23 14:01:12,1.8666,1.86624,1,-1.0,USD,2025-10-23 13:32:30.438951,SELL,"SELL (score=6, HTF=NEUTRAL)",1.86348,SELL,55.14809629108102,HOLD,1.8633289481239117,HOLD,1.86337582847468,HOLD,1.863934094421432,BUY,3.231650153656673e-05,BUY,1.7868899818117944e-06,SELL,94.44444444446844,SELL,77.3809523809602,BUY,1.8636621372317872,1.862845862768213,SELL,89.57590170438729,HOLD,9.788484577799151,SELL,-5.555555555531569,HOLD,0.00011452454638,HOLD,,3.0,6.0,6.0,NEUTRAL,NEUTRAL,NEUTRAL
call,90bf6e8b-bc6b-416a-a1d6-062fc25af4ae,S900,GBP/CHF,2025-10-23 13:46:16,2025-10-23 14:01:16,1.0646,1.06423,1,-1.0,USD,2025-10-23 13:48:10.604860,BUY,"BUY (score=7, HTF=NEUTRAL)",1.05984,SELL,52.69450954218989,HOLD,1.0598445637201173,HOLD,1.0596496133504498,HOLD,1.0600722921230934,BUY,0.0001367967276739,BUY,0.0001572757089132,BUY,24.39024390243506,BUY,44.71544715447329,BUY,1.0602727451141027,1.0594412548858974,HOLD,-6.6942311479244365,BUY,20.73110515853953,BUY,-75.60975609756494,HOLD,8.657244643848722e-05,HOLD,,7.0,2.0,6.0,NEUTRAL,NEUTRAL,NEUTRAL
call,fa3459bd-2ab8-4a5e-b286-fac9a0fd8273,S900,GBP/JPY,2025-10-23 13:46:21,2025-10-23 14:01:21,203.689,203.591,1,-1.0,USD,2025-10-23 13:48:15.563842,BUY,"BUY (score=10, HTF=NEUTRAL)",203.334,BUY,44.86527024428955,HOLD,203.36310065019777,HOLD,203.34832009030552,HOLD,203.397477266782,BUY,0.0125006786217909,BUY,0.0216201678695338,BUY,0.0,BUY,4.960992907804153,BUY,203.4501559653157,203.2975420346843,BUY,-81.15745450442921,BUY,21.63829981915266,BUY,-100.0,BUY,0.0166381568124212,HOLD,,10.0,1.0,4.0,NEUTRAL,NEUTRAL,NEUTRAL
call,08c3eb3e-f52d-4bab-bc47-d97631d4bd9f,S900,GBP/USD,2025-10-23 13:46:28,2025-10-23 14:01:28,1.3338,1.33364,1,-1.0,USD,2025-10-23 13:48:20.345293,SELL,"SELL (score=6, HTF=NEUTRAL)",1.33214,SELL,68.11822645687627,HOLD,1.331786376487377,HOLD,1.331622011554865,HOLD,1.3320840700068142,BUY,0.0001986031461442,BUY,0.0001725888795454,SELL,100.0,SELL,95.13888888890142,BUY,1.3322958698727134,1.3312201301272866,SELL,111.59801343855077,BUY,27.247778611879436,SELL,-0.0,HOLD,9.156354186951756e-05,HOLD,,4.0,6.0,5.0,NEUTRAL,NEUTRAL,NEUTRAL
call,b5aa3bb2-ec76-40c1-a650-79f772d5403b,S900,USD/CHF,2025-10-23 13:46:37,2025-10-23 14:01:37,0.79813,0.79804,1,-1.0,USD,2025-10-23 13:48:30.381316,BUY,"BUY (score=7, HTF=NEUTRAL)",0.79561,BUY,33.14095719063346,HOLD,0.7958271779411543,HOLD,0.7958020844262568,HOLD,0.7958517172717028,SELL,-4.179343314270057e-05,SELL,-6.723991664471185e-07,BUY,2.5000000000159592,BUY,0.8333333333386483,BUY,0.7960953955735466,0.7956526044264534,BUY,-210.52631578938983,SELL,16.292274703687802,BUY,-97.49999999998404,BUY,5.103609975936141e-05,HOLD,,7.0,4.0,4.0,NEUTRAL,NEUTRAL,NEUTRAL
call,484c4726-f9aa-4da4-a0cb-2f299d98db7a,S900,AUD/CHF,2025-10-23 14:02:01,2025-10-23 14:17:01,0.51887,0.51874,1,-1.0,USD,2025-10-23 14:02:50.352833,BUY,"BUY (score=5, HTF=NEUTRAL)",0.51831,BUY,49.875997833141575,HOLD,0.5183213382776385,HOLD,0.5182663808896624,HOLD,0.5182287334915865,SELL,-2.1303205438139017e-05,BUY,2.847073450820443e-05,SELL,76.1904761904806,BUY,36.50793650794255,BUY,0.5188326918320446,0.5179463081679553,HOLD,-36.89523146532448,HOLD,10.606951084926338,SELL,-23.809523809519405,BUY,0.0001759281691964,HOLD,,5.0,3.0,7.0,NEUTRAL,NEUTRAL,NEUTRAL
call,b7a565a5-fd7b-45b3-b41d-fcb1924e5599,S900,AUD/JPY,2025-10-23 14:02:06,2025-10-23 14:17:06,99.265,99.283,1,0.78,USD,2025-10-23 14:02:54.716783,BUY,"BUY (score=6, HTF=NEUTRAL)",99.428,BUY,37.44843248930209,HOLD,99.456468433157,HOLD,99.45476586267928,HOLD,99.4387110228755,SELL,-0.0061208476821263,SELL,-0.0005338882838799,BUY,0.0,BUY,0.0,BUY,99.50609501187316,99.42390498812684,BUY,-139.3596986817616,SELL,16.41177301807928,BUY,-100.0,HOLD,0.0089491029300385,HOLD,,6.0,4.0,5.0,NEUTRAL,NEUTRAL,NEUTRAL
call,e9c88318-8fd7-46dd-8e2e-634c2f8eeda2,S900,AUD/USD,2025-10-23 14:02:14,2025-10-23 14:17:14,0.65019,0.65023,1,0.56,USD,2025-10-23 14:03:00.169194,BUY,"BUY (score=4, HTF=NEUTRAL)",0.65181,SELL,59.281580823285694,HOLD,0.6517025256641906,HOLD,0.6515728071756641,HOLD,0.6512757139413131,BUY,0.0001394151190163,BUY,0.00012757198258,BUY,43.33333333332593,SELL,73.68559545029632,BUY,0.6523663511238169,0.650873648876183,HOLD,37.92415169660948,BUY,27.933482299102177,HOLD,-56.66666666667407,HOLD,6.674745744984685e-05,HOLD,,4.0,2.0,9.0,NEUTRAL,NEUTRAL,NEUTRAL
call,4ee79281-fe2e-408b-9171-5cdbeb16012e,S900,CAD/JPY,2025-10-23 14:02:18,2025-10-23 14:17:18,109.091,109.114,1,0.78,USD,2025-10-23 14:03:05.849403,BUY,"BUY (score=6, HTF=NEUTRAL)",109.071,BUY,37.247046281028894,HOLD,109.0855454894756,HOLD,109.098594727737,HOLD,109.11297725044756,SELL,-0.0116225105431198,SELL,-0.0101755613232001,BUY,11.999999999997726,BUY,13.1415830546236,BUY,109.1262727056818,109.0497272943182,BUY,-72.18683651813858,SELL,24.53190746694737,BUY,-88.00000000000227,HOLD,0.0057595462982709,HOLD,,6.0,4.0,5.0,NEUTRAL,NEUTRAL,NEUTRAL
call,d22ee2f3-2f05-4d53-a373-25c5fd1f7995,S900,CAD/CHF,2025-10-23 14:02:23,2025-10-23 14:17:23,0.57024,0.57014,1,-1.0,USD,2025-10-23 14:03:10.785281,SELL,"SELL (score=5, HTF=NEUTRAL)",0.56854,BUY,50.94310476481174,HOLD,0.5684749574275044,HOLD,0.5685001324375767,HOLD,0.5686384472900755,SELL,-5.822060378624094e-05,SELL,-2.4277103917707303e-05,SELL,91.7647058823634,HOLD,47.92156862745153,BUY,0.5689334222982005,0.5681355777017993,HOLD,3.256364712908566,HOLD,7.155941885493506,SELL,-8.23529411763661,BUY,0.0001987991581,HOLD,,3.0,5.0,7.0,NEUTRAL,NEUTRAL,NEUTRAL
call,8393eb38-39ed-4a80-b2e5-6d93923e8da7,S900,CHF/JPY,2025-10-23 14:02:30,2025-10-23 14:17:30,191.29,191.363,1,0.78,USD,2025-10-23 14:03:14.870322,SELL,"SELL (score=4, HTF=NEUTRAL)",191.834,BUY,42.73514990356502,HOLD,191.84214544587897,HOLD,191.86409210308096,HOLD,191.85282867276857,SELL,-0.0109992115529848,SELL,-0.0109976608145744,HOLD,45.8333333333136,BUY,22.222222222209073,BUY,191.86177845227223,191.81791954772777,HOLD,-47.76194967430634,SELL,18.288238593740314,HOLD,-54.1666666666864,HOLD,0.0071338823711919,HOLD,,3.0,4.0,8.0,NEUTRAL,NEUTRAL,NEUTRAL
call,00a4ed91-2d06-4ed0-988d-923836fa7c97,S900,EUR/AUD,2025-10-23 14:02:35,2025-10-23 14:17:35,1.78237,1.78247,1,0.81,USD,2025-10-23 14:03:18.895652,SELL,"SELL (score=9, HTF=NEUTRAL)",1.78193,SELL,56.831344855418955,HOLD,1.7816860406702106,HOLD,1.78197624769271,HOLD,1.7823868550042206,SELL,-6.393198116438903e-05,SELL,-0.0001692577057839,SELL,100.0,SELL,100.0,BUY,1.7819402630821,1.7810277369179002,SELL,151.39171758313952,SELL,22.37135076275638,SELL,-0.0,HOLD,0.000100498405472,HOLD,,1.0,9.0,5.0,NEUTRAL,NEUTRAL,NEUTRAL
put,00c4b61f-9b03-42e0-b0f6-b5341158ec1b,S900,EUR/CAD,2025-10-23 14:02:40,2025-10-23 14:17:40,1.6218,1.62171,1,0.72,USD,2025-10-23 14:03:22.884379,SELL,"SELL (score=6, HTF=NEUTRAL)",1.62463,SELL,57.24366131412994,HOLD,1.6245168534044214,HOLD,1.6245070405730833,HOLD,1.6243696747638343,BUY,5.5763305210065894e-05,BUY,2.9336715648746523e-05,SELL,85.71428571429327,SELL,84.92063492065465,BUY,1.6247518510245014,1.6241881489754988,SELL,83.33333333328997,BUY,14.860529198563553,SELL,-14.285714285706732,HOLD,6.790265500673935e-05,HOLD,,4.0,6.0,5.0,NEUTRAL,NEUTRAL,NEUTRAL
put,d0bb1e5b-0ed7-49b8-9e94-3cb58ff7c3ee,S900,EUR/CHF,2025-10-23 14:02:45,2025-10-23 14:17:45,0.92489,0.92473,1,0.33,USD,2025-10-23 13:47:44.567799,BUY,"BUY (score=7, HTF=NEUTRAL)",0.92377,BUY,47.35876544622357,HOLD,0.923808743187262,HOLD,0.9237514682960234,HOLD,0.9238392866301768,BUY,1.9094362982863267e-05,BUY,3.379707670802919e-05,BUY,33.33333333331277,HOLD,49.99999999998973,BUY,0.923932661915649,0.923716338084351,BUY,-79.6783625732361,BUY,13.267881291565535,HOLD,-66.66666666668722,HOLD,3.6155779824737e-05,HOLD,,7.0,1.0,7.0,NEUTRAL,NEUTRAL,NEUTRAL
put,2fad81a9-d160-4523-a6d4-ac0a9966205a,S900,EUR/GBP,2025-10-23 14:02:49,2025-10-23 14:17:49,0.86898,0.86915,1,-1.0,USD,2025-10-23 14:03:29.978352,SELL,"SELL (score=6, HTF=NEUTRAL)",0.87186,SELL,64.03719463403658,HOLD,0.8717349007554865,HOLD,0.8717235857640063,HOLD,0.8714866035201627,BUY,5.2433402404128415e-05,BUY,2.0640614801657777e-05,SELL,89.28571428568597,SELL,86.90476190474492,BUY,0.8719289849892053,0.8714460150107946,SELL,110.8433734939564,BUY,21.219534009455803,SELL,-10.714285714314036,HOLD,3.775400191017841e-05,HOLD,,4.0,6.0,5.0,NEUTRAL,NEUTRAL,NEUTRAL
call,42ef8bbe-0adf-4815-b324-a94ace180c77,S900,EUR/JPY,2025-10-23 14:02:54,2025-10-23 14:17:54,176.922,176.972,1,0.89,USD,2025-10-23 14:03:33.982820,BUY,"BUY (score=6, HTF=NEUTRAL)",177.19299,BUY,35.61689900281391,HOLD,177.21844922841677,HOLD,177.24095738854814,HOLD,177.25171836553878,SELL,-0.0145120396236961,SELL,-0.0143673278619122,BUY,0.0,BUY,17.56230209044169,BUY,177.24514894987172,177.18515305012832,BUY,-125.25327884819718,SELL,20.589463848988743,BUY,-100.0,HOLD,0.0085634115418917,HOLD,,6.0,4.0,5.0,NEUTRAL,NEUTRAL,NEUTRAL
put,ed07109e-b61e-4664-859f-48627a1eb047,S900,EUR/USD,2025-10-23 14:02:59,2025-10-23 14:17:59,1.15892,1.15906,1,-1.0,USD,2025-10-23 13:47:57.442449,SELL,"SELL (score=6, HTF=NEUTRAL)",1.16102,SELL,67.58633545975462,HOLD,1.1608016500818643,HOLD,1.1608071763621617,HOLD,1.1609070720325017,BUY,5.208024381575527e-05,BUY,2.2994322720573576e-05,SELL,100.0,SELL,88.88888888888891,BUY,1.1609656210106014,1.1605543789893986,SELL,206.34920634910569,BUY,14.382043500146647,SELL,-0.0,BUY,5.0884383294979485e-05,HOLD,,5.0,6.0,4.0,NEUTRAL,NEUTRAL,NEUTRAL
call,9d01263b-5c86-4fa6-a5e6-77b65a0abfb1,S900,GBP/AUD,2025-10-23 14:03:03,2025-10-23 14:18:03,2.0509,2.0505,1,-1.0,USD,2025-10-23 14:03:42.009189,SELL,"SELL (score=6, HTF=NEUTRAL)",2.04371,BUY,44.60625787969282,HOLD,2.0437738666838023,HOLD,2.044085072407807,HOLD,2.0450990968190155,SELL,-0.0001534303199486,SELL,-0.0001951578919484,SELL,64.9999999999889,SELL,70.8333333333241,BUY,2.0439148289967375,2.0434471710032622,HOLD,20.655270655305124,SELL,22.38018961508924,HOLD,-35.000000000011106,HOLD,0.0001066472007844,HOLD,,2.0,6.0,7.0,NEUTRAL,NEUTRAL,NEUTRAL
call,14152e01-611d-4d8d-b287-533d5089f2f6,S900,GBP/CHF,2025-10-23 14:03:11,2025-10-23 14:18:11,1.06428,1.06383,1,-1.0,USD,2025-10-23 14:03:51.049597,BUY,"BUY (score=6, HTF=NEUTRAL)",1.05926,BUY,34.75980605329147,HOLD,1.0595463821716793,HOLD,1.0595797770242965,HOLD,1.059990252692984,SELL,-9.899318785611122e-05,SELL,-5.376932927720511e-05,BUY,0.0,BUY,4.761904761913811,BUY,1.0600034137405676,1.059203586259433,BUY,-143.2593055990156,SELL,19.292020585040984,BUY,-100.0,HOLD,7.934796585994752e-05,HOLD,,6.0,4.0,5.0,NEUTRAL,NEUTRAL,NEUTRAL
call,bbb7fd07-c627-4cdd-a827-97aa31b8b819,S900,GBP/JPY,2025-10-23 14:03:16,2025-10-23 14:18:16,203.598,203.599,1,0.75,USD,2025-10-23 14:03:55.436856,BUY,"BUY (score=6, HTF=NEUTRAL)",203.214,BUY,30.021933863728165,HOLD,203.2785591124326,HOLD,203.3087803251094,HOLD,203.37841241157363,SELL,-0.0303890989990804,SELL,-0.0224619128151721,BUY,0.0,BUY,5.832604257782523,BUY,203.36904933162907,203.20224866837097,BUY,-143.0758032774525,SELL,27.449781319871864,BUY,-100.0,HOLD,0.014566715019609,HOLD,,6.0,4.0,5.0,NEUTRAL,NEUTRAL,NEUTRAL
call,748cc4f8-054c-4c21-8243-7c4915f3cd7c,S900,GBP/USD,2025-10-23 14:03:20,2025-10-23 14:18:20,1.33362,1.33331,1,-1.0,USD,2025-10-23 14:03:59.855234,BUY,"BUY (score=9, HTF=NEUTRAL)",1.3317,BUY,42.36413498210055,HOLD,1.3318389932693695,HOLD,1.331744134837063,HOLD,1.3320560480373556,BUY,9.977763026469688e-06,BUY,6.203351976187099e-05,BUY,0.0,BUY,2.2222222222123533,BUY,1.3321604110360026,1.3316855889639974,BUY,-150.0168180289219,BUY,17.855290131808157,BUY,-100.0,HOLD,5.877431223837445e-05,HOLD,,9.0,1.0,5.0,NEUTRAL,NEUTRAL,NEUTRAL
put,995a1b31-9da7-4ee2-9f1a-f2748b5ec050,S900,USD/CAD,2025-10-23 14:03:25,2025-10-23 14:18:25,1.39962,1.39935,1,0.41,USD,2025-10-23 14:04:04.049749,SELL,"SELL (score=8, HTF=NEUTRAL)",1.39948,BUY,50.67272467241614,HOLD,1.399438361643134,HOLD,1.399548017283503,HOLD,1.3994666640766529,SELL,-5.1415996442205625e-05,SELL,-7.70788819597162e-05,SELL,100.0,SELL,81.67388167387075,BUY,1.399532002577277,1.3992409974227231,SELL,96.64082687317196,SELL,18.47691060440155,SELL,-0.0,HOLD,5.162929994536226e-05,HOLD,,2.0,8.0,5.0,NEUTRAL,NEUTRAL,NEUTRAL
call,d5bfcb02-9af3-48b4-9abd-3df7b1309700,S900,USD/CHF,2025-10-23 14:03:30,2025-10-23 14:18:30,0.79805,0.79789,1,-1.0,USD,2025-10-23 14:04:10.308003,BUY,"BUY (score=6, HTF=NEUTRAL)",0.7955,BUY,34.88154891955706,HOLD,0.7956063438314218,HOLD,0.7956877655653137,HOLD,0.7958099382338985,SELL,-7.819596176916743e-05,SELL,-7.752201524507531e-05,BUY,0.0,BUY,10.256410256423388,BUY,0.7957919999999611,0.7954000000000389,BUY,-91.95402298852407,SELL,25.885627309574936,BUY,-100.0,HOLD,3.569135931428213e-05,HOLD,,6.0,4.0,5.0,NEUTRAL,NEUTRAL,NEUTRAL
call,e22d8b5d-8a9c-418a-bec3-1944d79028d3,S900,AUD/CAD,2025-10-23 14:17:34,2025-10-23 14:32:34,0.90978,0.90972,1,-1.0,USD,2025-10-23 14:18:25.562314,BUY,"BUY (score=6, HTF=NEUTRAL)",0.91155,BUY,43.67399428226,HOLD,0.911628285802784,HOLD,0.9115841608954356,HOLD,0.9113206246897338,SELL,-2.0298791796768967e-05,SELL,-2.271322322146326e-06,BUY,5.88235294114958,BUY,16.544117647048424,BUY,0.9117542497252508,0.9115267502747496,BUY,-127.01754385980962,HOLD,11.67004523474202,BUY,-94.11764705885042,HOLD,4.764047727912345e-05,HOLD,,6.0,3.0,6.0,NEUTRAL,NEUTRAL,NEUTRAL
put,ab84ec85-3449-4462-810e-a7f3e74af66c,S900,AUD/CHF,2025-10-23 14:17:38,2025-10-23 14:32:38,0.51873,0.51852,1,0.76,USD,2025-10-23 14:18:29.853318,SELL,"SELL (score=6, HTF=NEUTRAL)",0.51834,BUY,51.838523911505874,HOLD,0.5182068685498211,HOLD,0.5182249496654566,HOLD,0.5182215444138663,SELL,-3.117677225139559e-05,SELL,-3.913211347035906e-05,SELL,100.0,SELL,63.425925925925505,BUY,0.5187245700694603,0.5176434299305397,HOLD,48.6891385767874,HOLD,7.149046766482251,SELL,-0.0,BUY,0.00025088060533,HOLD,,2.0,6.0,7.0,NEUTRAL,NEUTRAL,NEUTRAL
put,31148eca-335b-4993-93e6-e0b09005e7c0,S900,AUD/JPY,2025-10-23 14:17:43,2025-10-23 14:32:43,99.282,99.22,1,0.78,USD,2025-10-23 14:18:33.977131,SELL,"SELL (score=6, HTF=NEUTRAL)",99.447,BUY,49.699471094655266,HOLD,99.44598686563818,HOLD,99.44944156068118,HOLD,99.43929705922524,SELL,-0.0039531321219357,SELL,-0.0042983016622794,SELL,84.61538461541825,SELL,57.19063545151537,BUY,99.4571037192214,99.4281962807786,HOLD,52.823315118469466,HOLD,10.489266551389218,SELL,-15.38461538458175,BUY,0.0085613497909567,HOLD,,3.0,6.0,6.0,NEUTRAL,NEUTRAL,NEUTRAL
put,501f96b0-e85d-4601-8954-2fa489700206,S900,AUD/USD,2025-10-23 14:17:48,2025-10-23 14:32:48,0.6502,0.65028,1,-1.0,USD,2025-10-23 14:18:38.709321,BUY,"BUY (score=6, HTF=NEUTRAL)",0.65181,SELL,58.13807790990827,HOLD,0.6517497727952939,HOLD,0.651631272957873,HOLD,0.6513148872735963,BUY,7.561873020123233e-05,BUY,9.556358026874456e-05,BUY,38.46153846154503,BUY,27.972027972028616,BUY,0.651976581435932,0.6517094185640682,HOLD,-39.07637655425895,BUY,21.6341948874777,HOLD,-61.53846153845497,HOLD,4.685454717213919e-05,HOLD,,6.0,2.0,7.0,NEUTRAL,NEUTRAL,NEUTRAL
put,687c980c-e7e6-4349-baca-f07cb3aca026,S900,CAD/JPY,2025-10-23 14:17:52,2025-10-23 14:32:52,109.121,109.056,1,0.78,USD,2025-10-23 14:18:42.747950,SELL,"SELL (score=7, HTF=NEUTRAL)",109.079,BUY,49.71465208854312,HOLD,109.07736520294873,HOLD,109.0869838357422,HOLD,109.10710768849135,SELL,-0.0027595523911685,SELL,-0.0047818726859671,SELL,74.99999999996447,SELL,67.60752688170908,BUY,109.08756299437825,109.05753700562175,SELL,72.94317217966865,SELL,13.511958054864778,HOLD,-25.000000000035527,BUY,0.0063679206719592,HOLD,,3.0,7.0,5.0,NEUTRAL,NEUTRAL,NEUTRAL
call,0724a100-e22b-4723-a123-bad359f48366,S900,CAD/CHF,2025-10-23 14:17:57,2025-10-23 14:32:57,0.57018,0.56993,1,-1.0,USD,2025-10-23 14:18:47.814253,SELL,"SELL (score=6, HTF=NEUTRAL)",0.56854,BUY,51.95396519823368,HOLD,0.5684075549232073,HOLD,0.5684518972225857,HOLD,0.5686036617804605,SELL,-3.174280412276964e-05,SELL,-4.0106163621500326e-05,SELL,100.0,SELL,65.82278481012584,BUY,0.5689260262165653,0.5678579737834347,HOLD,52.039381153319496,HOLD,5.990640146778792,SELL,-0.0,BUY,0.000229769945527,HOLD,,2.0,6.0,7.0,NEUTRAL,NEUTRAL,NEUTRAL
put,dc8f6509-81cd-4417-84c1-fcd90c1551d4,S900,CHF/JPY,2025-10-23 14:18:02,2025-10-23 14:33:02,191.358,191.328,1,0.79,USD,2025-10-23 14:03:14.870322,SELL,"SELL (score=4, HTF=NEUTRAL)",191.834,BUY,42.73514990356502,HOLD,191.84214544587897,HOLD,191.86409210308096,HOLD,191.85282867276857,SELL,-0.0109992115529848,SELL,-0.0109976608145744,HOLD,45.8333333333136,BUY,22.222222222209073,BUY,191.86177845227223,191.81791954772777,HOLD,-47.76194967430634,SELL,18.288238593740314,HOLD,-54.1666666666864,HOLD,0.0071338823711919,HOLD,,3.0,4.0,8.0,NEUTRAL,NEUTRAL,NEUTRAL
call,236ccf85-e23b-45c3-82a3-2aed25b2f1b0,S900,EUR/AUD,2025-10-23 14:18:06,2025-10-23 14:33:06,1.78237,1.7826,1,0.81,USD,2025-10-23 14:03:18.895652,SELL,"SELL (score=9, HTF=NEUTRAL)",1.78193,SELL,56.831344855418955,HOLD,1.7816860406702106,HOLD,1.78197624769271,HOLD,1.7823868550042206,SELL,-6.393198116438903e-05,SELL,-0.0001692577057839,SELL,100.0,SELL,100.0,BUY,1.7819402630821,1.7810277369179002,SELL,151.39171758313952,SELL,22.37135076275638,SELL,-0.0,HOLD,0.000100498405472,HOLD,,1.0,9.0,5.0,NEUTRAL,NEUTRAL,NEUTRAL
call,8d0f63bc-3865-47da-b904-081f97146815,S900,EUR/CAD,2025-10-23 14:18:11,2025-10-23 14:33:11,1.62152,1.62204,1,0.91,USD,2025-10-23 14:18:59.457586,BUY,"BUY (score=5, HTF=NEUTRAL)",1.62459,BUY,51.168533741648666,HOLD,1.6245804280594995,HOLD,1.624542219125465,HOLD,1.6243986598762643,BUY,4.210865783083051e-05,BUY,3.6989564859398656e-05,BUY,42.424242424258736,SELL,67.67676767677447,BUY,1.6247562379267717,1.6244197620732284,HOLD,1.8779342725627004,HOLD,10.011502639226988,HOLD,-57.575757575741264,HOLD,8.867692746664438e-05,HOLD,,5.0,2.0,8.0,NEUTRAL,NEUTRAL,NEUTRAL
call,e73d98bc-9e95-41b0-8484-2623ab12f62a,S900,EUR/CHF,2025-10-23 14:18:16,2025-10-23 14:33:16,0.92469,0.9245,1,-1.0,USD,2025-10-23 14:19:03.732553,SELL,"SELL (score=7, HTF=NEUTRAL)",0.92375,SELL,53.73865005701441,HOLD,0.9236816014175908,HOLD,0.923689589232329,HOLD,0.9237915577622182,BUY,8.325485844618008e-06,SELL,-1.2282653522565222e-05,SELL,96.22641509433606,SELL,98.08854359353984,BUY,0.9238857809241452,0.9234512190758548,SELL,94.90538573491348,HOLD,10.60372165973173,SELL,-3.7735849056639346,HOLD,6.902392708252438e-05,HOLD,,2.0,7.0,6.0,NEUTRAL,NEUTRAL,NEUTRAL
put,2ca7b822-98bc-4bbc-bad0-82a0a9a24893,S900,EUR/GBP,2025-10-23 14:18:23,2025-10-23 14:33:23,0.86908,0.86917,1,-1.0,USD,2025-10-23 14:19:08.033176,BUY,"BUY (score=9, HTF=NEUTRAL)",0.87173,BUY,46.9111975694389,HOLD,0.8717619375142585,HOLD,0.871747788666328,HOLD,0.8715276447535548,BUY,6.89032095135822e-06,BUY,1.880060409596679e-05,BUY,21.428571428565764,BUY,38.392857142877155,BUY,0.8719067496988535,0.8716992503011463,BUY,-106.49161196188508,BUY,12.656903550152842,BUY,-78.57142857143424,HOLD,3.258316817941498e-05,HOLD,,9.0,1.0,5.0,NEUTRAL,NEUTRAL,NEUTRAL
put,b11fd022-f08b-451d-a78e-af1af034e3bd,S900,EUR/JPY,2025-10-23 14:18:28,2025-10-23 14:33:28,176.951,176.91,1,0.9,USD,2025-10-23 14:19:13.353161,SELL,"SELL (score=7, HTF=NEUTRAL)",177.25101,SELL,64.27008937097719,HOLD,177.22372646113794,HOLD,177.23237252172694,HOLD,177.24733430499143,BUY,0.0030169156278816,SELL,-0.0024727265091545,SELL,100.0,SELL,98.37398373982948,BUY,177.24480676777992,177.18749623222007,SELL,208.12939685571016,BUY,14.363188880476114,SELL,-0.0,BUY,0.0072201016526512,HOLD,,4.0,7.0,4.0,NEUTRAL,NEUTRAL,NEUTRAL
call,3d97b9fc-d92a-4c6b-8e1b-a57a54fdcaba,S900,EUR/USD,2025-10-23 14:18:36,2025-10-23 14:33:36,1.15885,1.15885,1,0.0,USD,2025-10-23 14:19:18.102225,SELL,"SELL (score=6, HTF=NEUTRAL)",1.16122,SELL,65.27705807421805,HOLD,1.161116881173888,HOLD,1.1610212573116774,HOLD,1.1609574862246752,BUY,5.917745218719794e-05,BUY,5.2797065268757687e-05,SELL,100.0,SELL,100.0,BUY,1.161246066188269,1.160992933811731,SELL,130.60428849873213,BUY,20.625670167624033,SELL,-0.0,HOLD,3.314380353808833e-05,HOLD,,4.0,6.0,5.0,NEUTRAL,NEUTRAL,NEUTRAL
call,d12ce789-c902-472a-ab77-c6bb29326360,S900,GBP/AUD,2025-10-23 14:18:40,2025-10-23 14:33:40,2.05038,2.05103,1,0.61,USD,2025-10-23 14:19:22.517161,BUY,"BUY (score=5, HTF=NEUTRAL)",2.04402,SELL,53.51953650659296,HOLD,2.04391371350574,HOLD,2.0440033875883894,HOLD,2.044928932962089,BUY,6.792881461681333e-05,BUY,5.000779584111141e-06,SELL,61.6279069767646,SELL,79.4573643410957,BUY,2.044281859387615,2.043336140612385,HOLD,69.32807622806999,BUY,16.63034518451666,HOLD,-38.3720930232354,BUY,0.0001214703074025,HOLD,,5.0,4.0,6.0,NEUTRAL,NEUTRAL,NEUTRAL
call,ca2a3989-7234-4c67-b417-cffe1daa4044,S900,GBP/CAD,2025-10-23 14:18:45,2025-10-23 14:33:45,1.86553,1.86627,1,0.42,USD,2025-10-23 14:19:27.783473,BUY,"BUY (score=6, HTF=NEUTRAL)",1.86341,BUY,47.2846399581807,HOLD,1.8634838820350252,HOLD,1.8634740812269257,HOLD,1.8637728012091832,BUY,2.4736416067483447e-05,BUY,5.11051185953496e-06,BUY,28.888888888876828,SELL,57.03703703700817,BUY,1.8637081922458365,1.8631098077541637,HOLD,0.5380683346342435,HOLD,10.415326906046127,HOLD,-71.11111111112318,BUY,9.687972225711676e-05,HOLD,,6.0,2.0,7.0,NEUTRAL,NEUTRAL,NEUTRAL
call,ea361f76-9d09-4c5c-826c-6a15b37e9c7d,S900,GBP/CHF,2025-10-23 14:18:50,2025-10-23 14:33:50,1.06385,1.0637,1,-1.0,USD,2025-10-23 14:19:31.830146,SELL,"SELL (score=7, HTF=NEUTRAL)",1.0596,SELL,52.5719157768601,HOLD,1.059532975462486,HOLD,1.0595414078828211,HOLD,1.059915222367766,BUY,2.0071849029523747e-05,SELL,-1.8751371896489587e-05,SELL,88.73239436621701,SELL,96.24413145540564,BUY,1.0597743792342225,1.0591286207657775,SELL,80.71748878929449,BUY,12.85699015925032,SELL,-11.267605633782996,HOLD,9.842537502908235e-05,HOLD,,3.0,7.0,5.0,NEUTRAL,NEUTRAL,NEUTRAL
put,ee693f06-0f6f-4746-9472-43c21bb6e53c,S900,GBP/JPY,2025-10-23 14:18:55,2025-10-23 14:33:55,203.577,203.505,1,0.87,USD,2025-10-23 14:19:48.994828,SELL,"SELL (score=7, HTF=NEUTRAL)",203.30299,SELL,55.946736917682394,HOLD,203.2820076521799,HOLD,203.2935031565943,HOLD,203.36283469675453,BUY,0.0039670682377845,SELL,-0.0048341170145524,SELL,77.88886305509465,SELL,90.31911492954664,BUY,203.32229146168385,203.2042105383162,SELL,100.9205998501553,BUY,17.041286669227837,SELL,-22.11113694490535,BUY,0.01286865413327,HOLD,,4.0,7.0,4.0,NEUTRAL,NEUTRAL,NEUTRAL
call,6427af0f-2b36-4339-9ffd-867213d2cb8a,S900,GBP/USD,2025-10-23 14:18:59,2025-10-23 14:33:59,1.33318,1.33409,1,0.92,USD,2025-10-23 14:19:53.092838,SELL,"SELL (score=6, HTF=NEUTRAL)",1.33209,SELL,63.44154798508323,HOLD,1.331922143292698,HOLD,1.331818019986675,HOLD,1.3320326452451965,BUY,7.380036568815918e-05,BUY,4.156462985340013e-05,SELL,95.5555555555742,SELL,94.64254952626789,BUY,1.332157393772442,1.331545606227558,SELL,115.3846153846123,BUY,18.82760497732034,SELL,-4.4444444444258036,HOLD,5.646278624538168e-05,HOLD,,4.0,6.0,5.0,NEUTRAL,NEUTRAL,NEUTRAL
put,e71d6257-555d-4a69-8014-75bfb908d05a,S900,USD/CAD,2025-10-23 14:19:04,2025-10-23 14:34:04,1.3994,1.39921,1,0.36,USD,2025-10-23 14:19:58.470995,BUY,"BUY (score=6, HTF=NEUTRAL)",1.39925,BUY,40.07123634293698,HOLD,1.399378125414314,HOLD,1.399467958887752,HOLD,1.399454782441655,SELL,-4.664725969227845e-05,SELL,-3.526303849231192e-05,BUY,4.166666666693652,BUY,11.915204678394169,BUY,1.399548920361947,1.3992350796380535,BUY,-135.625596943671,SELL,13.133424588832074,BUY,-95.83333333330634,HOLD,5.836566617619554e-05,HOLD,,6.0,4.0,5.0,NEUTRAL,NEUTRAL,NEUTRAL
put,68e76ac3-35da-4bd4-96cd-edf9db054de1,S900,AUD/CAD,2025-10-23 14:44:37,2025-10-23 14:59:37,0.90996,0.9101,1,-1.0,USD,2025-10-23 14:50:03.490851,SELL,"SELL (score=5, HTF=NEUTRAL)",0.91139,BUY,47.802208926903056,HOLD,0.9114196310161392,HOLD,0.9114891705752894,HOLD,0.9113643106477785,SELL,-5.347350885254176e-05,SELL,-5.932845618026147e-05,SELL,73.40425531915334,SELL,72.34042553191632,BUY,0.9117867058448093,0.9110492941551908,HOLD,-17.879948914448786,HOLD,9.640783266190144,HOLD,-26.595744680846668,HOLD,9.64518313220803e-05,HOLD,,2.0,5.0,8.0,NEUTRAL,NEUTRAL,NEUTRAL
put,701993c0-37ca-4705-a542-1f71c65ee92a,S900,AUD/JPY,2025-10-23 14:44:45,2025-10-23 14:59:45,99.205,99.215,1,-1.0,USD,2025-10-23 14:50:13.276341,BUY,"BUY (score=7, HTF=NEUTRAL)",99.4,BUY,36.26190951275998,HOLD,99.4186540337301,HOLD,99.43140448589207,HOLD,99.43653750721585,SELL,-0.008583388721945,SELL,-0.0083326960924771,BUY,0.0,BUY,15.78947368420662,BUY,99.43403439574092,99.40056560425909,BUY,-161.75783076176114,SELL,19.012454726456184,BUY,-100.0,BUY,0.006336654956796,HOLD,,7.0,4.0,4.0,NEUTRAL,NEUTRAL,NEUTRAL
put,1f75269a-fcd1-44b2-ae10-e2dc9998c273,S900,AUD/USD,2025-10-23 14:44:50,2025-10-23 14:59:50,0.6503,0.65043,1,-1.0,USD,2025-10-23 14:50:17.663468,SELL,"SELL (score=5, HTF=NEUTRAL)",0.65189,SELL,57.20592790401717,HOLD,0.6518411476047291,HOLD,0.6517411391365453,HOLD,0.6513960816651394,BUY,4.088764212395457e-05,BUY,4.649485214116779e-05,SELL,76.47058823527107,SELL,84.31372549018069,BUY,0.651947519428232,0.6517544805717679,HOLD,66.3265306123104,BUY,16.786731175668674,SELL,-23.52941176472893,HOLD,3.894057632112594e-05,HOLD,,4.0,5.0,6.0,NEUTRAL,NEUTRAL,NEUTRAL
call,55efd611-cd4a-4aa4-9399-54b60e1d6b9b,S900,CAD/JPY,2025-10-23 14:44:55,2025-10-23 14:59:55,109.016,109.013,1,-1.0,USD,2025-10-23 14:50:22.569134,SELL,"SELL (score=4, HTF=NEUTRAL)",109.053,BUY,44.660585453060634,HOLD,109.06513626580508,HOLD,109.07351324925108,HOLD,109.097231181806,SELL,-0.004352818671478,SELL,-0.0037593162623726,HOLD,50.84745762712273,HOLD,51.97740112995304,BUY,109.0947987179255,109.03240128207447,HOLD,-56.173820879682935,SELL,14.124437522409654,HOLD,-49.15254237287727,BUY,0.0102333763313854,HOLD,,3.0,4.0,8.0,NEUTRAL,NEUTRAL,NEUTRAL
call,f5080a31-05b5-42f8-b7ba-7a562f838395,S900,CAD/CHF,2025-10-23 14:44:59,2025-10-23 14:59:59,0.56969,0.56953,1,-1.0,USD,2025-10-23 14:50:26.561287,SELL,"SELL (score=4, HTF=NEUTRAL)",0.56855,BUY,50.424557257989704,HOLD,0.5685473320035526,HOLD,0.5685091085442234,HOLD,0.5685811459911808,BUY,3.877494845982987e-05,BUY,3.0025667754917883e-05,SELL,84.26966292134607,SELL,90.26217228464344,BUY,0.5689994820671515,0.5680515179328486,HOLD,11.687537268924478,HOLD,5.170159687934527,SELL,-15.730337078653928,HOLD,0.0001588491441531,HOLD,,3.0,4.0,8.0,NEUTRAL,NEUTRAL,NEUTRAL
put,299343f1-3913-4add-bb3a-a866fd41ee4d,S900,CHF/JPY,2025-10-23 14:45:07,2025-10-23 15:00:07,191.339,191.382,1,-1.0,USD,2025-10-23 14:50:30.550948,BUY,"BUY (score=6, HTF=NEUTRAL)",191.77699,BUY,41.6162619004408,HOLD,191.79674938296188,HOLD,191.81558062907544,HOLD,191.83852388148065,SELL,-0.0089357647908627,SELL,-0.0101540148155013,BUY,19.977136324673175,SELL,59.7978367592448,BUY,191.812445339616,191.77035066038397,BUY,-110.39344136705375,SELL,14.220464556875582,BUY,-80.02286367532683,BUY,0.0112011934559372,HOLD,,6.0,5.0,4.0,NEUTRAL,NEUTRAL,NEUTRAL
put,b7405c4c-84be-4281-9ce5-74cf896cce67,S900,EUR/CAD,2025-10-23 14:45:18,2025-10-23 15:00:18,1.62305,1.62313,1,-1.0,USD,2025-10-23 14:50:38.857989,BUY,"BUY (score=8, HTF=NEUTRAL)",1.62447,BUY,40.29231280502275,HOLD,1.6246757831677043,HOLD,1.624657831737316,HOLD,1.6244830747511767,SELL,-3.2507975588513816e-05,BUY,5.387442701347463e-06,BUY,0.0,BUY,8.805031446530093,BUY,1.6251215946611677,1.624342405338832,BUY,-108.21974390769763,HOLD,11.57809854836955,BUY,-100.0,BUY,8.290835668734905e-05,HOLD,,8.0,2.0,5.0,NEUTRAL,NEUTRAL,NEUTRAL
put,1e8f0257-0230-4606-a2d4-1dc6494e04ad,S900,EUR/CHF,2025-10-23 14:45:22,2025-10-23 15:00:22,0.92465,0.92449,1,0.66,USD,2025-10-23 14:50:42.890511,BUY,"BUY (score=8, HTF=NEUTRAL)",0.92386,BUY,47.9874892372959,HOLD,0.9238886102223915,HOLD,0.9238409100298948,HOLD,0.9238203786167438,BUY,7.929592324318335e-06,BUY,2.669382445741812e-05,BUY,27.777777777781203,BUY,14.81481481481256,BUY,0.9240162169340216,0.9238177830659784,BUY,-88.57808857801076,BUY,12.310689472411712,HOLD,-72.22222222221879,HOLD,3.613094432381961e-05,HOLD,,8.0,1.0,6.0,NEUTRAL,NEUTRAL,NEUTRAL
call,9dc27155-7ec2-496a-8b0c-2fbad3f6ff88,S900,EUR/GBP,2025-10-23 14:45:27,2025-10-23 15:00:27,0.86929,0.86934,1,0.92,USD,2025-10-23 14:50:47.254379,BUY,"BUY (score=8, HTF=NEUTRAL)",0.87184,BUY,46.93244639589793,HOLD,0.8718666738949924,HOLD,0.8718367091683387,HOLD,0.8716209755422061,BUY,5.044179410607086e-06,BUY,1.4536091947776823e-05,BUY,0.0,BUY,8.333333333333343,BUY,0.8719393132636104,0.8718216867363895,BUY,-114.40677966085482,HOLD,7.988729966303002,BUY,-100.0,HOLD,2.620459478629099e-05,HOLD,,8.0,1.0,6.0,NEUTRAL,NEUTRAL,NEUTRAL
put,d8464678-52d1-4cbe-b909-9e9399578da9,S900,EUR/JPY,2025-10-23 14:45:35,2025-10-23 15:00:35,176.925,176.931,1,-1.0,USD,2025-10-23 14:50:51.497218,BUY,"BUY (score=6, HTF=NEUTRAL)",177.19501,BUY,38.59534177087382,HOLD,177.2161746940268,HOLD,177.224334954964,HOLD,177.24108715461122,SELL,-0.0065982823628019,SELL,-0.0036606792677234,BUY,10.43532597375152,BUY,3.4784419912504787,BUY,177.24244046426804,177.1919615357319,BUY,-139.84440726340827,SELL,13.45010917594889,BUY,-89.56467402624848,HOLD,0.0079410181063141,HOLD,,6.0,4.0,5.0,NEUTRAL,NEUTRAL,NEUTRAL
put,e2206098-9f5e-4c7b-9504-b13784d98732,S900,EUR/USD,2025-10-23 14:45:43,2025-10-23 15:00:43,1.16003,1.16004,1,-1.0,USD,2025-10-23 14:50:56.196310,BUY,"BUY (score=5, HTF=NEUTRAL)",1.1616,SELL,55.42189628627749,HOLD,1.1615713394395777,HOLD,1.161385813335021,HOLD,1.1611022624587557,BUY,0.0001006276593362,BUY,0.0001091324117935,BUY,30.769230769184784,HOLD,46.15384615379141,BUY,1.1618430300702394,1.1612859699297609,HOLD,22.866344605386427,BUY,26.49261927917159,HOLD,-69.23076923081521,HOLD,5.574333709908489e-05,HOLD,,5.0,2.0,8.0,NEUTRAL,NEUTRAL,NEUTRAL
put,cc481402-6f2b-4527-96b7-3bc451259121,S900,GBP/CAD,2025-10-23 14:45:50,2025-10-23 15:00:50,1.8671,1.86704,1,0.74,USD,2025-10-23 14:51:04.046631,BUY,"BUY (score=7, HTF=NEUTRAL)",1.86321,BUY,43.326375599783006,HOLD,1.86337064186407,HOLD,1.8634107414919017,HOLD,1.8636712504383204,SELL,-4.181925624835437e-05,SELL,-2.0935009300554784e-05,BUY,0.0,BUY,12.727272727274205,BUY,1.8637953159468164,1.863007684053184,BUY,-80.98107622366103,HOLD,9.911473142049866,BUY,-100.0,BUY,0.0001008590813106,HOLD,,7.0,3.0,5.0,NEUTRAL,NEUTRAL,NEUTRAL
put,23e5709f-1cf5-4c01-8220-7f8f746b40d1,S900,GBP/CHF,2025-10-23 14:45:58,2025-10-23 15:00:58,1.06359,1.06341,1,0.81,USD,2025-10-23 14:35:31.487828,SELL,"SELL (score=4, HTF=NEUTRAL)",1.05967,SELL,54.2083317099356,HOLD,1.0595993122964524,HOLD,1.0595726292445249,HOLD,1.0598723937235015,BUY,3.362145819307827e-05,BUY,2.03173640974163e-05,SELL,71.42857142854876,SELL,83.33333333333331,BUY,1.059793132718307,1.0594388672816928,HOLD,46.75324675326273,HOLD,9.761309280896892,HOLD,-28.57142857145123,HOLD,7.478283512213631e-05,HOLD,,3.0,4.0,8.0,NEUTRAL,NEUTRAL,NEUTRAL
put,ab0b4a71-b73c-48ad-a84a-13594d1ecab1,S900,GBP/JPY,2025-10-23 14:46:03,2025-10-23 15:01:03,203.5,203.521,1,-1.0,USD,2025-10-23 14:51:12.175708,BUY,"BUY (score=6, HTF=NEUTRAL)",203.22301,BUY,37.42688444273932,HOLD,203.24893237003116,HOLD,203.2647661467917,HOLD,203.33514443409905,SELL,-0.0082312378505093,SELL,-0.0071700161706477,BUY,0.0,BUY,14.260759091655231,BUY,203.2655725620365,203.22682743796344,BUY,-201.38074768791947,SELL,12.449182863059011,BUY,-100.0,HOLD,0.0091142325906006,HOLD,,6.0,4.0,5.0,NEUTRAL,NEUTRAL,NEUTRAL
put,ce0a8317-4abd-40ac-bbe5-7a6c3a3bfbdd,S900,GBP/USD,2025-10-23 14:46:07,2025-10-23 15:01:07,1.33438,1.33444,1,-1.0,USD,2025-10-23 14:51:16.420934,SELL,"SELL (score=6, HTF=NEUTRAL)",1.33241,SELL,68.28157059424697,HOLD,1.3322609500863178,HOLD,1.3320920580936682,HOLD,1.3320690475763195,BUY,0.0001109030280488,BUY,0.0001003089296479,SELL,86.20689655178222,SELL,81.09833971906367,BUY,1.332570170413308,1.331865829586692,SELL,87.074829932055,BUY,28.446362083733472,SELL,-13.793103448217776,HOLD,4.16289227893227e-05,HOLD,,4.0,6.0,5.0,NEUTRAL,NEUTRAL,NEUTRAL
put,d6dd99d8-96a8-42d1-b5f9-116b3981dc28,S900,USD/CAD,2025-10-23 14:46:17,2025-10-23 15:01:17,1.39945,1.39932,1,0.44,USD,2025-10-23 14:51:20.509828,BUY,"BUY (score=7, HTF=NEUTRAL)",1.3987,BUY,30.38841621489928,HOLD,1.3989254717931483,HOLD,1.3991287809273982,HOLD,1.3993434071651771,SELL,-0.0001398514935477,SELL,-0.0001223246729065,BUY,4.999999999996299,BUY,15.000000000001284,BUY,1.399409809426884,1.398544190573116,BUY,-90.52287581693624,SELL,29.810178901856897,BUY,-95.0000000000037,BUY,5.605010797392932e-05,HOLD,,7.0,4.0,4.0,NEUTRAL,NEUTRAL,NEUTRAL
call,5f5e0842-3446-4fca-a7b1-930b5ff01aff,S900,USD/CHF,2025-10-23 14:46:23,2025-10-23 15:01:23,0.79709,0.79689,1,-1.0,USD,2025-10-23 14:35:48.554616,BUY,"BUY (score=6, HTF=NEUTRAL)",0.79548,BUY,44.96964844319708,HOLD,0.795546246122915,HOLD,0.795581860091283,HOLD,0.7957364766117504,SELL,-1.422259470196252e-06,SELL,-8.602164382412818e-06,BUY,22.580645161292633,BUY,39.784946236564906,BUY,0.795686609184671,0.7953773908153288,HOLD,-55.02645502642482,SELL,12.711548774977228,BUY,-77.41935483870736,BUY,5.4477766586990704e-05,HOLD,,6.0,4.0,5.0,NEUTRAL,NEUTRAL,NEUTRAL
call,873cea17-a22c-4b4c-bf91-8fc4f728eb52,S900,AUD/CAD,2025-10-23 15:02:44,2025-10-23 15:17:44,0.90999,0.91033,1,0.92,USD,2025-10-23 15:05:38.277132,SELL,"SELL (score=7, HTF=NEUTRAL)",0.91147,SELL,52.52911995308072,HOLD,0.9113900989629756,HOLD,0.9114284575699164,HOLD,0.9113621069915236,BUY,8.238491689183114e-06,SELL,-1.7455845850712197e-05,SELL,97.8723404255299,SELL,95.39007092198736,BUY,0.9117321918579468,0.9109658081420534,SELL,88.1602914389748,HOLD,7.111901585176564,SELL,-2.1276595744700955,HOLD,0.0001135471456826,HOLD,,2.0,7.0,6.0,NEUTRAL,NEUTRAL,NEUTRAL
call,f66d8deb-8c4f-44cc-aef9-3c330f86abb9,S900,AUD/CHF,2025-10-23 15:02:52,2025-10-23 15:17:52,0.5183,0.51863,1,0.57,USD,2025-10-23 15:05:43.376668,BUY,"BUY (score=6, HTF=NEUTRAL)",0.5181,BUY,44.28471743035164,HOLD,0.5181856088867093,HOLD,0.5182137477316512,HOLD,0.5182224708414119,SELL,-3.5025292085877346e-05,SELL,-1.8473715230201183e-05,BUY,4.9999999999777955,BUY,8.333333333311133,BUY,0.51835733762674,0.51807266237326,BUY,-126.72176308534536,HOLD,5.702319279111856,BUY,-95.0000000000222,HOLD,6.549067764319996e-05,HOLD,,6.0,3.0,6.0,NEUTRAL,NEUTRAL,NEUTRAL
call,2f80d3e7-c1cb-4677-a2cf-75535037a952,S900,AUD/JPY,2025-10-23 15:02:57,2025-10-23 15:17:57,99.198,99.299,1,0.7,USD,2025-10-23 15:05:48.913910,BUY,"BUY (score=6, HTF=NEUTRAL)",99.383,BUY,35.85002341087959,HOLD,99.40137967006122,HOLD,99.41602148158056,HOLD,99.43110697022183,SELL,-0.0084159429398198,SELL,-0.0077285705700865,BUY,0.0,BUY,2.666666666678817,BUY,99.41799846620954,99.38540153379049,BUY,-196.9457609270664,SELL,18.518564135957423,BUY,-100.0,HOLD,0.0060856694041389,HOLD,,6.0,4.0,5.0,NEUTRAL,NEUTRAL,NEUTRAL
call,cf3d5550-b38d-4daf-8fa4-9e3da6c93da3,S900,AUD/USD,2025-10-23 15:03:04,2025-10-23 15:18:04,0.65054,0.65075,1,0.78,USD,2025-10-23 15:05:53.530442,BUY,"BUY (score=5, HTF=NEUTRAL)",0.65189,SELL,53.14907425853632,HOLD,0.6518714346480262,HOLD,0.6517836119629891,HOLD,0.6514345525459441,BUY,3.151286280000942e-05,BUY,3.736658610090258e-05,HOLD,47.058823529392555,SELL,62.65597147949982,BUY,0.6519640212743294,0.6517759787256705,HOLD,36.0360360360955,BUY,14.077464114002542,HOLD,-52.941176470607445,BUY,4.5883039343107115e-05,HOLD,,5.0,3.0,7.0,NEUTRAL,NEUTRAL,NEUTRAL
call,91806e16-cbd4-4a94-aac0-7107271d9e4f,S900,CHF/JPY,2025-10-23 15:03:28,2025-10-23 15:18:28,191.381,191.445,1,0.71,USD,2025-10-23 15:06:05.173604,SELL,"SELL (score=5, HTF=NEUTRAL)",191.814,SELL,54.00426684225886,HOLD,191.80253623107544,HOLD,191.80832655492927,HOLD,191.8325723805314,BUY,0.0044889756770487,BUY,3.2348258271335385e-05,SELL,68.86374815543356,SELL,81.42318412855305,BUY,191.82711654875067,191.7661794512493,SELL,94.4403624784846,HOLD,10.788155816139282,HOLD,-31.13625184456645,HOLD,0.0114248374974075,HOLD,,3.0,5.0,7.0,NEUTRAL,NEUTRAL,NEUTRAL
call,1a018324-ffce-40ba-b77d-4979b55c8b8c,S900,CHF/JPY,2025-10-23 15:03:28,2025-10-23 15:18:28,191.381,191.445,1,0.71,USD,2025-10-23 15:06:05.173604,SELL,"SELL (score=5, HTF=NEUTRAL)",191.814,SELL,54.00426684225886,HOLD,191.80253623107544,HOLD,191.80832655492927,HOLD,191.8325723805314,BUY,0.0044889756770487,BUY,3.2348258271335385e-05,SELL,68.86374815543356,SELL,81.42318412855305,BUY,191.82711654875067,191.7661794512493,SELL,94.4403624784846,HOLD,10.788155816139282,HOLD,-31.13625184456645,HOLD,0.0114248374974075,HOLD,,3.0,5.0,7.0,NEUTRAL,NEUTRAL,NEUTRAL
call,1b57ad40-2b35-41f4-ac79-38d098155bd2,S900,CHF/JPY,2025-10-23 15:03:29,2025-10-23 15:18:29,191.381,191.445,1,0.71,USD,2025-10-23 15:06:05.173604,SELL,"SELL (score=5, HTF=NEUTRAL)",191.814,SELL,54.00426684225886,HOLD,191.80253623107544,HOLD,191.80832655492927,HOLD,191.8325723805314,BUY,0.0044889756770487,BUY,3.2348258271335385e-05,SELL,68.86374815543356,SELL,81.42318412855305,BUY,191.82711654875067,191.7661794512493,SELL,94.4403624784846,HOLD,10.788155816139282,HOLD,-31.13625184456645,HOLD,0.0114248374974075,HOLD,,3.0,5.0,7.0,NEUTRAL,NEUTRAL,NEUTRAL
call,7c59b3b5-dda1-46c8-b5bc-552bd4169479,S900,CHF/JPY,2025-10-23 15:03:29,2025-10-23 15:18:29,191.382,191.445,1,0.71,USD,2025-10-23 15:06:05.173604,SELL,"SELL (score=5, HTF=NEUTRAL)",191.814,SELL,54.00426684225886,HOLD,191.80253623107544,HOLD,191.80832655492927,HOLD,191.8325723805314,BUY,0.0044889756770487,BUY,3.2348258271335385e-05,SELL,68.86374815543356,SELL,81.42318412855305,BUY,191.82711654875067,191.7661794512493,SELL,94.4403624784846,HOLD,10.788155816139282,HOLD,-31.13625184456645,HOLD,0.0114248374974075,HOLD,,3.0,5.0,7.0,NEUTRAL,NEUTRAL,NEUTRAL
call,7cfc3f39-ec59-4fd0-bf5d-299d91edae84,S900,CHF/JPY,2025-10-23 15:03:29,2025-10-23 15:18:29,191.382,191.445,1,0.71,USD,2025-10-23 15:06:05.173604,SELL,"SELL (score=5, HTF=NEUTRAL)",191.814,SELL,54.00426684225886,HOLD,191.80253623107544,HOLD,191.80832655492927,HOLD,191.8325723805314,BUY,0.0044889756770487,BUY,3.2348258271335385e-05,SELL,68.86374815543356,SELL,81.42318412855305,BUY,191.82711654875067,191.7661794512493,SELL,94.4403624784846,HOLD,10.788155816139282,HOLD,-31.13625184456645,HOLD,0.0114248374974075,HOLD,,3.0,5.0,7.0,NEUTRAL,NEUTRAL,NEUTRAL
call,872e7cfa-f300-4eed-8b1f-09c114d01104,S900,EUR/CHF,2025-10-23 15:03:32,2025-10-23 15:18:32,0.92432,0.92461,1,0.92,USD,2025-10-23 15:06:18.206220,BUY,"BUY (score=7, HTF=NEUTRAL)",0.92363,BUY,31.91063716972765,HOLD,0.9237917824505018,HOLD,0.9238143766535274,HOLD,0.9238163769650192,SELL,-4.7821383991508704e-05,SELL,-2.773186577240537e-05,BUY,0.0,BUY,0.0,BUY,0.923961824155366,0.923659175844634,BUY,-202.2408963588004,SELL,15.906510290677584,BUY,-100.0,BUY,3.7623677508298794e-05,HOLD,,7.0,4.0,4.0,NEUTRAL,NEUTRAL,NEUTRAL
call,2e69cfe8-c552-4eb9-90a2-89a6f3db7b76,S900,EUR/GBP,2025-10-23 15:03:37,2025-10-23 15:18:37,0.86924,0.86937,1,0.75,USD,2025-10-23 15:06:23.387904,BUY,"BUY (score=7, HTF=NEUTRAL)",0.87184,BUY,46.96067279679249,HOLD,0.8718641410275523,HOLD,0.8718488600166054,HOLD,0.8716547525793714,SELL,-3.831341022220159e-07,BUY,3.2462230973003915e-06,BUY,9.999999999955593,BUY,19.999999999985207,BUY,0.8719091593042423,0.8718148406957575,BUY,-79.7101449270531,HOLD,6.621445505469197,BUY,-90.00000000004441,HOLD,2.8749135862960915e-05,HOLD,,7.0,2.0,6.0,NEUTRAL,NEUTRAL,NEUTRAL
call,eb26d43c-9bf0-4e8a-9c5f-2430e16a6699,S900,EUR/JPY,2025-10-23 15:03:42,2025-10-23 15:18:42,176.895,177.033,1,0.78,USD,2025-10-23 15:06:28.259444,BUY,"BUY (score=6, HTF=NEUTRAL)",177.185,BUY,41.68914243987191,HOLD,177.20002248995118,HOLD,177.21124717693223,HOLD,177.23456408155326,SELL,-0.0064755391902338,SELL,-0.0060854635019358,BUY,9.346670834668483,BUY,8.041482870802371,BUY,177.21570665263073,177.17989634736932,BUY,-120.21034345137411,SELL,13.669915483475064,BUY,-90.65332916533151,HOLD,0.008364309597335,HOLD,,6.0,4.0,5.0,NEUTRAL,NEUTRAL,NEUTRAL
call,5b8079ec-d6ed-4aab-a278-f6d1983dc124,S900,EUR/USD,2025-10-23 15:03:47,2025-10-23 15:18:47,1.16,1.16014,1,0.81,USD,2025-10-23 15:06:32.526310,SELL,"SELL (score=6, HTF=NEUTRAL)",1.16187,SELL,63.7362567348913,HOLD,1.1617145017155197,HOLD,1.1615485460082948,HOLD,1.161193492504046,BUY,8.031471746816621e-05,BUY,7.605136881244591e-05,SELL,100.0,SELL,75.30864197533808,BUY,1.161883326619234,1.1615316733807657,SELL,139.7849462365807,BUY,22.002198095993645,SELL,-0.0,HOLD,5.471121757409226e-05,HOLD,,4.0,6.0,5.0,NEUTRAL,NEUTRAL,NEUTRAL
put,852f0851-7995-48c1-9212-5564d7cb4b1b,S900,GBP/AUD,2025-10-23 15:03:51,2025-10-23 15:18:51,2.05099,2.05031,1,0.87,USD,2025-10-23 15:06:36.675014,SELL,"SELL (score=6, HTF=NEUTRAL)",2.04467,SELL,63.94573068499801,HOLD,2.04442187111597,HOLD,2.0442606917621955,HOLD,2.044656623818349,BUY,0.0001178215647237,BUY,9.78791038966055e-05,SELL,100.0,SELL,82.17054263566773,BUY,2.04468844880053,2.0441025511994697,SELL,143.92449862368002,BUY,17.42098851288443,SELL,-0.0,HOLD,8.279907232909156e-05,HOLD,,4.0,6.0,5.0,NEUTRAL,NEUTRAL,NEUTRAL
call,c6955272-5a3e-4773-9a61-d095cc457653,S900,GBP/CAD,2025-10-23 15:03:56,2025-10-23 15:18:56,1.86659,1.86675,1,0.89,USD,2025-10-23 15:06:40.990864,SELL,"SELL (score=6, HTF=NEUTRAL)",1.86387,SELL,62.15939233019555,HOLD,1.8635279159141545,HOLD,1.863459049487956,HOLD,1.8636437655781917,BUY,0.0001047206415019,BUY,4.4687615451008605e-05,SELL,100.0,SELL,96.79487179487838,BUY,1.8638643445979173,1.8630086554020824,SELL,158.96589658961832,HOLD,11.915487455341069,SELL,-0.0,HOLD,0.0001184195379789,HOLD,,3.0,6.0,6.0,NEUTRAL,NEUTRAL,NEUTRAL
put,5a9d873a-8a1a-4e0d-85cf-396eeb5d0657,S900,GBP/CHF,2025-10-23 15:04:00,2025-10-23 15:19:00,1.06341,1.06347,1,-1.0,USD,2025-10-23 15:06:45.720613,BUY,"BUY (score=6, HTF=NEUTRAL)",1.05939,BUY,41.94975578516496,HOLD,1.0594944242070277,HOLD,1.0595418769572125,HOLD,1.0597845836425994,SELL,-5.286932854042803e-05,SELL,-3.8454950815279966e-05,BUY,0.0,BUY,2.3809523809674764,BUY,1.0597114781151378,1.0593345218848622,BUY,-110.83333333326372,HOLD,9.822418571403333,BUY,-100.0,HOLD,5.91874669588554e-05,HOLD,,6.0,3.0,6.0,NEUTRAL,NEUTRAL,NEUTRAL
call,16f33d2f-4263-4e91-9c44-23ad4f581d52,S900,GBP/USD,2025-10-23 15:04:17,2025-10-23 15:19:17,1.33433,1.33444,1,0.92,USD,2025-10-23 15:06:54.250970,SELL,"SELL (score=5, HTF=NEUTRAL)",1.33257,SELL,62.632852277162335,HOLD,1.3324520650474294,HOLD,1.332278595110771,HOLD,1.3321297392740394,BUY,9.350481785652676e-05,BUY,8.897326890512038e-05,SELL,65.71428571430022,SELL,67.61904761905426,BUY,1.332644126518696,1.332242873481304,SELL,96.71253822647036,BUY,28.2014340221866,HOLD,-34.28571428569978,HOLD,4.958201787710212e-05,HOLD,,4.0,5.0,6.0,NEUTRAL,NEUTRAL,NEUTRAL
call,c2ed818c-e0a0-4ee5-81bc-ab9bac959753,S900,USD/CAD,2025-10-23 15:04:22,2025-10-23 15:19:22,1.39905,1.39914,1,0.51,USD,2025-10-23 15:06:58.556065,SELL,"SELL (score=9, HTF=NEUTRAL)",1.39894,SELL,55.77979823202111,HOLD,1.39883979424581,HOLD,1.3989747349967023,HOLD,1.3992623937974151,SELL,-2.5867888952424423e-05,SELL,-6.183797259910084e-05,SELL,100.0,SELL,98.03921568626174,BUY,1.398920032523962,1.398650967476038,SELL,180.54338299765288,SELL,18.377702302040376,SELL,-0.0,HOLD,5.004215870824363e-05,HOLD,,1.0,9.0,5.0,NEUTRAL,NEUTRAL,NEUTRAL
put,c7f7d0dc-bed8-456f-8eff-b769613a3282,S900,USD/CHF,2025-10-23 15:04:27,2025-10-23 15:19:27,0.79694,0.79692,1,0.91,USD,2025-10-23 15:07:04.591498,BUY,"BUY (score=6, HTF=NEUTRAL)",0.79504,BUY,30.42810749818679,HOLD,0.79520592747285,HOLD,0.7953479149895085,HOLD,0.7956168695870371,SELL,-0.0001009738465795,SELL,-8.444922104642675e-05,BUY,0.0,BUY,0.9803921568691406,BUY,0.7954672697635431,0.7949897302364569,BUY,-115.66191133619748,SELL,25.2872347110926,BUY,-100.0,HOLD,4.1067562944299545e-05,HOLD,,6.0,4.0,5.0,NEUTRAL,NEUTRAL,NEUTRAL
put,8a73ce68-b423-465c-80b2-83c1978705a3,S900,AUD/CAD,2025-10-23 15:18:43,2025-10-23 15:33:43,0.91042,0.91029,1,0.92,USD,2025-10-23 15:21:19.636950,SELL,"SELL (score=6, HTF=NEUTRAL)",0.91135,BUY,50.08011744837702,HOLD,0.9113355446768744,HOLD,0.91138388372444,HOLD,0.9113584548391028,SELL,-2.4731430225077844e-05,SELL,-2.458110131289732e-05,SELL,87.05882352940561,SELL,85.54947560419156,BUY,0.9117203907395784,0.9110066092604217,HOLD,-10.746268656713385,HOLD,5.590837510412044,SELL,-12.941176470594382,HOLD,0.0001320249647394,HOLD,,2.0,6.0,7.0,NEUTRAL,NEUTRAL,NEUTRAL
put,487f60e4-e5e6-4b87-80d5-26c05dcbb9db,S900,AUD/CHF,2025-10-23 15:18:48,2025-10-23 15:33:48,0.51865,0.51849,1,0.79,USD,2025-10-23 15:21:23.770278,SELL,"SELL (score=7, HTF=NEUTRAL)",0.51816,SELL,52.10379243563012,HOLD,0.5180613642294214,HOLD,0.5181203422994908,HOLD,0.5181911604962359,SELL,-1.8249563136452096e-05,SELL,-4.938464014770682e-05,SELL,100.0,SELL,97.77777777777813,BUY,0.5184472254470275,0.5176097745529725,HOLD,69.8260984999096,HOLD,8.14899202043519,SELL,-0.0,HOLD,0.0001523752911315,HOLD,,0.0,7.0,8.0,NEUTRAL,NEUTRAL,NEUTRAL
put,2c7f1f12-b720-4fa7-84ce-37c2c5b508bd,S900,AUD/JPY,2025-10-23 15:18:53,2025-10-23 15:33:53,99.306,99.316,1,-1.0,USD,2025-10-23 15:21:28.770999,SELL,"SELL (score=9, HTF=NEUTRAL)",99.397,SELL,54.07732076330359,HOLD,99.39049888616832,HOLD,99.40178710545048,HOLD,99.4242838572397,SELL,-0.0022316486607678,SELL,-0.0051966977491718,SELL,96.2962962963314,SELL,98.76543209877714,BUY,99.4019933371903,99.37010666280968,SELL,116.70663469233084,SELL,15.14939980264333,SELL,-3.7037037036686153,HOLD,0.0041485184783403,HOLD,,1.0,9.0,5.0,NEUTRAL,NEUTRAL,NEUTRAL
put,dcb25249-6f35-4b70-8005-ac745f7f8b1d,S900,CAD/JPY,2025-10-23 15:19:00,2025-10-23 15:34:00,109.077,109.094,1,-1.0,USD,2025-10-23 15:21:35.542529,SELL,"SELL (score=7, HTF=NEUTRAL)",109.054,SELL,53.46506594243708,HOLD,109.04308278390062,HOLD,109.05086182711936,HOLD,109.08249205442256,BUY,0.0004968093699062,SELL,-0.0037513285311755,SELL,90.90909090909796,SELL,96.96969696969931,BUY,109.06950584412807,109.00319415587192,SELL,91.8194823775096,HOLD,8.593298236253757,SELL,-9.090909090902043,HOLD,0.0109209543538608,HOLD,,2.0,7.0,6.0,NEUTRAL,NEUTRAL,NEUTRAL
put,cf58c91f-ab21-436f-a480-2fc9e54a321d,S900,CAD/CHF,2025-10-23 15:19:05,2025-10-23 15:34:05,0.56965,0.56952,1,0.92,USD,2025-10-23 15:21:40.970927,SELL,"SELL (score=6, HTF=NEUTRAL)",0.56853,SELL,52.42368545414542,HOLD,0.5683496592162045,HOLD,0.568385384839531,HOLD,0.5685178872151649,BUY,1.784044524366646e-05,SELL,-3.24505575761204e-05,SELL,100.0,SELL,99.62546816479572,BUY,0.5689216059821386,0.5676193940178614,HOLD,67.2628304820918,HOLD,5.761702151978047,SELL,-0.0,HOLD,0.0002790438892328,HOLD,,1.0,6.0,8.0,NEUTRAL,NEUTRAL,NEUTRAL
put,ced19d40-4738-48eb-806b-37eea0963720,S900,CHF/JPY,2025-10-23 15:19:13,2025-10-23 15:34:13,191.45,191.519,1,-1.0,USD,2025-10-23 15:21:45.324448,BUY,"BUY (score=4, HTF=NEUTRAL)",191.806,BUY,50.35556143350772,HOLD,191.80590299080436,HOLD,191.80704051523725,HOLD,191.8285040959393,BUY,0.0027750178258258,BUY,0.0020093918116513,SELL,62.519537355440875,SELL,81.27539856203462,BUY,191.82823454271912,191.78666245728093,HOLD,-12.7911340707632,HOLD,6.605116742996182,HOLD,-37.480462644559125,HOLD,0.010931368385387,HOLD,,4.0,3.0,8.0,NEUTRAL,NEUTRAL,NEUTRAL
put,189d6f09-641a-4085-9b54-c9a6e752fc3d,S900,EUR/AUD,2025-10-23 15:19:17,2025-10-23 15:34:17,1.78269,1.78301,1,-1.0,USD,2025-10-23 15:21:51.895718,BUY,"BUY (score=4, HTF=NEUTRAL)",1.78264,BUY,49.80337182198298,HOLD,1.782670672099297,HOLD,1.7825408259496067,HOLD,1.7823988072429875,BUY,3.5280614482546824e-05,BUY,6.01718160617554e-05,HOLD,52.63157894736637,HOLD,53.216374269007666,BUY,1.7829605651864893,1.7824734348135114,HOLD,-62.14689265534825,HOLD,11.604752561335244,HOLD,-47.36842105263363,HOLD,8.840244338585562e-05,HOLD,,4.0,1.0,10.0,NEUTRAL,NEUTRAL,NEUTRAL
put,490b6414-a7fc-4239-9189-dd660b74a016,S900,EUR/CAD,2025-10-23 15:19:22,2025-10-23 15:34:22,1.62307,1.62327,1,-1.0,USD,2025-10-23 15:21:56.003598,BUY,"BUY (score=7, HTF=NEUTRAL)",1.62467,BUY,41.12661670959164,HOLD,1.624839722789155,HOLD,1.6247921213568888,HOLD,1.6245765033089363,SELL,-1.0748858467524158e-05,BUY,3.1533317684791e-05,BUY,2.5641025641186226,BUY,0.8547008547062217,BUY,1.6251355044052551,1.624681495594745,BUY,-169.78109983980931,HOLD,10.929707677238834,BUY,-97.43589743588136,HOLD,7.08912256296209e-05,HOLD,,7.0,2.0,6.0,NEUTRAL,NEUTRAL,NEUTRAL
put,0635c8f3-841e-4129-a66b-317f2788363c,S900,EUR/CHF,2025-10-23 15:19:26,2025-10-23 15:34:26,0.92462,0.92461,1,0.92,USD,2025-10-23 15:22:01.490429,SELL,"SELL (score=7, HTF=NEUTRAL)",0.92376,BUY,50.39257567832317,HOLD,0.9237472495768796,HOLD,0.9237760532986192,HOLD,0.9238038732727556,SELL,-1.5712545036739023e-05,SELL,-2.4172709326798973e-05,SELL,81.81818181817265,SELL,75.75757575756354,BUY,0.9238033045923456,0.9236486954076544,SELL,70.3933747413643,HOLD,10.0241968378311,SELL,-18.181818181827357,HOLD,3.026410057778566e-05,HOLD,,2.0,7.0,6.0,NEUTRAL,NEUTRAL,NEUTRAL
put,7fbfb44c-b8a8-4048-9fc7-3bfb693b5055,S900,EUR/GBP,2025-10-23 15:19:31,2025-10-23 15:34:31,0.86939,0.86983,1,-1.0,USD,2025-10-23 15:22:05.688242,BUY,"BUY (score=6, HTF=NEUTRAL)",0.87179,BUY,42.52504169816823,HOLD,0.8718245058389112,HOLD,0.8718336234735212,HOLD,0.8716788526679004,SELL,-1.359548483537143e-05,SELL,-1.1147344985591286e-05,BUY,16.66666666660499,BUY,20.37037037035896,BUY,0.8718859222178724,0.8717670777821277,BUY,-106.49161196229332,HOLD,8.069715164253674,BUY,-83.33333333339502,HOLD,2.0510958328775417e-05,HOLD,,6.0,3.0,6.0,NEUTRAL,NEUTRAL,NEUTRAL
put,355a8de5-193c-43b3-94ea-c491b8f780de,S900,EUR/JPY,2025-10-23 15:19:36,2025-10-23 15:34:36,177.041,177.097,1,-1.0,USD,2025-10-23 15:22:09.703277,SELL,"SELL (score=4, HTF=NEUTRAL)",177.192,BUY,46.77645815640372,HOLD,177.1953300900194,HOLD,177.20298380842306,HOLD,177.22868361585282,SELL,-0.0014804119831808,SELL,-0.0029952304977737,HOLD,45.00000000004974,SELL,70.01666666663876,BUY,177.21118497013532,177.1755150298647,HOLD,-13.25088339229731,HOLD,9.326310717023398,HOLD,-54.99999999995026,HOLD,0.0055938832343416,HOLD,,2.0,4.0,9.0,NEUTRAL,NEUTRAL,NEUTRAL
call,42ce745a-7e20-4da9-86bc-8a3eef135d22,S900,EUR/USD,2025-10-23 15:19:40,2025-10-23 15:34:40,1.16019,1.16063,1,0.69,USD,2025-10-23 15:22:14.586795,BUY,"BUY (score=9, HTF=NEUTRAL)",1.16169,BUY,46.046044730642905,HOLD,1.161741963532981,HOLD,1.1616456137453874,HOLD,1.1612738520089507,BUY,5.745619902297605e-06,BUY,3.246515830408443e-05,BUY,29.999999999977796,BUY,9.999999999992598,BUY,1.1618969137611912,1.1616650862388087,BUY,-132.7498176513976,BUY,15.48513561098832,HOLD,-70.00000000002221,BUY,3.8017997940836845e-05,HOLD,,9.0,1.0,5.0,NEUTRAL,NEUTRAL,NEUTRAL
call,0be3aad7-42e6-4d9f-abaa-d92c905fe9be,S900,GBP/AUD,2025-10-23 15:19:45,2025-10-23 15:34:45,2.0505,2.04973,1,-1.0,USD,2025-10-23 15:22:18.673750,BUY,"BUY (score=7, HTF=NEUTRAL)",2.04466,SELL,52.283376993755176,HOLD,2.044672150777451,HOLD,2.044485785295024,HOLD,2.0446720804682332,BUY,7.770148477437289e-05,BUY,0.0001095152413359,BUY,3.703703703728071,BUY,11.901234567925956,BUY,2.044932656573042,2.0445253434269586,HOLD,-56.02923264333425,BUY,18.176446832404217,BUY,-96.29629629627192,HOLD,5.86120712322932e-05,HOLD,,7.0,2.0,6.0,NEUTRAL,NEUTRAL,NEUTRAL
call,dbdbb0d4-4249-4534-a996-5c9db053b04f,S900,GBP/CAD,2025-10-23 15:19:50,2025-10-23 15:34:50,1.86681,1.8662,1,-1.0,USD,2025-10-23 15:22:22.900722,BUY,"BUY (score=8, HTF=NEUTRAL)",1.86352,BUY,45.84709085714507,HOLD,1.8636618621549448,HOLD,1.8635792284202264,HOLD,1.863656805762802,BUY,2.3807064877257034e-05,BUY,6.818732292303094e-05,BUY,0.0,BUY,0.0,BUY,1.8640101428848568,1.8634588571151436,BUY,-119.66527196659172,HOLD,9.900191519369104,BUY,-100.0,HOLD,0.0001113772800673,HOLD,,8.0,1.0,6.0,NEUTRAL,NEUTRAL,NEUTRAL
call,72369e36-c965-4c01-9443-a732fdca96ca,S900,GBP/CHF,2025-10-23 15:19:54,2025-10-23 15:34:54,1.0634,1.0627,1,-1.0,USD,2025-10-23 15:22:26.874853,SELL,"SELL (score=8, HTF=NEUTRAL)",1.05954,SELL,52.19725499442406,HOLD,1.0594278750212005,HOLD,1.05947647842314,HOLD,1.0597298680900078,SELL,-1.1942947699683517e-05,SELL,-3.822689682783894e-05,SELL,94.44444444444902,SELL,89.50617283951937,BUY,1.0597358219062654,1.0590551780937345,SELL,74.24534360949134,HOLD,8.70090420480416,SELL,-5.555555555550987,HOLD,0.0001753620378335,HOLD,,1.0,8.0,6.0,NEUTRAL,NEUTRAL,NEUTRAL
call,1f91b37b-2955-4a0b-aa2e-b1fa68748b14,S900,GBP/USD,2025-10-23 15:19:59,2025-10-23 15:34:59,1.33429,1.33428,1,-1.0,USD,2025-10-23 15:22:35.932594,BUY,"BUY (score=6, HTF=NEUTRAL)",1.33257,SELL,55.78683046070718,HOLD,1.3325314486847346,HOLD,1.3324051094444795,HOLD,1.332189840739436,BUY,3.483202271059582e-05,BUY,5.204931307254212e-05,BUY,43.75000000002602,BUY,20.833333333339116,BUY,1.332642149859625,1.332481850140375,HOLD,17.204301075749413,BUY,17.627162855608038,HOLD,-56.24999999997398,HOLD,4.174005326395368e-05,HOLD,,6.0,2.0,7.0,NEUTRAL,NEUTRAL,NEUTRAL
put,449a725f-a15e-4b5b-9399-c3ec6a1c9402,S900,USD/CAD,2025-10-23 15:20:04,2025-10-23 15:35:04,1.39924,1.39877,1,0.57,USD,2025-10-23 15:22:40.415794,BUY,"BUY (score=5, HTF=NEUTRAL)",1.39884,BUY,47.866226187539006,HOLD,1.3988555192357763,HOLD,1.398927178273872,HOLD,1.3992061974784469,SELL,-1.8080958461785812e-05,SELL,-1.0483383482826853e-05,BUY,28.57142857145123,BUY,9.52380952381712,BUY,1.3990185375886917,1.3987524624113084,HOLD,-57.66793409372259,HOLD,11.457940192609328,HOLD,-71.42857142854876,BUY,4.561265206273525e-05,HOLD,,5.0,3.0,7.0,NEUTRAL,NEUTRAL,NEUTRAL
call,a3b6a1a8-c692-491a-880f-ba34b89f5a0f,S900,USD/CHF,2025-10-23 15:20:08,2025-10-23 15:35:08,0.79704,0.79628,1,-1.0,USD,2025-10-23 15:22:44.552835,SELL,"SELL (score=8, HTF=NEUTRAL)",0.79518,BUY,49.688727831469066,HOLD,0.7951659197668354,HOLD,0.795254429386752,HOLD,0.7955474370280717,SELL,-1.978326797891228e-05,SELL,-3.737570479774013e-05,SELL,79.99999999997779,SELL,83.33333333329631,BUY,0.7952208654940304,0.7950351345059697,SELL,90.27777777766336,SELL,14.045431666102305,SELL,-20.000000000022204,HOLD,3.2401981419897583e-05,HOLD,,2.0,8.0,5.0,NEUTRAL,NEUTRAL,NEUTRAL
call,62216293-97b3-47db-ba75-8d2d51848f07,S900,AUD/CAD,2025-10-23 15:34:21,2025-10-23 15:49:21,0.91029,0.91055,1,0.92,USD,2025-10-23 15:21:19.636950,SELL,"SELL (score=6, HTF=NEUTRAL)",0.91135,BUY,50.08011744837702,HOLD,0.9113355446768744,HOLD,0.91138388372444,HOLD,0.9113584548391028,SELL,-2.4731430225077844e-05,SELL,-2.458110131289732e-05,SELL,87.05882352940561,SELL,85.54947560419156,BUY,0.9117203907395784,0.9110066092604217,HOLD,-10.746268656713385,HOLD,5.590837510412044,SELL,-12.941176470594382,HOLD,0.0001320249647394,HOLD,,2.0,6.0,7.0,NEUTRAL,NEUTRAL,NEUTRAL
call,9ab1286f-150f-48d1-831a-0b2c7ca0cf16,S900,AUD/CHF,2025-10-23 15:34:26,2025-10-23 15:49:26,0.51847,0.51865,1,0.39,USD,2025-10-23 15:21:23.770278,SELL,"SELL (score=7, HTF=NEUTRAL)",0.51816,SELL,52.10379243563012,HOLD,0.5180613642294214,HOLD,0.5181203422994908,HOLD,0.5181911604962359,SELL,-1.8249563136452096e-05,SELL,-4.938464014770682e-05,SELL,100.0,SELL,97.77777777777813,BUY,0.5184472254470275,0.5176097745529725,HOLD,69.8260984999096,HOLD,8.14899202043519,SELL,-0.0,HOLD,0.0001523752911315,HOLD,,0.0,7.0,8.0,NEUTRAL,NEUTRAL,NEUTRAL
put,0bbeb267-1ce1-486c-af0c-c8fbbe771a05,S900,AUD/JPY,2025-10-23 15:34:31,2025-10-23 15:49:31,99.309,99.426,1,-1.0,USD,2025-10-23 15:21:28.770999,SELL,"SELL (score=9, HTF=NEUTRAL)",99.397,SELL,54.07732076330359,HOLD,99.39049888616832,HOLD,99.40178710545048,HOLD,99.4242838572397,SELL,-0.0022316486607678,SELL,-0.0051966977491718,SELL,96.2962962963314,SELL,98.76543209877714,BUY,99.4019933371903,99.37010666280968,SELL,116.70663469233084,SELL,15.14939980264333,SELL,-3.7037037036686153,HOLD,0.0041485184783403,HOLD,,1.0,9.0,5.0,NEUTRAL,NEUTRAL,NEUTRAL
put,74b5a70a-175b-445d-a269-762b6c30f910,S900,AUD/USD,2025-10-23 15:34:35,2025-10-23 15:49:35,0.65085,0.65113,1,-1.0,USD,2025-10-23 15:05:53.530442,BUY,"BUY (score=5, HTF=NEUTRAL)",0.65189,SELL,53.14907425853632,HOLD,0.6518714346480262,HOLD,0.6517836119629891,HOLD,0.6514345525459441,BUY,3.151286280000942e-05,BUY,3.736658610090258e-05,HOLD,47.058823529392555,SELL,62.65597147949982,BUY,0.6519640212743294,0.6517759787256705,HOLD,36.0360360360955,BUY,14.077464114002542,HOLD,-52.941176470607445,BUY,4.5883039343107115e-05,HOLD,,5.0,3.0,7.0,NEUTRAL,NEUTRAL,NEUTRAL
call,7fc302c8-920b-45cf-a0a5-ca27db90eaad,S900,CAD/JPY,2025-10-23 15:34:40,2025-10-23 15:49:40,109.088,109.185,1,0.88,USD,2025-10-23 15:21:35.542529,SELL,"SELL (score=7, HTF=NEUTRAL)",109.054,SELL,53.46506594243708,HOLD,109.04308278390062,HOLD,109.05086182711936,HOLD,109.08249205442256,BUY,0.0004968093699062,SELL,-0.0037513285311755,SELL,90.90909090909796,SELL,96.96969696969931,BUY,109.06950584412807,109.00319415587192,SELL,91.8194823775096,HOLD,8.593298236253757,SELL,-9.090909090902043,HOLD,0.0109209543538608,HOLD,,2.0,7.0,6.0,NEUTRAL,NEUTRAL,NEUTRAL
call,c1a8d761-bcba-4f15-9b94-a28be0832a26,S900,CHF/JPY,2025-10-23 15:34:45,2025-10-23 15:49:45,191.519,191.666,1,0.84,USD,2025-10-23 15:21:45.324448,BUY,"BUY (score=4, HTF=NEUTRAL)",191.806,BUY,50.35556143350772,HOLD,191.80590299080436,HOLD,191.80704051523725,HOLD,191.8285040959393,BUY,0.0027750178258258,BUY,0.0020093918116513,SELL,62.519537355440875,SELL,81.27539856203462,BUY,191.82823454271912,191.78666245728093,HOLD,-12.7911340707632,HOLD,6.605116742996182,HOLD,-37.480462644559125,HOLD,0.010931368385387,HOLD,,4.0,3.0,8.0,NEUTRAL,NEUTRAL,NEUTRAL
put,6a298dd1-f3ba-4875-b664-487313a929fd,S900,EUR/AUD,2025-10-23 15:34:49,2025-10-23 15:49:49,1.78307,1.78242,1,0.43,USD,2025-10-23 15:21:51.895718,BUY,"BUY (score=4, HTF=NEUTRAL)",1.78264,BUY,49.80337182198298,HOLD,1.782670672099297,HOLD,1.7825408259496067,HOLD,1.7823988072429875,BUY,3.5280614482546824e-05,BUY,6.01718160617554e-05,HOLD,52.63157894736637,HOLD,53.216374269007666,BUY,1.7829605651864893,1.7824734348135114,HOLD,-62.14689265534825,HOLD,11.604752561335244,HOLD,-47.36842105263363,HOLD,8.840244338585562e-05,HOLD,,4.0,1.0,10.0,NEUTRAL,NEUTRAL,NEUTRAL
put,55037c78-2252-4a24-8d7e-60aeb6fb37e0,S900,EUR/CAD,2025-10-23 15:34:54,2025-10-23 15:49:54,1.62339,1.62305,1,0.92,USD,2025-10-23 15:21:56.003598,BUY,"BUY (score=7, HTF=NEUTRAL)",1.62467,BUY,41.12661670959164,HOLD,1.624839722789155,HOLD,1.6247921213568888,HOLD,1.6245765033089363,SELL,-1.0748858467524158e-05,BUY,3.1533317684791e-05,BUY,2.5641025641186226,BUY,0.8547008547062217,BUY,1.6251355044052551,1.624681495594745,BUY,-169.78109983980931,HOLD,10.929707677238834,BUY,-97.43589743588136,HOLD,7.08912256296209e-05,HOLD,,7.0,2.0,6.0,NEUTRAL,NEUTRAL,NEUTRAL
put,12d70a49-3b22-4480-8dbc-fc4f6326275a,S900,EUR/GBP,2025-10-23 15:34:58,2025-10-23 15:49:58,0.8699,0.87033,1,-1.0,USD,2025-10-23 15:22:05.688242,BUY,"BUY (score=6, HTF=NEUTRAL)",0.87179,BUY,42.52504169816823,HOLD,0.8718245058389112,HOLD,0.8718336234735212,HOLD,0.8716788526679004,SELL,-1.359548483537143e-05,SELL,-1.1147344985591286e-05,BUY,16.66666666660499,BUY,20.37037037035896,BUY,0.8718859222178724,0.8717670777821277,BUY,-106.49161196229332,HOLD,8.069715164253674,BUY,-83.33333333339502,HOLD,2.0510958328775417e-05,HOLD,,6.0,3.0,6.0,NEUTRAL,NEUTRAL,NEUTRAL
put,42ef560d-6391-4f70-b719-a3016b4a8eb1,S900,EUR/USD,2025-10-23 15:35:06,2025-10-23 15:50:06,1.1608,1.16049,1,0.86,USD,2025-10-23 15:22:14.586795,BUY,"BUY (score=9, HTF=NEUTRAL)",1.16169,BUY,46.046044730642905,HOLD,1.161741963532981,HOLD,1.1616456137453874,HOLD,1.1612738520089507,BUY,5.745619902297605e-06,BUY,3.246515830408443e-05,BUY,29.999999999977796,BUY,9.999999999992598,BUY,1.1618969137611912,1.1616650862388087,BUY,-132.7498176513976,BUY,15.48513561098832,HOLD,-70.00000000002221,BUY,3.8017997940836845e-05,HOLD,,9.0,1.0,5.0,NEUTRAL,NEUTRAL,NEUTRAL
call,d62ad795-8d3a-4c44-92c7-da4459a793bf,S900,GBP/AUD,2025-10-23 15:35:11,2025-10-23 15:50:11,2.04991,2.04755,1,-1.0,USD,2025-10-23 15:22:18.673750,BUY,"BUY (score=7, HTF=NEUTRAL)",2.04466,SELL,52.283376993755176,HOLD,2.044672150777451,HOLD,2.044485785295024,HOLD,2.0446720804682332,BUY,7.770148477437289e-05,BUY,0.0001095152413359,BUY,3.703703703728071,BUY,11.901234567925956,BUY,2.044932656573042,2.0445253434269586,HOLD,-56.02923264333425,BUY,18.176446832404217,BUY,-96.29629629627192,HOLD,5.86120712322932e-05,HOLD,,7.0,2.0,6.0,NEUTRAL,NEUTRAL,NEUTRAL
call,77f1eb4c-3b8b-4545-a11c-5b88397f353e,S900,GBP/CHF,2025-10-23 15:35:16,2025-10-23 15:50:16,1.06265,1.06233,1,-1.0,USD,2025-10-23 15:22:26.874853,SELL,"SELL (score=8, HTF=NEUTRAL)",1.05954,SELL,52.19725499442406,HOLD,1.0594278750212005,HOLD,1.05947647842314,HOLD,1.0597298680900078,SELL,-1.1942947699683517e-05,SELL,-3.822689682783894e-05,SELL,94.44444444444902,SELL,89.50617283951937,BUY,1.0597358219062654,1.0590551780937345,SELL,74.24534360949134,HOLD,8.70090420480416,SELL,-5.555555555550987,HOLD,0.0001753620378335,HOLD,,1.0,8.0,6.0,NEUTRAL,NEUTRAL,NEUTRAL
call,a8c49b36-0cbb-4655-a8e4-28074836d292,S900,GBP/JPY,2025-10-23 15:35:20,2025-10-23 15:50:20,203.54,203.621,1,0.74,USD,2025-10-23 15:22:31.000645,SELL,"SELL (score=6, HTF=NEUTRAL)",203.241,SELL,52.83623155883356,HOLD,203.23565942558645,HOLD,203.2413702340031,HOLD,203.3066673325881,BUY,0.0021767258787122,SELL,-0.0003333136577203,SELL,68.57142857143785,SELL,89.5238095238126,BUY,203.2526031426271,203.21249385737292,SELL,70.47629769074844,HOLD,8.337158804454559,HOLD,-31.428571428562147,BUY,0.0072191913129106,HOLD,,3.0,6.0,6.0,NEUTRAL,NEUTRAL,NEUTRAL
call,f1ec0d6d-6274-40cf-a165-e7722303f0f8,S900,GBP/USD,2025-10-23 15:35:25,2025-10-23 15:50:25,1.3345,1.33332,1,-1.0,USD,2025-10-23 15:22:35.932594,BUY,"BUY (score=6, HTF=NEUTRAL)",1.33257,SELL,55.78683046070718,HOLD,1.3325314486847346,HOLD,1.3324051094444795,HOLD,1.332189840739436,BUY,3.483202271059582e-05,BUY,5.204931307254212e-05,BUY,43.75000000002602,BUY,20.833333333339116,BUY,1.332642149859625,1.332481850140375,HOLD,17.204301075749413,BUY,17.627162855608038,HOLD,-56.24999999997398,HOLD,4.174005326395368e-05,HOLD,,6.0,2.0,7.0,NEUTRAL,NEUTRAL,NEUTRAL
call,9866c227-c91a-470c-836d-6d305cf784c3,S900,USD/CAD,2025-10-23 15:35:30,2025-10-23 15:50:30,1.39887,1.39873,1,-1.0,USD,2025-10-23 15:22:40.415794,BUY,"BUY (score=5, HTF=NEUTRAL)",1.39884,BUY,47.866226187539006,HOLD,1.3988555192357763,HOLD,1.398927178273872,HOLD,1.3992061974784469,SELL,-1.8080958461785812e-05,SELL,-1.0483383482826853e-05,BUY,28.57142857145123,BUY,9.52380952381712,BUY,1.3990185375886917,1.3987524624113084,HOLD,-57.66793409372259,HOLD,11.457940192609328,HOLD,-71.42857142854876,BUY,4.561265206273525e-05,HOLD,,5.0,3.0,7.0,NEUTRAL,NEUTRAL,NEUTRAL
call,54013f6a-7e7e-44be-abfa-37a45c5dae9b,S900,USD/CHF,2025-10-23 15:35:34,2025-10-23 15:50:34,0.79632,0.79679,1,0.91,USD,2025-10-23 15:22:44.552835,SELL,"SELL (score=8, HTF=NEUTRAL)",0.79518,BUY,49.688727831469066,HOLD,0.7951659197668354,HOLD,0.795254429386752,HOLD,0.7955474370280717,SELL,-1.978326797891228e-05,SELL,-3.737570479774013e-05,SELL,79.99999999997779,SELL,83.33333333329631,BUY,0.7952208654940304,0.7950351345059697,SELL,90.27777777766336,SELL,14.045431666102305,SELL,-20.000000000022204,HOLD,3.2401981419897583e-05,HOLD,,2.0,8.0,5.0,NEUTRAL,NEUTRAL,NEUTRAL
call,5c069dd8-4857-4e55-accb-b3d997637497,S900,AUD/CAD,2025-10-23 15:49:50,2025-10-23 16:04:50,0.91056,0.91018,1,-1.0,USD,2025-10-23 15:21:19.636950,SELL,"SELL (score=6, HTF=NEUTRAL)",0.91135,BUY,50.08011744837702,HOLD,0.9113355446768744,HOLD,0.91138388372444,HOLD,0.9113584548391028,SELL,-2.4731430225077844e-05,SELL,-2.458110131289732e-05,SELL,87.05882352940561,SELL,85.54947560419156,BUY,0.9117203907395784,0.9110066092604217,HOLD,-10.746268656713385,HOLD,5.590837510412044,SELL,-12.941176470594382,HOLD,0.0001320249647394,HOLD,,2.0,6.0,7.0,NEUTRAL,NEUTRAL,NEUTRAL
put,a4692799-1fad-43c7-bded-c8f0e589da08,S900,AUD/CHF,2025-10-23 15:49:58,2025-10-23 16:04:58,0.51869,0.51854,1,0.37,USD,2025-10-23 15:21:23.770278,SELL,"SELL (score=7, HTF=NEUTRAL)",0.51816,SELL,52.10379243563012,HOLD,0.5180613642294214,HOLD,0.5181203422994908,HOLD,0.5181911604962359,SELL,-1.8249563136452096e-05,SELL,-4.938464014770682e-05,SELL,100.0,SELL,97.77777777777813,BUY,0.5184472254470275,0.5176097745529725,HOLD,69.8260984999096,HOLD,8.14899202043519,SELL,-0.0,HOLD,0.0001523752911315,HOLD,,0.0,7.0,8.0,NEUTRAL,NEUTRAL,NEUTRAL
put,cc36f125-91d5-411b-9d92-c604f8916502,S900,AUD/JPY,2025-10-23 15:50:03,2025-10-23 16:05:03,99.429,99.381,1,0.55,USD,2025-10-23 15:21:28.770999,SELL,"SELL (score=9, HTF=NEUTRAL)",99.397,SELL,54.07732076330359,HOLD,99.39049888616832,HOLD,99.40178710545048,HOLD,99.4242838572397,SELL,-0.0022316486607678,SELL,-0.0051966977491718,SELL,96.2962962963314,SELL,98.76543209877714,BUY,99.4019933371903,99.37010666280968,SELL,116.70663469233084,SELL,15.14939980264333,SELL,-3.7037037036686153,HOLD,0.0041485184783403,HOLD,,1.0,9.0,5.0,NEUTRAL,NEUTRAL,NEUTRAL
put,98cd5bc9-fb7f-4c61-9ff7-30979c2e5bbe,S900,AUD/USD,2025-10-23 15:50:07,2025-10-23 16:05:07,0.65107,0.65105,1,0.46,USD,2025-10-23 15:05:53.530442,BUY,"BUY (score=5, HTF=NEUTRAL)",0.65189,SELL,53.14907425853632,HOLD,0.6518714346480262,HOLD,0.6517836119629891,HOLD,0.6514345525459441,BUY,3.151286280000942e-05,BUY,3.736658610090258e-05,HOLD,47.058823529392555,SELL,62.65597147949982,BUY,0.6519640212743294,0.6517759787256705,HOLD,36.0360360360955,BUY,14.077464114002542,HOLD,-52.941176470607445,BUY,4.5883039343107115e-05,HOLD,,5.0,3.0,7.0,NEUTRAL,NEUTRAL,NEUTRAL
put,ecdf96be-db97-4a39-b6c4-7a5e923a69a5,S900,CAD/JPY,2025-10-23 15:50:15,2025-10-23 16:05:15,109.189,109.17,1,0.72,USD,2025-10-23 15:21:35.542529,SELL,"SELL (score=7, HTF=NEUTRAL)",109.054,SELL,53.46506594243708,HOLD,109.04308278390062,HOLD,109.05086182711936,HOLD,109.08249205442256,BUY,0.0004968093699062,SELL,-0.0037513285311755,SELL,90.90909090909796,SELL,96.96969696969931,BUY,109.06950584412807,109.00319415587192,SELL,91.8194823775096,HOLD,8.593298236253757,SELL,-9.090909090902043,HOLD,0.0109209543538608,HOLD,,2.0,7.0,6.0,NEUTRAL,NEUTRAL,NEUTRAL
put,6810a73d-c4f2-4a9a-87b5-3d3dfdd1f842,S900,CAD/CHF,2025-10-23 15:50:20,2025-10-23 16:05:20,0.56969,0.56965,1,0.92,USD,2025-10-23 15:21:40.970927,SELL,"SELL (score=6, HTF=NEUTRAL)",0.56853,SELL,52.42368545414542,HOLD,0.5683496592162045,HOLD,0.568385384839531,HOLD,0.5685178872151649,BUY,1.784044524366646e-05,SELL,-3.24505575761204e-05,SELL,100.0,SELL,99.62546816479572,BUY,0.5689216059821386,0.5676193940178614,HOLD,67.2628304820918,HOLD,5.761702151978047,SELL,-0.0,HOLD,0.0002790438892328,HOLD,,1.0,6.0,8.0,NEUTRAL,NEUTRAL,NEUTRAL
put,fba0221c-9fc8-46e3-826b-e1a0296eeb0f,S900,CHF/JPY,2025-10-23 15:50:24,2025-10-23 16:05:24,191.648,191.629,1,0.91,USD,2025-10-23 15:21:45.324448,BUY,"BUY (score=4, HTF=NEUTRAL)",191.806,BUY,50.35556143350772,HOLD,191.80590299080436,HOLD,191.80704051523725,HOLD,191.8285040959393,BUY,0.0027750178258258,BUY,0.0020093918116513,SELL,62.519537355440875,SELL,81.27539856203462,BUY,191.82823454271912,191.78666245728093,HOLD,-12.7911340707632,HOLD,6.605116742996182,HOLD,-37.480462644559125,HOLD,0.010931368385387,HOLD,,4.0,3.0,8.0,NEUTRAL,NEUTRAL,NEUTRAL
call,47d07791-e49b-42f0-841b-722c3c3900ee,S900,EUR/AUD,2025-10-23 15:50:29,2025-10-23 16:05:29,1.78237,1.78313,1,0.6,USD,2025-10-23 15:21:51.895718,BUY,"BUY (score=4, HTF=NEUTRAL)",1.78264,BUY,49.80337182198298,HOLD,1.782670672099297,HOLD,1.7825408259496067,HOLD,1.7823988072429875,BUY,3.5280614482546824e-05,BUY,6.01718160617554e-05,HOLD,52.63157894736637,HOLD,53.216374269007666,BUY,1.7829605651864893,1.7824734348135114,HOLD,-62.14689265534825,HOLD,11.604752561335244,HOLD,-47.36842105263363,HOLD,8.840244338585562e-05,HOLD,,4.0,1.0,10.0,NEUTRAL,NEUTRAL,NEUTRAL
call,55131d9c-3a87-41d0-a51f-cb617ba331a6,S900,EUR/CAD,2025-10-23 15:50:33,2025-10-23 16:05:33,1.62298,1.62327,1,0.92,USD,2025-10-23 15:21:56.003598,BUY,"BUY (score=7, HTF=NEUTRAL)",1.62467,BUY,41.12661670959164,HOLD,1.624839722789155,HOLD,1.6247921213568888,HOLD,1.6245765033089363,SELL,-1.0748858467524158e-05,BUY,3.1533317684791e-05,BUY,2.5641025641186226,BUY,0.8547008547062217,BUY,1.6251355044052551,1.624681495594745,BUY,-169.78109983980931,HOLD,10.929707677238834,BUY,-97.43589743588136,HOLD,7.08912256296209e-05,HOLD,,7.0,2.0,6.0,NEUTRAL,NEUTRAL,NEUTRAL
call,e19448ef-2b20-43d2-9b49-e3f7ee904e69,S900,EUR/CHF,2025-10-23 15:50:38,2025-10-23 16:05:38,0.92476,0.92469,1,-1.0,USD,2025-10-23 15:22:01.490429,SELL,"SELL (score=7, HTF=NEUTRAL)",0.92376,BUY,50.39257567832317,HOLD,0.9237472495768796,HOLD,0.9237760532986192,HOLD,0.9238038732727556,SELL,-1.5712545036739023e-05,SELL,-2.4172709326798973e-05,SELL,81.81818181817265,SELL,75.75757575756354,BUY,0.9238033045923456,0.9236486954076544,SELL,70.3933747413643,HOLD,10.0241968378311,SELL,-18.181818181827357,HOLD,3.026410057778566e-05,HOLD,,2.0,7.0,6.0,NEUTRAL,NEUTRAL,NEUTRAL
put,0e051397-4f63-4455-85f6-f15b75216e51,S900,EUR/JPY,2025-10-23 15:50:43,2025-10-23 16:05:43,177.24,177.226,1,0.78,USD,2025-10-23 15:22:09.703277,SELL,"SELL (score=4, HTF=NEUTRAL)",177.192,BUY,46.77645815640372,HOLD,177.1953300900194,HOLD,177.20298380842306,HOLD,177.22868361585282,SELL,-0.0014804119831808,SELL,-0.0029952304977737,HOLD,45.00000000004974,SELL,70.01666666663876,BUY,177.21118497013532,177.1755150298647,HOLD,-13.25088339229731,HOLD,9.326310717023398,HOLD,-54.99999999995026,HOLD,0.0055938832343416,HOLD,,2.0,4.0,9.0,NEUTRAL,NEUTRAL,NEUTRAL
call,ec64980f-1e5f-467f-a6e1-6fd6c967aa91,S900,EUR/USD,2025-10-23 15:50:47,2025-10-23 16:05:47,1.16052,1.16112,1,0.86,USD,2025-10-23 15:22:14.586795,BUY,"BUY (score=9, HTF=NEUTRAL)",1.16169,BUY,46.046044730642905,HOLD,1.161741963532981,HOLD,1.1616456137453874,HOLD,1.1612738520089507,BUY,5.745619902297605e-06,BUY,3.246515830408443e-05,BUY,29.999999999977796,BUY,9.999999999992598,BUY,1.1618969137611912,1.1616650862388087,BUY,-132.7498176513976,BUY,15.48513561098832,HOLD,-70.00000000002221,BUY,3.8017997940836845e-05,HOLD,,9.0,1.0,5.0,NEUTRAL,NEUTRAL,NEUTRAL
call,843c038b-aed1-455c-9af8-8ce340898d18,S900,GBP/AUD,2025-10-23 15:50:52,2025-10-23 16:05:52,2.0477,2.04734,1,-1.0,USD,2025-10-23 15:22:18.673750,BUY,"BUY (score=7, HTF=NEUTRAL)",2.04466,SELL,52.283376993755176,HOLD,2.044672150777451,HOLD,2.044485785295024,HOLD,2.0446720804682332,BUY,7.770148477437289e-05,BUY,0.0001095152413359,BUY,3.703703703728071,BUY,11.901234567925956,BUY,2.044932656573042,2.0445253434269586,HOLD,-56.02923264333425,BUY,18.176446832404217,BUY,-96.29629629627192,HOLD,5.86120712322932e-05,HOLD,,7.0,2.0,6.0,NEUTRAL,NEUTRAL,NEUTRAL
call,eb6e053d-ed83-454d-815e-bc34cea149f7,S900,GBP/CHF,2025-10-23 15:50:57,2025-10-23 16:05:57,1.06239,1.06168,1,-1.0,USD,2025-10-23 15:22:26.874853,SELL,"SELL (score=8, HTF=NEUTRAL)",1.05954,SELL,52.19725499442406,HOLD,1.0594278750212005,HOLD,1.05947647842314,HOLD,1.0597298680900078,SELL,-1.1942947699683517e-05,SELL,-3.822689682783894e-05,SELL,94.44444444444902,SELL,89.50617283951937,BUY,1.0597358219062654,1.0590551780937345,SELL,74.24534360949134,HOLD,8.70090420480416,SELL,-5.555555555550987,HOLD,0.0001753620378335,HOLD,,1.0,8.0,6.0,NEUTRAL,NEUTRAL,NEUTRAL
put,74b012b8-529b-4540-a7c3-b6893a061b27,S900,GBP/JPY,2025-10-23 15:51:01,2025-10-23 16:06:01,203.631,203.515,1,0.73,USD,2025-10-23 15:22:31.000645,SELL,"SELL (score=6, HTF=NEUTRAL)",203.241,SELL,52.83623155883356,HOLD,203.23565942558645,HOLD,203.2413702340031,HOLD,203.3066673325881,BUY,0.0021767258787122,SELL,-0.0003333136577203,SELL,68.57142857143785,SELL,89.5238095238126,BUY,203.2526031426271,203.21249385737292,SELL,70.47629769074844,HOLD,8.337158804454559,HOLD,-31.428571428562147,BUY,0.0072191913129106,HOLD,,3.0,6.0,6.0,NEUTRAL,NEUTRAL,NEUTRAL
call,f858b4e5-23d1-4328-8215-dfda6dd9113a,S900,GBP/USD,2025-10-23 15:51:06,2025-10-23 16:06:06,1.33327,1.33344,1,0.81,USD,2025-10-23 15:22:35.932594,BUY,"BUY (score=6, HTF=NEUTRAL)",1.33257,SELL,55.78683046070718,HOLD,1.3325314486847346,HOLD,1.3324051094444795,HOLD,1.332189840739436,BUY,3.483202271059582e-05,BUY,5.204931307254212e-05,BUY,43.75000000002602,BUY,20.833333333339116,BUY,1.332642149859625,1.332481850140375,HOLD,17.204301075749413,BUY,17.627162855608038,HOLD,-56.24999999997398,HOLD,4.174005326395368e-05,HOLD,,6.0,2.0,7.0,NEUTRAL,NEUTRAL,NEUTRAL
put,358539ef-04d6-43e3-bb9a-4ffedf31e4fe,S900,USD/CAD,2025-10-23 15:51:11,2025-10-23 16:06:11,1.39868,1.398,1,0.78,USD,2025-10-23 15:22:40.415794,BUY,"BUY (score=5, HTF=NEUTRAL)",1.39884,BUY,47.866226187539006,HOLD,1.3988555192357763,HOLD,1.398927178273872,HOLD,1.3992061974784469,SELL,-1.8080958461785812e-05,SELL,-1.0483383482826853e-05,BUY,28.57142857145123,BUY,9.52380952381712,BUY,1.3990185375886917,1.3987524624113084,HOLD,-57.66793409372259,HOLD,11.457940192609328,HOLD,-71.42857142854876,BUY,4.561265206273525e-05,HOLD,,5.0,3.0,7.0,NEUTRAL,NEUTRAL,NEUTRAL
put,85d2b0d8-28c9-43e3-98d2-1a1e6a8b85af,S900,USD/CHF,2025-10-23 15:51:15,2025-10-23 16:06:15,0.79678,0.79618,1,0.91,USD,2025-10-23 15:22:44.552835,SELL,"SELL (score=8, HTF=NEUTRAL)",0.79518,BUY,49.688727831469066,HOLD,0.7951659197668354,HOLD,0.795254429386752,HOLD,0.7955474370280717,SELL,-1.978326797891228e-05,SELL,-3.737570479774013e-05,SELL,79.99999999997779,SELL,83.33333333329631,BUY,0.7952208654940304,0.7950351345059697,SELL,90.27777777766336,SELL,14.045431666102305,SELL,-20.000000000022204,HOLD,3.2401981419897583e-05,HOLD,,2.0,8.0,5.0,NEUTRAL,NEUTRAL,NEUTRAL
call,43716a33-f39f-46a8-afc0-75531f164941,S900,AUD/CAD,2025-10-23 16:05:28,2025-10-23 16:20:28,0.91015,0.91023,1,0.86,USD,2025-10-23 15:21:19.636950,SELL,"SELL (score=6, HTF=NEUTRAL)",0.91135,BUY,50.08011744837702,HOLD,0.9113355446768744,HOLD,0.91138388372444,HOLD,0.9113584548391028,SELL,-2.4731430225077844e-05,SELL,-2.458110131289732e-05,SELL,87.05882352940561,SELL,85.54947560419156,BUY,0.9117203907395784,0.9110066092604217,HOLD,-10.746268656713385,HOLD,5.590837510412044,SELL,-12.941176470594382,HOLD,0.0001320249647394,HOLD,,2.0,6.0,7.0,NEUTRAL,NEUTRAL,NEUTRAL
call,38f11ab5-e5b9-4d92-9953-7e521843de88,S900,AUD/JPY,2025-10-23 16:05:33,2025-10-23 16:20:33,99.379,99.359,1,-1.0,USD,2025-10-23 15:21:28.770999,SELL,"SELL (score=9, HTF=NEUTRAL)",99.397,SELL,54.07732076330359,HOLD,99.39049888616832,HOLD,99.40178710545048,HOLD,99.4242838572397,SELL,-0.0022316486607678,SELL,-0.0051966977491718,SELL,96.2962962963314,SELL,98.76543209877714,BUY,99.4019933371903,99.37010666280968,SELL,116.70663469233084,SELL,15.14939980264333,SELL,-3.7037037036686153,HOLD,0.0041485184783403,HOLD,,1.0,9.0,5.0,NEUTRAL,NEUTRAL,NEUTRAL
call,2224fe86-ad94-4f3f-ab66-c84b1bfc09ca,S900,AUD/USD,2025-10-23 16:05:38,2025-10-23 16:20:38,0.65112,0.65079,1,-1.0,USD,2025-10-23 15:05:53.530442,BUY,"BUY (score=5, HTF=NEUTRAL)",0.65189,SELL,53.14907425853632,HOLD,0.6518714346480262,HOLD,0.6517836119629891,HOLD,0.6514345525459441,BUY,3.151286280000942e-05,BUY,3.736658610090258e-05,HOLD,47.058823529392555,SELL,62.65597147949982,BUY,0.6519640212743294,0.6517759787256705,HOLD,36.0360360360955,BUY,14.077464114002542,HOLD,-52.941176470607445,BUY,4.5883039343107115e-05,HOLD,,5.0,3.0,7.0,NEUTRAL,NEUTRAL,NEUTRAL
call,a1649e87-6702-4bd7-8ad0-6da8f8d69481,S900,CAD/JPY,2025-10-23 16:05:42,2025-10-23 16:20:42,109.177,109.144,1,-1.0,USD,2025-10-23 15:21:35.542529,SELL,"SELL (score=7, HTF=NEUTRAL)",109.054,SELL,53.46506594243708,HOLD,109.04308278390062,HOLD,109.05086182711936,HOLD,109.08249205442256,BUY,0.0004968093699062,SELL,-0.0037513285311755,SELL,90.90909090909796,SELL,96.96969696969931,BUY,109.06950584412807,109.00319415587192,SELL,91.8194823775096,HOLD,8.593298236253757,SELL,-9.090909090902043,HOLD,0.0109209543538608,HOLD,,2.0,7.0,6.0,NEUTRAL,NEUTRAL,NEUTRAL
call,cff0b9b9-c3d8-49b0-a90b-a26e0381bc78,S900,CHF/JPY,2025-10-23 16:05:47,2025-10-23 16:20:47,191.648,191.791,1,0.92,USD,2025-10-23 15:21:45.324448,BUY,"BUY (score=4, HTF=NEUTRAL)",191.806,BUY,50.35556143350772,HOLD,191.80590299080436,HOLD,191.80704051523725,HOLD,191.8285040959393,BUY,0.0027750178258258,BUY,0.0020093918116513,SELL,62.519537355440875,SELL,81.27539856203462,BUY,191.82823454271912,191.78666245728093,HOLD,-12.7911340707632,HOLD,6.605116742996182,HOLD,-37.480462644559125,HOLD,0.010931368385387,HOLD,,4.0,3.0,8.0,NEUTRAL,NEUTRAL,NEUTRAL
put,48b227dc-ab42-4c6c-8a3e-8d1c22bc235c,S900,EUR/AUD,2025-10-23 16:05:52,2025-10-23 16:20:52,1.78316,1.78419,1,-1.0,USD,2025-10-23 15:21:51.895718,BUY,"BUY (score=4, HTF=NEUTRAL)",1.78264,BUY,49.80337182198298,HOLD,1.782670672099297,HOLD,1.7825408259496067,HOLD,1.7823988072429875,BUY,3.5280614482546824e-05,BUY,6.01718160617554e-05,HOLD,52.63157894736637,HOLD,53.216374269007666,BUY,1.7829605651864893,1.7824734348135114,HOLD,-62.14689265534825,HOLD,11.604752561335244,HOLD,-47.36842105263363,HOLD,8.840244338585562e-05,HOLD,,4.0,1.0,10.0,NEUTRAL,NEUTRAL,NEUTRAL
call,1e6fa7fc-3587-4785-8cc8-e1094e6ca5b4,S900,EUR/CAD,2025-10-23 16:05:56,2025-10-23 16:20:56,1.62324,1.62431,1,0.88,USD,2025-10-23 15:21:56.003598,BUY,"BUY (score=7, HTF=NEUTRAL)",1.62467,BUY,41.12661670959164,HOLD,1.624839722789155,HOLD,1.6247921213568888,HOLD,1.6245765033089363,SELL,-1.0748858467524158e-05,BUY,3.1533317684791e-05,BUY,2.5641025641186226,BUY,0.8547008547062217,BUY,1.6251355044052551,1.624681495594745,BUY,-169.78109983980931,HOLD,10.929707677238834,BUY,-97.43589743588136,HOLD,7.08912256296209e-05,HOLD,,7.0,2.0,6.0,NEUTRAL,NEUTRAL,NEUTRAL
put,57425d7a-c2cf-472e-a926-992de272c769,S900,EUR/GBP,2025-10-23 16:06:01,2025-10-23 16:21:01,0.87084,0.87119,1,-1.0,USD,2025-10-23 15:22:05.688242,BUY,"BUY (score=6, HTF=NEUTRAL)",0.87179,BUY,42.52504169816823,HOLD,0.8718245058389112,HOLD,0.8718336234735212,HOLD,0.8716788526679004,SELL,-1.359548483537143e-05,SELL,-1.1147344985591286e-05,BUY,16.66666666660499,BUY,20.37037037035896,BUY,0.8718859222178724,0.8717670777821277,BUY,-106.49161196229332,HOLD,8.069715164253674,BUY,-83.33333333339502,HOLD,2.0510958328775417e-05,HOLD,,6.0,3.0,6.0,NEUTRAL,NEUTRAL,NEUTRAL
call,42cdc10c-bd85-4cee-830b-bce4e087a531,S900,EUR/JPY,2025-10-23 16:06:05,2025-10-23 16:21:05,177.246,177.246,1,0.0,USD,2025-10-23 15:22:09.703277,SELL,"SELL (score=4, HTF=NEUTRAL)",177.192,BUY,46.77645815640372,HOLD,177.1953300900194,HOLD,177.20298380842306,HOLD,177.22868361585282,SELL,-0.0014804119831808,SELL,-0.0029952304977737,HOLD,45.00000000004974,SELL,70.01666666663876,BUY,177.21118497013532,177.1755150298647,HOLD,-13.25088339229731,HOLD,9.326310717023398,HOLD,-54.99999999995026,HOLD,0.0055938832343416,HOLD,,2.0,4.0,9.0,NEUTRAL,NEUTRAL,NEUTRAL
call,33f6e145-156e-4c3a-ab0f-acc4e688fa14,S900,EUR/USD,2025-10-23 16:06:10,2025-10-23 16:21:10,1.16134,1.16114,1,-1.0,USD,2025-10-23 15:22:14.586795,BUY,"BUY (score=9, HTF=NEUTRAL)",1.16169,BUY,46.046044730642905,HOLD,1.161741963532981,HOLD,1.1616456137453874,HOLD,1.1612738520089507,BUY,5.745619902297605e-06,BUY,3.246515830408443e-05,BUY,29.999999999977796,BUY,9.999999999992598,BUY,1.1618969137611912,1.1616650862388087,BUY,-132.7498176513976,BUY,15.48513561098832,HOLD,-70.00000000002221,BUY,3.8017997940836845e-05,HOLD,,9.0,1.0,5.0,NEUTRAL,NEUTRAL,NEUTRAL
call,92f620a8-b6cf-4acf-9769-37aca13db88a,S900,GBP/CAD,2025-10-23 16:06:15,2025-10-23 16:21:15,1.86391,1.8643,1,0.42,USD,2025-10-23 15:22:22.900722,BUY,"BUY (score=8, HTF=NEUTRAL)",1.86352,BUY,45.84709085714507,HOLD,1.8636618621549448,HOLD,1.8635792284202264,HOLD,1.863656805762802,BUY,2.3807064877257034e-05,BUY,6.818732292303094e-05,BUY,0.0,BUY,0.0,BUY,1.8640101428848568,1.8634588571151436,BUY,-119.66527196659172,HOLD,9.900191519369104,BUY,-100.0,HOLD,0.0001113772800673,HOLD,,8.0,1.0,6.0,NEUTRAL,NEUTRAL,NEUTRAL
call,a51ed4ea-2f08-4b5d-b3e7-3adfaa8a1371,S900,GBP/CHF,2025-10-23 16:06:19,2025-10-23 16:21:19,1.06167,1.06071,1,-1.0,USD,2025-10-23 15:22:26.874853,SELL,"SELL (score=8, HTF=NEUTRAL)",1.05954,SELL,52.19725499442406,HOLD,1.0594278750212005,HOLD,1.05947647842314,HOLD,1.0597298680900078,SELL,-1.1942947699683517e-05,SELL,-3.822689682783894e-05,SELL,94.44444444444902,SELL,89.50617283951937,BUY,1.0597358219062654,1.0590551780937345,SELL,74.24534360949134,HOLD,8.70090420480416,SELL,-5.555555555550987,HOLD,0.0001753620378335,HOLD,,1.0,8.0,6.0,NEUTRAL,NEUTRAL,NEUTRAL
call,ff12933a-c1f5-414f-91a6-38fe2c06a710,S900,GBP/JPY,2025-10-23 16:06:24,2025-10-23 16:21:24,203.486,203.46,1,-1.0,USD,2025-10-23 15:22:31.000645,SELL,"SELL (score=6, HTF=NEUTRAL)",203.241,SELL,52.83623155883356,HOLD,203.23565942558645,HOLD,203.2413702340031,HOLD,203.3066673325881,BUY,0.0021767258787122,SELL,-0.0003333136577203,SELL,68.57142857143785,SELL,89.5238095238126,BUY,203.2526031426271,203.21249385737292,SELL,70.47629769074844,HOLD,8.337158804454559,HOLD,-31.428571428562147,BUY,0.0072191913129106,HOLD,,3.0,6.0,6.0,NEUTRAL,NEUTRAL,NEUTRAL
put,11abe383-ebc6-4313-9274-06045b093caa,S900,GBP/USD,2025-10-23 16:06:29,2025-10-23 16:21:29,1.33362,1.33274,1,0.58,USD,2025-10-23 15:22:35.932594,BUY,"BUY (score=6, HTF=NEUTRAL)",1.33257,SELL,55.78683046070718,HOLD,1.3325314486847346,HOLD,1.3324051094444795,HOLD,1.332189840739436,BUY,3.483202271059582e-05,BUY,5.204931307254212e-05,BUY,43.75000000002602,BUY,20.833333333339116,BUY,1.332642149859625,1.332481850140375,HOLD,17.204301075749413,BUY,17.627162855608038,HOLD,-56.24999999997398,HOLD,4.174005326395368e-05,HOLD,,6.0,2.0,7.0,NEUTRAL,NEUTRAL,NEUTRAL
call,3f7e00ff-05cd-457f-94f8-1d012e09d72b,S900,USD/CAD,2025-10-23 16:06:33,2025-10-23 16:21:33,1.39809,1.39908,1,0.43,USD,2025-10-23 15:22:40.415794,BUY,"BUY (score=5, HTF=NEUTRAL)",1.39884,BUY,47.866226187539006,HOLD,1.3988555192357763,HOLD,1.398927178273872,HOLD,1.3992061974784469,SELL,-1.8080958461785812e-05,SELL,-1.0483383482826853e-05,BUY,28.57142857145123,BUY,9.52380952381712,BUY,1.3990185375886917,1.3987524624113084,HOLD,-57.66793409372259,HOLD,11.457940192609328,HOLD,-71.42857142854876,BUY,4.561265206273525e-05,HOLD,,5.0,3.0,7.0,NEUTRAL,NEUTRAL,NEUTRAL
call,2c7088f4-7b3e-420a-bdec-2751c25cf723,S900,USD/CHF,2025-10-23 16:06:38,2025-10-23 16:21:38,0.79611,0.79599,1,-1.0,USD,2025-10-23 15:22:44.552835,SELL,"SELL (score=8, HTF=NEUTRAL)",0.79518,BUY,49.688727831469066,HOLD,0.7951659197668354,HOLD,0.795254429386752,HOLD,0.7955474370280717,SELL,-1.978326797891228e-05,SELL,-3.737570479774013e-05,SELL,79.99999999997779,SELL,83.33333333329631,BUY,0.7952208654940304,0.7950351345059697,SELL,90.27777777766336,SELL,14.045431666102305,SELL,-20.000000000022204,HOLD,3.2401981419897583e-05,HOLD,,2.0,8.0,5.0,NEUTRAL,NEUTRAL,NEUTRAL
put,52152610-186b-41ca-8b9c-58d4f867d802,S900,AUD/CAD,2025-10-23 16:20:49,2025-10-23 16:35:49,0.91031,0.91099,1,-1.0,USD,2025-10-23 15:21:19.636950,SELL,"SELL (score=6, HTF=NEUTRAL)",0.91135,BUY,50.08011744837702,HOLD,0.9113355446768744,HOLD,0.91138388372444,HOLD,0.9113584548391028,SELL,-2.4731430225077844e-05,SELL,-2.458110131289732e-05,SELL,87.05882352940561,SELL,85.54947560419156,BUY,0.9117203907395784,0.9110066092604217,HOLD,-10.746268656713385,HOLD,5.590837510412044,SELL,-12.941176470594382,HOLD,0.0001320249647394,HOLD,,2.0,6.0,7.0,NEUTRAL,NEUTRAL,NEUTRAL
call,aec05b97-b1d1-4316-96b3-547c036b3a08,S900,AUD/CHF,2025-10-23 16:20:54,2025-10-23 16:35:54,0.51795,0.51828,1,0.55,USD,2025-10-23 15:21:23.770278,SELL,"SELL (score=7, HTF=NEUTRAL)",0.51816,SELL,52.10379243563012,HOLD,0.5180613642294214,HOLD,0.5181203422994908,HOLD,0.5181911604962359,SELL,-1.8249563136452096e-05,SELL,-4.938464014770682e-05,SELL,100.0,SELL,97.77777777777813,BUY,0.5184472254470275,0.5176097745529725,HOLD,69.8260984999096,HOLD,8.14899202043519,SELL,-0.0,HOLD,0.0001523752911315,HOLD,,0.0,7.0,8.0,NEUTRAL,NEUTRAL,NEUTRAL
call,c4d07a32-5d8c-4065-9f66-94fe9d2f36a3,S900,AUD/JPY,2025-10-23 16:20:58,2025-10-23 16:35:58,99.355,99.432,1,0.86,USD,2025-10-23 15:21:28.770999,SELL,"SELL (score=9, HTF=NEUTRAL)",99.397,SELL,54.07732076330359,HOLD,99.39049888616832,HOLD,99.40178710545048,HOLD,99.4242838572397,SELL,-0.0022316486607678,SELL,-0.0051966977491718,SELL,96.2962962963314,SELL,98.76543209877714,BUY,99.4019933371903,99.37010666280968,SELL,116.70663469233084,SELL,15.14939980264333,SELL,-3.7037037036686153,HOLD,0.0041485184783403,HOLD,,1.0,9.0,5.0,NEUTRAL,NEUTRAL,NEUTRAL
call,bfcf4d54-7a7e-4c23-810d-b01cd6bc8f0e,S900,AUD/USD,2025-10-23 16:21:03,2025-10-23 16:36:03,0.65078,0.65147,1,0.3,USD,,,,,,,,,,,,,,,,,,,,,,,,,,,,,,,,,,,,,,,
call,8347de7d-f502-4b44-b900-bdaf9d38fb19,S900,CAD/CHF,2025-10-23 16:21:08,2025-10-23 16:36:08,0.5689,0.56889,1,-1.0,USD,2025-10-23 15:21:40.970927,SELL,"SELL (score=6, HTF=NEUTRAL)",0.56853,SELL,52.42368545414542,HOLD,0.5683496592162045,HOLD,0.568385384839531,HOLD,0.5685178872151649,BUY,1.784044524366646e-05,SELL,-3.24505575761204e-05,SELL,100.0,SELL,99.62546816479572,BUY,0.5689216059821386,0.5676193940178614,HOLD,67.2628304820918,HOLD,5.761702151978047,SELL,-0.0,HOLD,0.0002790438892328,HOLD,,1.0,6.0,8.0,NEUTRAL,NEUTRAL,NEUTRAL
put,3f2ab5ba-c4fb-4210-90f7-6c2e4ec61a07,S900,EUR/AUD,2025-10-23 16:21:17,2025-10-23 16:36:17,1.78414,1.78335,1,0.76,USD,2025-10-23 15:21:51.895718,BUY,"BUY (score=4, HTF=NEUTRAL)",1.78264,BUY,49.80337182198298,HOLD,1.782670672099297,HOLD,1.7825408259496067,HOLD,1.7823988072429875,BUY,3.5280614482546824e-05,BUY,6.01718160617554e-05,HOLD,52.63157894736637,HOLD,53.216374269007666,BUY,1.7829605651864893,1.7824734348135114,HOLD,-62.14689265534825,HOLD,11.604752561335244,HOLD,-47.36842105263363,HOLD,8.840244338585562e-05,HOLD,,4.0,1.0,10.0,NEUTRAL,NEUTRAL,NEUTRAL
call,c60a1a25-9aa4-442e-b063-d64d9a070df5,S900,EUR/CHF,2025-10-23 16:21:21,2025-10-23 16:36:21,0.92413,0.92445,1,0.7,USD,2025-10-23 15:22:01.490429,SELL,"SELL (score=7, HTF=NEUTRAL)",0.92376,BUY,50.39257567832317,HOLD,0.9237472495768796,HOLD,0.9237760532986192,HOLD,0.9238038732727556,SELL,-1.5712545036739023e-05,SELL,-2.4172709326798973e-05,SELL,81.81818181817265,SELL,75.75757575756354,BUY,0.9238033045923456,0.9236486954076544,SELL,70.3933747413643,HOLD,10.0241968378311,SELL,-18.181818181827357,HOLD,3.026410057778566e-05,HOLD,,2.0,7.0,6.0,NEUTRAL,NEUTRAL,NEUTRAL
put,5e1e5438-07d6-4163-9811-12a768274472,S900,EUR/GBP,2025-10-23 16:21:25,2025-10-23 16:36:25,0.8711,0.8712,1,-1.0,USD,2025-10-23 15:22:05.688242,BUY,"BUY (score=6, HTF=NEUTRAL)",0.87179,BUY,42.52504169816823,HOLD,0.8718245058389112,HOLD,0.8718336234735212,HOLD,0.8716788526679004,SELL,-1.359548483537143e-05,SELL,-1.1147344985591286e-05,BUY,16.66666666660499,BUY,20.37037037035896,BUY,0.8718859222178724,0.8717670777821277,BUY,-106.49161196229332,HOLD,8.069715164253674,BUY,-83.33333333339502,HOLD,2.0510958328775417e-05,HOLD,,6.0,3.0,6.0,NEUTRAL,NEUTRAL,NEUTRAL
put,cbc9f6be-76ea-4b0b-bd13-6511c8f8fd07,S900,EUR/USD,2025-10-23 16:21:30,2025-10-23 16:36:30,1.16099,1.16196,1,-1.0,USD,2025-10-23 15:22:14.586795,BUY,"BUY (score=9, HTF=NEUTRAL)",1.16169,BUY,46.046044730642905,HOLD,1.161741963532981,HOLD,1.1616456137453874,HOLD,1.1612738520089507,BUY,5.745619902297605e-06,BUY,3.246515830408443e-05,BUY,29.999999999977796,BUY,9.999999999992598,BUY,1.1618969137611912,1.1616650862388087,BUY,-132.7498176513976,BUY,15.48513561098832,HOLD,-70.00000000002221,BUY,3.8017997940836845e-05,HOLD,,9.0,1.0,5.0,NEUTRAL,NEUTRAL,NEUTRAL
put,458be7d7-c69d-4019-9aef-837990a155c2,S900,GBP/AUD,2025-10-23 16:21:35,2025-10-23 16:36:35,2.04792,2.04682,1,0.92,USD,2025-10-23 15:22:18.673750,BUY,"BUY (score=7, HTF=NEUTRAL)",2.04466,SELL,52.283376993755176,HOLD,2.044672150777451,HOLD,2.044485785295024,HOLD,2.0446720804682332,BUY,7.770148477437289e-05,BUY,0.0001095152413359,BUY,3.703703703728071,BUY,11.901234567925956,BUY,2.044932656573042,2.0445253434269586,HOLD,-56.02923264333425,BUY,18.176446832404217,BUY,-96.29629629627192,HOLD,5.86120712322932e-05,HOLD,,7.0,2.0,6.0,NEUTRAL,NEUTRAL,NEUTRAL
put,87a69043-3973-458b-bbda-ba93378b7495,S900,GBP/CAD,2025-10-23 16:21:40,2025-10-23 16:36:40,1.86434,1.86472,1,-1.0,USD,2025-10-23 15:22:22.900722,BUY,"BUY (score=8, HTF=NEUTRAL)",1.86352,BUY,45.84709085714507,HOLD,1.8636618621549448,HOLD,1.8635792284202264,HOLD,1.863656805762802,BUY,2.3807064877257034e-05,BUY,6.818732292303094e-05,BUY,0.0,BUY,0.0,BUY,1.8640101428848568,1.8634588571151436,BUY,-119.66527196659172,HOLD,9.900191519369104,BUY,-100.0,HOLD,0.0001113772800673,HOLD,,8.0,1.0,6.0,NEUTRAL,NEUTRAL,NEUTRAL
call,702b3391-3b3b-4025-a5ee-b64674e842b9,S900,GBP/CHF,2025-10-23 16:21:44,2025-10-23 16:36:44,1.06084,1.06091,1,0.69,USD,2025-10-23 15:22:26.874853,SELL,"SELL (score=8, HTF=NEUTRAL)",1.05954,SELL,52.19725499442406,HOLD,1.0594278750212005,HOLD,1.05947647842314,HOLD,1.0597298680900078,SELL,-1.1942947699683517e-05,SELL,-3.822689682783894e-05,SELL,94.44444444444902,SELL,89.50617283951937,BUY,1.0597358219062654,1.0590551780937345,SELL,74.24534360949134,HOLD,8.70090420480416,SELL,-5.555555555550987,HOLD,0.0001753620378335,HOLD,,1.0,8.0,6.0,NEUTRAL,NEUTRAL,NEUTRAL
put,e77652bd-241f-4e43-9bf5-d44cc21dec07,S900,USD/CAD,2025-10-23 16:21:52,2025-10-23 16:36:52,1.39901,1.39853,1,0.42,USD,2025-10-23 15:22:40.415794,BUY,"BUY (score=5, HTF=NEUTRAL)",1.39884,BUY,47.866226187539006,HOLD,1.3988555192357763,HOLD,1.398927178273872,HOLD,1.3992061974784469,SELL,-1.8080958461785812e-05,SELL,-1.0483383482826853e-05,BUY,28.57142857145123,BUY,9.52380952381712,BUY,1.3990185375886917,1.3987524624113084,HOLD,-57.66793409372259,HOLD,11.457940192609328,HOLD,-71.42857142854876,BUY,4.561265206273525e-05,HOLD,,5.0,3.0,7.0,NEUTRAL,NEUTRAL,NEUTRAL
call,2fece888-21e0-4f36-bc73-af7193f3dfbb,S900,USD/CHF,2025-10-23 16:21:57,2025-10-23 16:36:57,0.79594,0.79558,1,-1.0,USD,2025-10-23 15:22:44.552835,SELL,"SELL (score=8, HTF=NEUTRAL)",0.79518,BUY,49.688727831469066,HOLD,0.7951659197668354,HOLD,0.795254429386752,HOLD,0.7955474370280717,SELL,-1.978326797891228e-05,SELL,-3.737570479774013e-05,SELL,79.99999999997779,SELL,83.33333333329631,BUY,0.7952208654940304,0.7950351345059697,SELL,90.27777777766336,SELL,14.045431666102305,SELL,-20.000000000022204,HOLD,3.2401981419897583e-05,HOLD,,2.0,8.0,5.0,NEUTRAL,NEUTRAL,NEUTRAL
put,ed32679b-8eae-4a18-ae6d-f0140e13b93c,S900,AUD/CAD,2025-10-23 16:36:10,2025-10-23 16:51:10,0.911,0.91114,1,-1.0,USD,,,,,,,,,,,,,,,,,,,,,,,,,,,,,,,,,,,,,,,
put,e1bd5f92-e5dd-43ca-928a-492a31786cdf,S900,AUD/CHF,2025-10-23 16:36:17,2025-10-23 16:51:17,0.51831,0.51836,1,-1.0,USD,,,,,,,,,,,,,,,,,,,,,,,,,,,,,,,,,,,,,,,
put,e955a6b4-ade9-4311-84f4-5dbc2b677255,S900,AUD/JPY,2025-10-23 16:36:22,2025-10-23 16:51:22,99.441,99.443,1,-1.0,USD,,,,,,,,,,,,,,,,,,,,,,,,,,,,,,,,,,,,,,,
put,904e4123-e8c1-4660-9ec2-d02b6901786f,S900,AUD/USD,2025-10-23 16:36:27,2025-10-23 16:51:27,0.65153,0.65159,1,-1.0,USD,,,,,,,,,,,,,,,,,,,,,,,,,,,,,,,,,,,,,,,
put,05fd0eb4-9885-48a7-bfc9-c70a42bfefd3,S900,CAD/CHF,2025-10-23 16:36:31,2025-10-23 16:51:31,0.56889,0.56883,1,0.89,USD,,,,,,,,,,,,,,,,,,,,,,,,,,,,,,,,,,,,,,,
call,d7cec795-393a-4ad5-8986-decdfb0582c3,S900,EUR/AUD,2025-10-23 16:36:36,2025-10-23 16:51:36,1.78338,1.78199,1,-1.0,USD,,,,,,,,,,,,,,,,,,,,,,,,,,,,,,,,,,,,,,,
put,8fb51bc6-c2ee-4f03-9cf2-6f293a3e0e2c,S900,EUR/CAD,2025-10-23 16:36:40,2025-10-23 16:51:40,1.62474,1.62381,1,0.88,USD,,,,,,,,,,,,,,,,,,,,,,,,,,,,,,,,,,,,,,,
put,96c0698c-0d97-40ba-89ce-91fa79089277,S900,EUR/CHF,2025-10-23 16:36:45,2025-10-23 16:51:45,0.92438,0.92374,1,0.82,USD,,,,,,,,,,,,,,,,,,,,,,,,,,,,,,,,,,,,,,,
put,b64baa80-62ff-47f9-bb61-b0e2119ef4d8,S900,EUR/JPY,2025-10-23 16:36:50,2025-10-23 16:51:50,177.335,177.238,1,0.78,USD,,,,,,,,,,,,,,,,,,,,,,,,,,,,,,,,,,,,,,,
call,6f7e2126-387f-47e7-900e-0455ffbc86bf,S900,EUR/USD,2025-10-23 16:36:55,2025-10-23 16:51:55,1.1619,1.16108,1,-1.0,USD,,,,,,,,,,,,,,,,,,,,,,,,,,,,,,,,,,,,,,,
put,8b9857c4-188a-43b5-a4d7-87b29663fb8c,S900,GBP/CAD,2025-10-23 16:36:59,2025-10-23 16:51:59,1.86483,1.86334,1,0.91,USD,,,,,,,,,,,,,,,,,,,,,,,,,,,,,,,,,,,,,,,
put,11b5a161-2505-475f-a29e-5651c573d8b4,S900,GBP/CHF,2025-10-23 16:37:04,2025-10-23 16:52:04,1.06104,1.06007,1,0.83,USD,,,,,,,,,,,,,,,,,,,,,,,,,,,,,,,,,,,,,,,
put,84fc4ac0-3773-4c80-92c0-2db98de98727,S900,GBP/JPY,2025-10-23 16:37:08,2025-10-23 16:52:08,203.556,203.4,1,0.83,USD,,,,,,,,,,,,,,,,,,,,,,,,,,,,,,,,,,,,,,,
put,d113c316-8cfc-4300-b60c-6938782226ab,S900,GBP/USD,2025-10-23 16:37:13,2025-10-23 16:52:13,1.33357,1.33245,1,0.58,USD,,,,,,,,,,,,,,,,,,,,,,,,,,,,,,,,,,,,,,,
call,dd7ea858-8778-4b23-89f7-c7a429ae8c46,S900,USD/CAD,2025-10-23 16:37:17,2025-10-23 16:52:17,1.39852,1.39872,1,0.39,USD,,,,,,,,,,,,,,,,,,,,,,,,,,,,,,,,,,,,,,,
call,67cfb85f-f99c-4d2a-8527-59dba1fcceb3,S900,USD/CHF,2025-10-23 16:37:22,2025-10-23 16:52:22,0.79562,0.79552,1,-1.0,USD,,,,,,,,,,,,,,,,,,,,,,,,,,,,,,,,,,,,,,,
put,dec37a37-4af7-4dff-842a-e0f627a59f1b,S900,AUD/CAD,2025-10-23 16:51:35,2025-10-23 17:06:35,0.91118,0.91153,1,-1.0,USD,,,,,,,,,,,,,,,,,,,,,,,,,,,,,,,,,,,,,,,
put,bb2e1df8-85f1-4f26-b49b-111973855b44,S900,AUD/CHF,2025-10-23 16:51:39,2025-10-23 17:06:39,0.51833,0.51811,1,0.63,USD,,,,,,,,,,,,,,,,,,,,,,,,,,,,,,,,,,,,,,,
put,593f6c04-42b8-45c8-a44c-de04e25cb5c2,S900,AUD/USD,2025-10-23 16:51:44,2025-10-23 17:06:44,0.65157,0.65159,1,-1.0,USD,,,,,,,,,,,,,,,,,,,,,,,,,,,,,,,,,,,,,,,
call,9d02439a-0035-4aca-97a9-08a2acfe9a6d,S900,CAD/JPY,2025-10-23 16:51:49,2025-10-23 17:06:49,109.152,109.06,1,-1.0,USD,,,,,,,,,,,,,,,,,,,,,,,,,,,,,,,,,,,,,,,
put,fbb3298f-99bf-44e8-93be-af8731303797,S900,CAD/CHF,2025-10-23 16:51:53,2025-10-23 17:06:53,0.56889,0.56834,1,0.82,USD,,,,,,,,,,,,,,,,,,,,,,,,,,,,,,,,,,,,,,,
call,546cf4c3-5baf-42db-be18-7f5e4dddaa61,S900,EUR/AUD,2025-10-23 16:51:58,2025-10-23 17:06:58,1.78185,1.78252,1,0.85,USD,,,,,,,,,,,,,,,,,,,,,,,,,,,,,,,,,,,,,,,
call,4f6fd8b3-1748-4d8e-a5b6-7a5fea31f30d,S900,EUR/CAD,2025-10-23 16:52:03,2025-10-23 17:07:03,1.62369,1.62515,1,0.88,USD,,,,,,,,,,,,,,,,,,,,,,,,,,,,,,,,,,,,,,,
call,f33c3f47-b42d-4c7b-a671-354700c5d63c,S900,EUR/CHF,2025-10-23 16:52:07,2025-10-23 17:07:07,0.92372,0.92371,1,-1.0,USD,,,,,,,,,,,,,,,,,,,,,,,,,,,,,,,,,,,,,,,
call,b5f35637-a4a3-4be4-b1ed-09a84fe35eba,S900,EUR/GBP,2025-10-23 16:52:12,2025-10-23 17:07:12,0.87131,0.87182,1,0.92,USD,,,,,,,,,,,,,,,,,,,,,,,,,,,,,,,,,,,,,,,
call,3a14cfab-35ff-4fe4-a2ec-2676b3de4d40,S900,EUR/USD,2025-10-23 16:52:17,2025-10-23 17:07:17,1.16104,1.16151,1,0.92,USD,,,,,,,,,,,,,,,,,,,,,,,,,,,,,,,,,,,,,,,
call,2ee9f1e3-4d37-44c8-b2b6-7c053999cd58,S900,GBP/AUD,2025-10-23 16:52:21,2025-10-23 17:07:21,2.04483,2.0442,1,-1.0,USD,,,,,,,,,,,,,,,,,,,,,,,,,,,,,,,,,,,,,,,
call,c959554d-aebc-410c-a67f-5fa19fa0bc65,S900,GBP/CAD,2025-10-23 16:52:26,2025-10-23 17:07:26,1.86345,1.86367,1,0.8,USD,,,,,,,,,,,,,,,,,,,,,,,,,,,,,,,,,,,,,,,
call,fce55401-03df-490a-b0f3-65af0c0bb46e,S900,GBP/CHF,2025-10-23 16:52:30,2025-10-23 17:07:30,1.06007,1.05926,1,-1.0,USD,,,,,,,,,,,,,,,,,,,,,,,,,,,,,,,,,,,,,,,
call,979eccf0-cded-4acb-a2d2-f3ddba6b535c,S900,GBP/USD,2025-10-23 16:52:35,2025-10-23 17:07:35,1.33236,1.33203,1,-1.0,USD,,,,,,,,,,,,,,,,,,,,,,,,,,,,,,,,,,,,,,,
put,d5625977-00ba-41aa-bc69-dff188e9e9d7,S900,USD/CAD,2025-10-23 16:52:40,2025-10-23 17:07:40,1.39873,1.3993,1,-1.0,USD,,,,,,,,,,,,,,,,,,,,,,,,,,,,,,,,,,,,,,,
put,d53cf9ab-5d94-4954-959e-a25e18886337,S900,USD/CHF,2025-10-23 16:52:45,2025-10-23 17:07:45,0.79559,0.79526,1,0.58,USD,,,,,,,,,,,,,,,,,,,,,,,,,,,,,,,,,,,,,,,
put,fbdd195a-addb-455b-8f98-2f93a9ae80c6,S900,AUD/CAD,2025-10-23 17:06:57,2025-10-23 17:21:57,0.91163,0.91133,1,0.88,USD,,,,,,,,,,,,,,,,,,,,,,,,,,,,,,,,,,,,,,,
call,b109db8c-ff23-4edd-84bf-79229bb4e715,S900,AUD/CHF,2025-10-23 17:07:02,2025-10-23 17:22:02,0.51815,0.51793,1,-1.0,USD,,,,,,,,,,,,,,,,,,,,,,,,,,,,,,,,,,,,,,,
call,07a9ab85-548b-434c-a89e-2d7825e13dba,S900,AUD/JPY,2025-10-23 17:07:06,2025-10-23 17:22:06,99.43,99.401,1,-1.0,USD,,,,,,,,,,,,,,,,,,,,,,,,,,,,,,,,,,,,,,,
call,f68bb62f-04d4-4e5e-a548-1f7207e128f9,S900,CAD/JPY,2025-10-23 17:07:14,2025-10-23 17:22:14,109.067,109.074,1,0.77,USD,,,,,,,,,,,,,,,,,,,,,,,,,,,,,,,,,,,,,,,
call,c39b61ee-9aa3-48d4-a727-c66670859669,S900,CAD/CHF,2025-10-23 17:07:21,2025-10-23 17:22:21,0.56836,0.56834,1,-1.0,USD,,,,,,,,,,,,,,,,,,,,,,,,,,,,,,,,,,,,,,,
call,bb03b424-939e-47aa-a482-15d598fc38a0,S900,CHF/JPY,2025-10-23 17:07:26,2025-10-23 17:22:26,191.867,191.91,1,0.85,USD,,,,,,,,,,,,,,,,,,,,,,,,,,,,,,,,,,,,,,,
put,1e70e6ba-458b-497d-baf7-6184f8f29335,S900,EUR/AUD,2025-10-23 17:07:31,2025-10-23 17:22:31,1.78258,1.78327,1,-1.0,USD,,,,,,,,,,,,,,,,,,,,,,,,,,,,,,,,,,,,,,,
put,a503e95d-5fff-41d5-b7e8-8bc333432fc2,S900,EUR/CAD,2025-10-23 17:07:35,2025-10-23 17:22:35,1.62506,1.62483,1,0.89,USD,,,,,,,,,,,,,,,,,,,,,,,,,,,,,,,,,,,,,,,
put,8ce7c148-d159-4dcf-8144-a0ba5b27b699,S900,EUR/CHF,2025-10-23 17:07:41,2025-10-23 17:22:41,0.92368,0.92366,1,0.73,USD,,,,,,,,,,,,,,,,,,,,,,,,,,,,,,,,,,,,,,,
put,a4247038-bef9-40e5-9f14-a0758761d1fd,S900,EUR/GBP,2025-10-23 17:07:45,2025-10-23 17:22:45,0.87192,0.87193,1,-1.0,USD,,,,,,,,,,,,,,,,,,,,,,,,,,,,,,,,,,,,,,,
put,2fd97e93-7e1c-4501-9991-72dd69028e36,S900,EUR/JPY,2025-10-23 17:07:50,2025-10-23 17:22:50,177.242,177.262,1,-1.0,USD,,,,,,,,,,,,,,,,,,,,,,,,,,,,,,,,,,,,,,,
call,74a96f0a-ec6f-4cf2-8872-f9b9665842a1,S900,EUR/USD,2025-10-23 17:07:54,2025-10-23 17:22:54,1.16135,1.1607,1,-1.0,USD,,,,,,,,,,,,,,,,,,,,,,,,,,,,,,,,,,,,,,,
put,74d0714c-ac99-41d9-b759-4f05064f2def,S900,GBP/AUD,2025-10-23 17:07:59,2025-10-23 17:22:59,2.04421,2.045,1,-1.0,USD,,,,,,,,,,,,,,,,,,,,,,,,,,,,,,,,,,,,,,,
put,0670c772-d62a-4e5b-86a4-3886647c47c3,S900,GBP/CAD,2025-10-23 17:08:04,2025-10-23 17:23:04,1.86353,1.86348,1,0.88,USD,,,,,,,,,,,,,,,,,,,,,,,,,,,,,,,,,,,,,,,
put,7c8e8628-eb7d-42bb-bc8a-63f0a1c7e73b,S900,GBP/JPY,2025-10-23 17:08:08,2025-10-23 17:23:08,203.243,203.293,1,-1.0,USD,,,,,,,,,,,,,,,,,,,,,,,,,,,,,,,,,,,,,,,
put,658ddef0-16f1-4e44-ae81-0350fb274c70,S900,GBP/USD,2025-10-23 17:08:13,2025-10-23 17:23:13,1.33174,1.33135,1,0.77,USD,,,,,,,,,,,,,,,,,,,,,,,,,,,,,,,,,,,,,,,
put,2a8ec5e9-f79c-4841-86e2-ac829484547b,S900,USD/CAD,2025-10-23 17:08:17,2025-10-23 17:23:17,1.39942,1.39998,1,-1.0,USD,,,,,,,,,,,,,,,,,,,,,,,,,,,,,,,,,,,,,,,
call,0271cc36-6c1d-4853-8698-c1e924d37e49,S900,USD/CHF,2025-10-23 17:08:22,2025-10-23 17:23:22,0.79536,0.79572,1,0.83,USD,,,,,,,,,,,,,,,,,,,,,,,,,,,,,,,,,,,,,,,
call,9eaede9d-4824-4af4-ad1f-b7a9d16c74af,S900,AUD/CAD,2025-10-23 17:22:35,2025-10-23 17:37:35,0.91114,0.9112,1,0.88,USD,,,,,,,,,,,,,,,,,,,,,,,,,,,,,,,,,,,,,,,
call,e9b3b39b-daf4-4ac9-af05-dc08ede1b3c6,S900,AUD/JPY,2025-10-23 17:22:40,2025-10-23 17:37:40,99.404,99.443,1,0.64,USD,,,,,,,,,,,,,,,,,,,,,,,,,,,,,,,,,,,,,,,
call,9fd09453-c71b-4c64-8ec4-157696601923,S900,AUD/USD,2025-10-23 17:22:45,2025-10-23 17:37:45,0.6509,0.6511,1,0.87,USD,,,,,,,,,,,,,,,,,,,,,,,,,,,,,,,,,,,,,,,
put,2bcae6d0-fdd9-4645-b7c0-ab40d62b9578,S900,CAD/JPY,2025-10-23 17:22:50,2025-10-23 17:37:50,109.086,109.133,1,-1.0,USD,,,,,,,,,,,,,,,,,,,,,,,,,,,,,,,,,,,,,,,
put,865cfb3c-3d89-45d5-800f-baa641b2b642,S900,CAD/CHF,2025-10-23 17:22:54,2025-10-23 17:37:54,0.56841,0.56852,1,-1.0,USD,,,,,,,,,,,,,,,,,,,,,,,,,,,,,,,,,,,,,,,
call,f991b7ad-3368-4de3-8696-78db8e15de15,S900,CHF/JPY,2025-10-23 17:22:59,2025-10-23 17:37:59,191.896,191.944,1,0.85,USD,,,,,,,,,,,,,,,,,,,,,,,,,,,,,,,,,,,,,,,
put,e15ff251-fa4b-427d-b3a3-dc9a51546a15,S900,EUR/AUD,2025-10-23 17:23:04,2025-10-23 17:38:04,1.7832,1.78254,1,0.92,USD,,,,,,,,,,,,,,,,,,,,,,,,,,,,,,,,,,,,,,,
put,5fcf3e74-ed95-487a-b1d6-c3b436ee03a0,S900,EUR/CAD,2025-10-23 17:23:09,2025-10-23 17:38:09,1.62495,1.62428,1,0.81,USD,,,,,,,,,,,,,,,,,,,,,,,,,,,,,,,,,,,,,,,
put,6f1a8d2a-c37a-4af7-b309-00f9e5481b55,S900,EUR/GBP,2025-10-23 17:23:16,2025-10-23 17:38:16,0.87183,0.87164,1,0.89,USD,,,,,,,,,,,,,,,,,,,,,,,,,,,,,,,,,,,,,,,
put,52b64632-62f8-46d5-b50d-f37ca36e1cc4,S900,EUR/JPY,2025-10-23 17:23:21,2025-10-23 17:38:21,177.262,177.31,1,-1.0,USD,,,,,,,,,,,,,,,,,,,,,,,,,,,,,,,,,,,,,,,
call,53b602de-6821-42f9-9345-a2d81bc2384c,S900,EUR/USD,2025-10-23 17:23:25,2025-10-23 17:38:25,1.16087,1.16081,1,-1.0,USD,,,,,,,,,,,,,,,,,,,,,,,,,,,,,,,,,,,,,,,
put,3d431039-fd1c-47b1-86c0-cb6061e3f839,S900,GBP/AUD,2025-10-23 17:23:30,2025-10-23 17:38:30,2.04504,2.04455,1,0.56,USD,,,,,,,,,,,,,,,,,,,,,,,,,,,,,,,,,,,,,,,
put,65c15a35-a4c8-4302-9c88-cec9f8524aa8,S900,GBP/CHF,2025-10-23 17:23:35,2025-10-23 17:38:35,1.05946,1.05971,1,-1.0,USD,,,,,,,,,,,,,,,,,,,,,,,,,,,,,,,,,,,,,,,
put,f0b1a5f1-ac46-4e51-bbb9-8512c9aadb97,S900,GBP/JPY,2025-10-23 17:23:39,2025-10-23 17:38:39,203.328,203.328,1,0.0,USD,,,,,,,,,,,,,,,,,,,,,,,,,,,,,,,,,,,,,,,
call,823c6793-7caf-4e30-b1c7-2c53064d6220,S900,GBP/USD,2025-10-23 17:23:44,2025-10-23 17:38:44,1.33159,1.33177,1,0.86,USD,,,,,,,,,,,,,,,,,,,,,,,,,,,,,,,,,,,,,,,
put,1442ac1b-0009-4296-b623-d944da715d9a,S900,USD/CAD,2025-10-23 17:23:49,2025-10-23 17:38:49,1.39997,1.39956,1,0.83,USD,,,,,,,,,,,,,,,,,,,,,,,,,,,,,,,,,,,,,,,
put,4ccca724-84a5-4f9a-a614-29716c48893a,S900,USD/CHF,2025-10-23 17:23:53,2025-10-23 17:38:53,0.79572,0.79573,1,-1.0,USD,,,,,,,,,,,,,,,,,,,,,,,,,,,,,,,,,,,,,,,
call,4c9d3994-daf2-4b78-9b1d-84b7aa4d139d,S900,AUD/CAD,2025-10-23 17:38:05,2025-10-23 17:53:05,0.91118,0.91144,1,0.88,USD,,,,,,,,,,,,,,,,,,,,,,,,,,,,,,,,,,,,,,,
call,f5b6afe0-2866-4c35-8c14-ae4d52926ef8,S900,AUD/CHF,2025-10-23 17:38:09,2025-10-23 17:53:09,0.51811,0.51829,1,0.88,USD,,,,,,,,,,,,,,,,,,,,,,,,,,,,,,,,,,,,,,,
call,1c5a8452-429d-420d-a821-a3094f250faa,S900,AUD/JPY,2025-10-23 17:38:14,2025-10-23 17:53:14,99.463,99.495,1,0.54,USD,,,,,,,,,,,,,,,,,,,,,,,,,,,,,,,,,,,,,,,
call,58991576-6812-472f-852b-d5e5f379e012,S900,CAD/JPY,2025-10-23 17:38:19,2025-10-23 17:53:19,109.15,109.146,1,-1.0,USD,,,,,,,,,,,,,,,,,,,,,,,,,,,,,,,,,,,,,,,
call,051a28c1-e665-411a-8902-52e6a1ae0653,S900,CAD/CHF,2025-10-23 17:38:23,2025-10-23 17:53:23,0.56859,0.56863,1,0.79,USD,,,,,,,,,,,,,,,,,,,,,,,,,,,,,,,,,,,,,,,
put,04543449-f312-4a39-a2f3-aeffa30681a1,S900,CHF/JPY,2025-10-23 17:38:28,2025-10-23 17:53:28,191.948,191.928,1,0.85,USD,,,,,,,,,,,,,,,,,,,,,,,,,,,,,,,,,,,,,,,
put,d3b659fc-b034-4515-bfae-2e2f34af3e9b,S900,EUR/AUD,2025-10-23 17:38:32,2025-10-23 17:53:32,1.7821,1.78214,1,-1.0,USD,,,,,,,,,,,,,,,,,,,,,,,,,,,,,,,,,,,,,,,
put,215ab8b2-645a-4794-a873-400f9da2579b,S900,EUR/CAD,2025-10-23 17:38:37,2025-10-23 17:53:37,1.62439,1.62455,1,-1.0,USD,,,,,,,,,,,,,,,,,,,,,,,,,,,,,,,,,,,,,,,
call,53888328-2fd5-44f4-a7c4-5cea1b20fdba,S900,EUR/CHF,2025-10-23 17:38:42,2025-10-23 17:53:42,0.92372,0.92384,1,0.89,USD,,,,,,,,,,,,,,,,,,,,,,,,,,,,,,,,,,,,,,,
put,8f390e3a-3e00-4b08-950c-a45b6692f779,S900,EUR/GBP,2025-10-23 17:38:47,2025-10-23 17:53:47,0.87157,0.87161,1,-1.0,USD,,,,,,,,,,,,,,,,,,,,,,,,,,,,,,,,,,,,,,,
call,964e2641-3419-43c6-9213-86776014a79a,S900,EUR/JPY,2025-10-23 17:38:51,2025-10-23 17:53:51,177.317,177.334,1,0.78,USD,,,,,,,,,,,,,,,,,,,,,,,,,,,,,,,,,,,,,,,
call,a7267ccc-14bb-4039-85c0-3342d081f4c8,S900,EUR/USD,2025-10-23 17:38:56,2025-10-23 17:53:56,1.16079,1.16093,1,0.78,USD,,,,,,,,,,,,,,,,,,,,,,,,,,,,,,,,,,,,,,,
call,870c0d68-07bb-4624-b7fe-57007d2bfd7e,S900,GBP/CHF,2025-10-23 17:39:05,2025-10-23 17:54:05,1.05973,1.05996,1,0.85,USD,,,,,,,,,,,,,,,,,,,,,,,,,,,,,,,,,,,,,,,
call,59ede846-b037-4bf3-a0ad-fc370161cd72,S900,GBP/JPY,2025-10-23 17:39:09,2025-10-23 17:54:09,203.418,203.463,1,0.89,USD,,,,,,,,,,,,,,,,,,,,,,,,,,,,,,,,,,,,,,,
put,2b64454a-a994-46bf-8fab-fe45d535724c,S900,USD/CAD,2025-10-23 17:39:14,2025-10-23 17:54:14,1.39957,1.39946,1,0.83,USD,,,,,,,,,,,,,,,,,,,,,,,,,,,,,,,,,,,,,,,
call,4128b454-36d5-4c73-9869-8716e5712b2f,S900,USD/CHF,2025-10-23 17:39:18,2025-10-23 17:54:18,0.79573,0.79574,1,0.83,USD,,,,,,,,,,,,,,,,,,,,,,,,,,,,,,,,,,,,,,,
put,94bf4f93-476e-42c8-83ea-a9b2f6824ab7,S900,AUD/CAD,2025-10-23 17:56:49,2025-10-23 18:11:49,0.91165,0.91155,1,0.88,USD,,,,,,,,,,,,,,,,,,,,,,,,,,,,,,,,,,,,,,,
put,2ccb62bb-ef76-490d-92c6-7e9f7f068683,S900,AUD/CHF,2025-10-23 17:56:54,2025-10-23 18:11:54,0.51837,0.51825,1,0.72,USD,,,,,,,,,,,,,,,,,,,,,,,,,,,,,,,,,,,,,,,
put,db5b3228-151c-443a-98e2-a4e4d8cf639d,S900,AUD/JPY,2025-10-23 17:57:00,2025-10-23 18:12:00,99.524,99.528,1,-1.0,USD,,,,,,,,,,,,,,,,,,,,,,,,,,,,,,,,,,,,,,,
put,3f13643d-8948-4b8a-87df-efb9b2e670e2,S900,AUD/USD,2025-10-23 17:57:04,2025-10-23 18:12:04,0.65165,0.65152,1,0.87,USD,,,,,,,,,,,,,,,,,,,,,,,,,,,,,,,,,,,,,,,
put,4ec08b93-18b0-4081-91b6-741d19f4f41f,S900,CAD/JPY,2025-10-23 17:57:08,2025-10-23 18:12:08,109.155,109.178,1,-1.0,USD,,,,,,,,,,,,,,,,,,,,,,,,,,,,,,,,,,,,,,,
put,3106ef07-3184-4c6c-a503-ed4a4c9c2765,S900,CAD/CHF,2025-10-23 17:57:13,2025-10-23 18:12:13,0.56856,0.5685,1,0.77,USD,,,,,,,,,,,,,,,,,,,,,,,,,,,,,,,,,,,,,,,
put,f2be4a1c-5c38-48aa-9258-7993229c1d36,S900,CHF/JPY,2025-10-23 17:57:18,2025-10-23 18:12:18,191.967,192.03,1,-1.0,USD,,,,,,,,,,,,,,,,,,,,,,,,,,,,,,,,,,,,,,,
put,d0d91a1c-4481-4c5d-9bf5-f47b0635f807,S900,EUR/AUD,2025-10-23 17:57:23,2025-10-23 18:12:23,1.78198,1.78233,1,-1.0,USD,,,,,,,,,,,,,,,,,,,,,,,,,,,,,,,,,,,,,,,
put,f5af6bfd-314d-48b6-a170-a191d131205d,S900,EUR/CAD,2025-10-23 17:57:28,2025-10-23 18:12:28,1.62462,1.62491,1,-1.0,USD,,,,,,,,,,,,,,,,,,,,,,,,,,,,,,,,,,,,,,,
put,be77f665-8e66-4db9-8e14-9f8b5c374efa,S900,EUR/CHF,2025-10-23 17:57:32,2025-10-23 18:12:32,0.92389,0.92386,1,0.89,USD,,,,,,,,,,,,,,,,,,,,,,,,,,,,,,,,,,,,,,,
put,b8782011-99ae-4063-8669-cf1994c56e9f,S900,EUR/GBP,2025-10-23 17:57:37,2025-10-23 18:12:37,0.87166,0.87167,1,-1.0,USD,,,,,,,,,,,,,,,,,,,,,,,,,,,,,,,,,,,,,,,
put,4c9ecca0-e58f-420e-8dbe-c4467f08dd1b,S900,EUR/JPY,2025-10-23 17:57:42,2025-10-23 18:12:42,177.363,177.42,1,-1.0,USD,,,,,,,,,,,,,,,,,,,,,,,,,,,,,,,,,,,,,,,
call,bbbe87e6-149f-4d0c-a674-20ec72863505,S900,EUR/USD,2025-10-23 17:57:46,2025-10-23 18:12:46,1.16131,1.16135,1,0.78,USD,,,,,,,,,,,,,,,,,,,,,,,,,,,,,,,,,,,,,,,
call,be8053f7-0996-463f-9766-12f2f35362f4,S900,GBP/AUD,2025-10-23 17:57:51,2025-10-23 18:12:51,2.0445,2.04465,1,0.58,USD,,,,,,,,,,,,,,,,,,,,,,,,,,,,,,,,,,,,,,,
call,5cb877a3-c7c7-4361-b9f2-032476c29a97,S900,GBP/CAD,2025-10-23 17:57:55,2025-10-23 18:12:55,1.8637,1.86398,1,0.41,USD,,,,,,,,,,,,,,,,,,,,,,,,,,,,,,,,,,,,,,,
call,0cda38f6-b0cb-485a-9188-6878ad4b22cd,S900,GBP/CHF,2025-10-23 17:58:00,2025-10-23 18:13:00,1.05973,1.05983,1,0.85,USD,,,,,,,,,,,,,,,,,,,,,,,,,,,,,,,,,,,,,,,
put,8a0203b7-13d8-4793-93b0-6f1873b690db,S900,GBP/JPY,2025-10-23 17:58:05,2025-10-23 18:13:05,203.435,203.533,1,-1.0,USD,,,,,,,,,,,,,,,,,,,,,,,,,,,,,,,,,,,,,,,
call,8123d5e8-907d-4693-9812-a149696e6bdf,S900,USD/CAD,2025-10-23 17:58:17,2025-10-23 18:13:17,1.39915,1.39931,1,0.83,USD,,,,,,,,,,,,,,,,,,,,,,,,,,,,,,,,,,,,,,,
call,8210aea5-ddfb-4a5c-a299-7d7b4811633d,S900,USD/CAD,2025-10-23 17:58:17,2025-10-23 18:13:17,1.39915,1.39931,1,0.83,USD,,,,,,,,,,,,,,,,,,,,,,,,,,,,,,,,,,,,,,,
call,1d74310e-53ce-4910-9e86-089351510b82,S900,USD/CHF,2025-10-23 17:58:19,2025-10-23 18:13:19,0.79546,0.79538,1,-1.0,USD,,,,,,,,,,,,,,,,,,,,,,,,,,,,,,,,,,,,,,,
call,36b2f3e9-7083-4862-8f41-6e237fcb0412,S900,AUD/CAD,2025-10-23 18:12:36,2025-10-23 18:27:36,0.9116,0.91133,1,-1.0,USD,,,,,,,,,,,,,,,,,,,,,,,,,,,,,,,,,,,,,,,
call,d8bfdd50-2e7c-4c02-8e1a-83e2c4fb3184,S900,AUD/CHF,2025-10-23 18:12:41,2025-10-23 18:27:41,0.51826,0.51799,1,-1.0,USD,,,,,,,,,,,,,,,,,,,,,,,,,,,,,,,,,,,,,,,
put,8964013a-0f26-489a-aba1-b6da2f4419f4,S900,AUD/JPY,2025-10-23 18:12:46,2025-10-23 18:27:46,99.531,99.469,1,0.85,USD,,,,,,,,,,,,,,,,,,,,,,,,,,,,,,,,,,,,,,,
call,b6700707-e06b-4e34-b8e1-cc2ca20cdca3,S900,AUD/USD,2025-10-23 18:12:50,2025-10-23 18:27:50,0.65153,0.65138,1,-1.0,USD,,,,,,,,,,,,,,,,,,,,,,,,,,,,,,,,,,,,,,,
call,c655e694-dee6-4f11-b43f-220b331b49a0,S900,CAD/CHF,2025-10-23 18:12:59,2025-10-23 18:27:59,0.56851,0.56834,1,-1.0,USD,,,,,,,,,,,,,,,,,,,,,,,,,,,,,,,,,,,,,,,
put,b58e00d4-22bb-47f3-b84f-61c836e238b0,S900,EUR/AUD,2025-10-23 18:13:06,2025-10-23 18:28:06,1.78238,1.78302,1,-1.0,USD,,,,,,,,,,,,,,,,,,,,,,,,,,,,,,,,,,,,,,,
put,13ed0afb-2490-4458-97c5-3db2af5329a1,S900,EUR/CAD,2025-10-23 18:13:14,2025-10-23 18:28:14,1.62491,1.62499,1,-1.0,USD,,,,,,,,,,,,,,,,,,,,,,,,,,,,,,,,,,,,,,,
call,bfc7359d-74cb-4f19-9092-d12e1aa615be,S900,EUR/USD,2025-10-23 18:13:31,2025-10-23 18:28:31,1.16147,1.16137,1,-1.0,USD,,,,,,,,,,,,,,,,,,,,,,,,,,,,,,,,,,,,,,,
put,88657683-21df-409c-9eea-4abef1e36a96,S900,GBP/AUD,2025-10-23 18:13:36,2025-10-23 18:28:36,2.04477,2.04447,1,0.67,USD,,,,,,,,,,,,,,,,,,,,,,,,,,,,,,,,,,,,,,,
put,308419d2-082f-4060-be20-744d328e8943,S900,GBP/CAD,2025-10-23 18:13:41,2025-10-23 18:28:41,1.86412,1.86337,1,0.44,USD,,,,,,,,,,,,,,,,,,,,,,,,,,,,,,,,,,,,,,,
put,d5baf020-4433-4b0a-be96-4ed43a2f8773,S900,GBP/CHF,2025-10-23 18:13:45,2025-10-23 18:28:45,1.0598,1.05918,1,0.76,USD,,,,,,,,,,,,,,,,,,,,,,,,,,,,,,,,,,,,,,,
put,187052cb-4943-4d3e-a993-398a1c30b9c7,S900,GBP/JPY,2025-10-23 18:13:50,2025-10-23 18:28:50,203.539,203.372,1,0.86,USD,,,,,,,,,,,,,,,,,,,,,,,,,,,,,,,,,,,,,,,
call,38618409-ea3a-4f27-9e4f-d9f2fbbdab7f,S900,GBP/USD,2025-10-23 18:13:54,2025-10-23 18:28:54,1.3325,1.33177,1,-1.0,USD,,,,,,,,,,,,,,,,,,,,,,,,,,,,,,,,,,,,,,,
put,9e4d83d1-ff51-4fcd-8b6e-351626714a8e,S900,USD/CAD,2025-10-23 18:13:59,2025-10-23 18:28:59,1.39916,1.39936,1,-1.0,USD,,,,,,,,,,,,,,,,,,,,,,,,,,,,,,,,,,,,,,,
put,9287a81f-268a-4465-87d0-ee5011f2b239,S900,USD/CHF,2025-10-23 18:14:04,2025-10-23 18:29:04,0.79536,0.7953,1,0.82,USD,,,,,,,,,,,,,,,,,,,,,,,,,,,,,,,,,,,,,,,
call,784552eb-beae-4f2a-bfa8-7b89d0218387,S900,AUD/CAD,2025-10-23 18:28:18,2025-10-23 18:43:18,0.91135,0.9114,1,0.87,USD,,,,,,,,,,,,,,,,,,,,,,,,,,,,,,,,,,,,,,,
call,f1860deb-a391-47ec-9317-a5e4b511cc6d,S900,AUD/CHF,2025-10-23 18:28:22,2025-10-23 18:43:22,0.518,0.518,1,0.0,USD,,,,,,,,,,,,,,,,,,,,,,,,,,,,,,,,,,,,,,,
call,3dfbfa55-9208-4fa4-ae8b-dc1104b5c9e1,S900,AUD/JPY,2025-10-23 18:28:27,2025-10-23 18:43:27,99.463,99.449,1,-1.0,USD,,,,,,,,,,,,,,,,,,,,,,,,,,,,,,,,,,,,,,,
call,6cf36092-93f4-4ba4-b882-e54b278bb3d8,S900,AUD/USD,2025-10-23 18:28:32,2025-10-23 18:43:32,0.65133,0.65127,1,-1.0,USD,,,,,,,,,,,,,,,,,,,,,,,,,,,,,,,,,,,,,,,
call,f78828cf-00ff-4ce3-99de-a68959b5e8a3,S900,CAD/JPY,2025-10-23 18:28:37,2025-10-23 18:43:37,109.135,109.109,1,-1.0,USD,,,,,,,,,,,,,,,,,,,,,,,,,,,,,,,,,,,,,,,
put,a019e7e8-ef5a-4f15-8b47-29b2ac35ae51,S900,CAD/CHF,2025-10-23 18:28:41,2025-10-23 18:43:41,0.56837,0.56837,1,0.0,USD,,,,,,,,,,,,,,,,,,,,,,,,,,,,,,,,,,,,,,,
call,e45a3fca-6103-4751-a499-cdf2e8c76d12,S900,CHF/JPY,2025-10-23 18:28:46,2025-10-23 18:43:46,191.991,191.929,1,-1.0,USD,,,,,,,,,,,,,,,,,,,,,,,,,,,,,,,,,,,,,,,
call,62cc1117-2950-4487-ae72-93d8e8ea9bd2,S900,EUR/CAD,2025-10-23 18:28:50,2025-10-23 18:43:50,1.62494,1.62487,1,-1.0,USD,,,,,,,,,,,,,,,,,,,,,,,,,,,,,,,,,,,,,,,
call,5ff199f2-62f6-4639-8b9f-aeb05e24639a,S900,EUR/CHF,2025-10-23 18:28:55,2025-10-23 18:43:55,0.92368,0.92359,1,-1.0,USD,,,,,,,,,,,,,,,,,,,,,,,,,,,,,,,,,,,,,,,
put,0be82afb-2a89-4930-bca3-c7bb7591a147,S900,EUR/GBP,2025-10-23 18:29:00,2025-10-23 18:44:00,0.87202,0.87169,1,0.89,USD,,,,,,,,,,,,,,,,,,,,,,,,,,,,,,,,,,,,,,,
call,4f488cd8-3acf-4f7a-99c3-44053de2bd8a,S900,EUR/JPY,2025-10-23 18:29:05,2025-10-23 18:44:05,177.352,177.288,1,-1.0,USD,,,,,,,,,,,,,,,,,,,,,,,,,,,,,,,,,,,,,,,
call,def163cd-006b-47f5-ae56-b57526179359,S900,GBP/USD,2025-10-23 18:29:38,2025-10-23 18:44:38,1.33183,1.33181,1,-1.0,USD,,,,,,,,,,,,,,,,,,,,,,,,,,,,,,,,,,,,,,,
put,e057f0f9-04ff-4176-b75f-fde27d0544f3,S900,USD/CHF,2025-10-23 18:29:43,2025-10-23 18:44:43,0.79525,0.79547,1,-1.0,USD,,,,,,,,,,,,,,,,,,,,,,,,,,,,,,,,,,,,,,,
put,a6e2d74c-6d50-4ce7-9b75-563efb7ce4fa,S900,AUD/CAD,2025-10-23 18:43:55,2025-10-23 18:58:55,0.91144,0.91134,1,0.87,USD,,,,,,,,,,,,,,,,,,,,,,,,,,,,,,,,,,,,,,,
put,9dc12057-75d7-4e31-a3cd-39c5575cc5be,S900,AUD/CHF,2025-10-23 18:44:00,2025-10-23 18:59:00,0.51802,0.51807,1,-1.0,USD,,,,,,,,,,,,,,,,,,,,,,,,,,,,,,,,,,,,,,,
call,e1318655-2652-4660-912b-d60e30e635c9,S900,AUD/USD,2025-10-23 18:44:07,2025-10-23 18:59:07,0.65129,0.65112,1,-1.0,USD,,,,,,,,,,,,,,,,,,,,,,,,,,,,,,,,,,,,,,,
call,3f31fd6d-17af-41c5-a997-f7fe1633d2b1,S900,CAD/JPY,2025-10-23 18:44:12,2025-10-23 18:59:12,109.11,109.111,1,0.55,USD,,,,,,,,,,,,,,,,,,,,,,,,,,,,,,,,,,,,,,,
put,005fe93a-a550-42b5-bf7e-3734968939f5,S900,CAD/CHF,2025-10-23 18:44:17,2025-10-23 18:59:17,0.5684,0.56842,1,-1.0,USD,,,,,,,,,,,,,,,,,,,,,,,,,,,,,,,,,,,,,,,
call,5c0f8723-e702-464f-aa82-0ec648386bb5,S900,CHF/JPY,2025-10-23 18:44:22,2025-10-23 18:59:22,191.948,191.932,1,-1.0,USD,,,,,,,,,,,,,,,,,,,,,,,,,,,,,,,,,,,,,,,
call,9c855a9c-1810-4683-8713-ea95684069d3,S900,EUR/AUD,2025-10-23 18:44:26,2025-10-23 18:59:26,1.78259,1.78244,1,-1.0,USD,,,,,,,,,,,,,,,,,,,,,,,,,,,,,,,,,,,,,,,
call,2e2a58b7-ca92-4527-a3de-35ef2b6c921c,S900,EUR/CAD,2025-10-23 18:44:31,2025-10-23 18:59:31,1.6247,1.62445,1,-1.0,USD,,,,,,,,,,,,,,,,,,,,,,,,,,,,,,,,,,,,,,,
call,c643f9d0-51dc-436c-8ca9-caeb6554541d,S900,EUR/CHF,2025-10-23 18:44:35,2025-10-23 18:59:35,0.9236,0.92349,1,-1.0,USD,,,,,,,,,,,,,,,,,,,,,,,,,,,,,,,,,,,,,,,
call,d7da3e38-5f14-45d4-8db4-53ae27a4b917,S900,EUR/GBP,2025-10-23 18:44:40,2025-10-23 18:59:40,0.87171,0.87182,1,0.89,USD,,,,,,,,,,,,,,,,,,,,,,,,,,,,,,,,,,,,,,,
call,dadb0cf0-f36b-45b3-81ff-5f833da26a5f,S900,EUR/JPY,2025-10-23 18:44:45,2025-10-23 18:59:45,177.311,177.253,1,-1.0,USD,,,,,,,,,,,,,,,,,,,,,,,,,,,,,,,,,,,,,,,
call,dcca59e5-a5cf-4cd5-930e-1589e77afcc0,S900,EUR/USD,2025-10-23 18:44:49,2025-10-23 18:59:49,1.16103,1.16065,1,-1.0,USD,,,,,,,,,,,,,,,,,,,,,,,,,,,,,,,,,,,,,,,
call,60a9e4ca-1ea6-4003-ab5d-726c82c4db97,S900,GBP/AUD,2025-10-23 18:44:54,2025-10-23 18:59:54,2.04487,2.04425,1,-1.0,USD,,,,,,,,,,,,,,,,,,,,,,,,,,,,,,,,,,,,,,,
call,e99c4c53-5829-49bd-8c9b-da11749c63f0,S900,GBP/CAD,2025-10-23 18:44:59,2025-10-23 18:59:59,1.8638,1.86314,1,-1.0,USD,,,,,,,,,,,,,,,,,,,,,,,,,,,,,,,,,,,,,,,
put,1d48dcfd-8bf4-48ad-ac5d-32c45cf8d693,S900,GBP/CHF,2025-10-23 18:45:03,2025-10-23 19:00:03,1.05944,1.05916,1,0.87,USD,,,,,,,,,,,,,,,,,,,,,,,,,,,,,,,,,,,,,,,
call,6a8f47aa-21f2-4ee7-ae25-85f1287ed63c,S900,GBP/JPY,2025-10-23 18:45:08,2025-10-23 19:00:08,203.391,203.299,1,-1.0,USD,,,,,,,,,,,,,,,,,,,,,,,,,,,,,,,,,,,,,,,
call,96aed8e5-1871-4b19-b196-ae50df0f7a49,S900,GBP/USD,2025-10-23 18:45:13,2025-10-23 19:00:13,1.33186,1.33116,1,-1.0,USD,,,,,,,,,,,,,,,,,,,,,,,,,,,,,,,,,,,,,,,
put,ec719436-6b2c-4056-8f50-8056e17b198d,S900,USD/CAD,2025-10-23 18:45:20,2025-10-23 19:00:20,1.39959,1.39982,1,-1.0,USD,,,,,,,,,,,,,,,,,,,,,,,,,,,,,,,,,,,,,,,
put,50e75c24-23f9-45f6-a87e-34d2c745c114,S900,USD/CHF,2025-10-23 18:45:25,2025-10-23 19:00:25,0.79543,0.79566,1,-1.0,USD,,,,,,,,,,,,,,,,,,,,,,,,,,,,,,,,,,,,,,,
put,782eea18-7a30-4f6b-b8f5-18546d8f6a80,S900,AUD/CAD,2025-10-23 18:59:41,2025-10-23 19:14:41,0.91133,0.91126,1,0.87,USD,,,,,,,,,,,,,,,,,,,,,,,,,,,,,,,,,,,,,,,
put,92263bc7-da88-4c50-bc02-af31bc06b7b3,S900,AUD/CHF,2025-10-23 18:59:46,2025-10-23 19:14:46,0.51807,0.5181,1,-1.0,USD,,,,,,,,,,,,,,,,,,,,,,,,,,,,,,,,,,,,,,,
put,e8672019-ba0e-48af-955e-ef2a40936608,S900,AUD/JPY,2025-10-23 18:59:50,2025-10-23 19:14:50,99.441,99.42,1,0.89,USD,,,,,,,,,,,,,,,,,,,,,,,,,,,,,,,,,,,,,,,
call,c444ac42-f651-423e-be85-cf100a2858b5,S900,AUD/USD,2025-10-23 18:59:55,2025-10-23 19:14:55,0.65113,0.65099,1,-1.0,USD,,,,,,,,,,,,,,,,,,,,,,,,,,,,,,,,,,,,,,,
call,95559b8f-6593-4ba1-9ab4-c13916f8740a,S900,CAD/CHF,2025-10-23 19:00:06,2025-10-23 19:15:06,0.56844,0.56854,1,0.66,USD,,,,,,,,,,,,,,,,,,,,,,,,,,,,,,,,,,,,,,,
put,b72f91e0-65aa-49b5-b7cd-e05e9909efb0,S900,CHF/JPY,2025-10-23 19:00:11,2025-10-23 19:15:11,191.908,191.886,1,0.84,USD,,,,,,,,,,,,,,,,,,,,,,,,,,,,,,,,,,,,,,,
call,a56aa108-e84b-4ece-a71b-4a4f50ed1feb,S900,EUR/AUD,2025-10-23 19:00:15,2025-10-23 19:15:15,1.78242,1.78263,1,0.83,USD,,,,,,,,,,,,,,,,,,,,,,,,,,,,,,,,,,,,,,,
call,acf92001-ff55-4b41-993f-01569bc5b9ac,S900,EUR/CHF,2025-10-23 19:00:23,2025-10-23 19:15:23,0.92353,0.92376,1,0.92,USD,,,,,,,,,,,,,,,,,,,,,,,,,,,,,,,,,,,,,,,
put,d2eecd22-cc81-4d4b-a1c2-45fa45980fdd,S900,EUR/GBP,2025-10-23 19:00:27,2025-10-23 19:15:27,0.87185,0.872,1,-1.0,USD,,,,,,,,,,,,,,,,,,,,,,,,,,,,,,,,,,,,,,,
call,e7cfc73c-5d04-4339-99aa-c6e229e98526,S900,EUR/JPY,2025-10-23 19:00:32,2025-10-23 19:15:32,177.246,177.256,1,0.81,USD,,,,,,,,,,,,,,,,,,,,,,,,,,,,,,,,,,,,,,,
call,8fd1ea74-4699-4b8e-b263-e77dc5e03283,S900,EUR/USD,2025-10-23 19:00:37,2025-10-23 19:15:37,1.16064,1.16065,1,0.89,USD,,,,,,,,,,,,,,,,,,,,,,,,,,,,,,,,,,,,,,,
call,57ab8e03-d16c-4cf9-9274-5c4a20cd565f,S900,GBP/AUD,2025-10-23 19:00:42,2025-10-23 19:15:42,2.04423,2.04438,1,0.82,USD,,,,,,,,,,,,,,,,,,,,,,,,,,,,,,,,,,,,,,,
call,8e204d4a-ef23-42bd-b3e5-96a4e790ac05,S900,GBP/CAD,2025-10-23 19:00:50,2025-10-23 19:15:50,1.86318,1.8631,1,-1.0,USD,,,,,,,,,,,,,,,,,,,,,,,,,,,,,,,,,,,,,,,
call,d2de6bb6-253b-405f-b87b-57b93283a7b8,S900,GBP/CHF,2025-10-23 19:00:54,2025-10-23 19:15:54,1.05918,1.0592,1,0.81,USD,,,,,,,,,,,,,,,,,,,,,,,,,,,,,,,,,,,,,,,
call,581e31ff-55d5-4445-9fff-7492d195ab4a,S900,GBP/JPY,2025-10-23 19:00:59,2025-10-23 19:15:59,203.302,203.258,1,-1.0,USD,,,,,,,,,,,,,,,,,,,,,,,,,,,,,,,,,,,,,,,
call,eccab114-46bb-4903-95d5-9656b1a05f92,S900,GBP/USD,2025-10-23 19:01:07,2025-10-23 19:16:07,1.33126,1.3309,1,-1.0,USD,,,,,,,,,,,,,,,,,,,,,,,,,,,,,,,,,,,,,,,
call,2cee6833-1147-4e3d-b2cb-bdabe33d2715,S900,USD/CAD,2025-10-23 19:01:11,2025-10-23 19:16:11,1.39978,1.40005,1,0.81,USD,,,,,,,,,,,,,,,,,,,,,,,,,,,,,,,,,,,,,,,
put,a07fb406-6495-450f-a721-397987a69025,S900,USD/CHF,2025-10-23 19:01:16,2025-10-23 19:16:16,0.79568,0.79586,1,-1.0,USD,,,,,,,,,,,,,,,,,,,,,,,,,,,,,,,,,,,,,,,
put,51014854-c566-4cc7-98cd-1c2cc5cc734f,S900,AUD/CAD,2025-10-23 19:15:29,2025-10-23 19:30:29,0.91126,0.911,1,0.76,USD,,,,,,,,,,,,,,,,,,,,,,,,,,,,,,,,,,,,,,,
put,de23dad7-ca6e-4c29-93ea-828347b1aafe,S900,AUD/CHF,2025-10-23 19:15:34,2025-10-23 19:30:34,0.51809,0.51804,1,0.82,USD,,,,,,,,,,,,,,,,,,,,,,,,,,,,,,,,,,,,,,,
put,135f482f-4009-4b2d-9408-6d8a6b30388d,S900,AUD/JPY,2025-10-23 19:15:39,2025-10-23 19:30:39,99.418,99.41,1,0.83,USD,,,,,,,,,,,,,,,,,,,,,,,,,,,,,,,,,,,,,,,
put,000c2e0e-a666-47bd-bd3b-a0c7b763b95a,S900,CAD/JPY,2025-10-23 19:15:46,2025-10-23 19:30:46,109.099,109.109,1,-1.0,USD,,,,,,,,,,,,,,,,,,,,,,,,,,,,,,,,,,,,,,,
put,33c7d3da-fc0e-4327-b420-3b0077703a42,S900,CAD/CHF,2025-10-23 19:15:51,2025-10-23 19:30:51,0.5685,0.56864,1,-1.0,USD,,,,,,,,,,,,,,,,,,,,,,,,,,,,,,,,,,,,,,,
put,d67330f2-9b7e-4ef3-81f7-f6355a4dcfc4,S900,CHF/JPY,2025-10-23 19:15:56,2025-10-23 19:30:56,191.874,191.853,1,0.79,USD,,,,,,,,,,,,,,,,,,,,,,,,,,,,,,,,,,,,,,,
put,a83e73d7-8c59-4b72-977f-ff60d71dbc82,S900,EUR/CAD,2025-10-23 19:16:04,2025-10-23 19:31:04,1.62469,1.62452,1,0.81,USD,,,,,,,,,,,,,,,,,,,,,,,,,,,,,,,,,,,,,,,
put,9a8c0be8-7f6f-48f5-b6d6-601de9018e30,S900,EUR/CHF,2025-10-23 19:16:11,2025-10-23 19:31:11,0.92375,0.92389,1,-1.0,USD,,,,,,,,,,,,,,,,,,,,,,,,,,,,,,,,,,,,,,,
put,ed6782fb-aebe-480d-92b2-5e6da2272c2f,S900,EUR/GBP,2025-10-23 19:16:16,2025-10-23 19:31:16,0.87201,0.87174,1,0.76,USD,,,,,,,,,,,,,,,,,,,,,,,,,,,,,,,,,,,,,,,
put,c8b7d367-8dd3-4a05-a90b-5b863e94e688,S900,EUR/JPY,2025-10-23 19:16:21,2025-10-23 19:31:21,177.253,177.267,1,-1.0,USD,,,,,,,,,,,,,,,,,,,,,,,,,,,,,,,,,,,,,,,
put,47e34790-83a9-44bf-8880-38e5bfef9435,S900,EUR/USD,2025-10-23 19:16:25,2025-10-23 19:31:25,1.16065,1.16062,1,0.89,USD,,,,,,,,,,,,,,,,,,,,,,,,,,,,,,,,,,,,,,,
call,e87ef9f9-125e-4620-81c9-7d6fde664e5e,S900,GBP/AUD,2025-10-23 19:16:30,2025-10-23 19:31:30,2.0446,2.04521,1,0.7,USD,,,,,,,,,,,,,,,,,,,,,,,,,,,,,,,,,,,,,,,
call,5c49a03f-0ff6-4a80-9a4f-e53b5b166d6f,S900,GBP/CHF,2025-10-23 19:16:38,2025-10-23 19:31:38,1.05919,1.05983,1,0.81,USD,,,,,,,,,,,,,,,,,,,,,,,,,,,,,,,,,,,,,,,
call,d50e289e-eb9a-4427-8e7b-9197981e7a1c,S900,GBP/JPY,2025-10-23 19:16:42,2025-10-23 19:31:42,203.25,203.362,1,0.68,USD,,,,,,,,,,,,,,,,,,,,,,,,,,,,,,,,,,,,,,,
call,d66f0756-2905-4f20-949b-a847958c08d2,S900,GBP/USD,2025-10-23 19:16:47,2025-10-23 19:31:47,1.33097,1.33147,1,0.81,USD,,,,,,,,,,,,,,,,,,,,,,,,,,,,,,,,,,,,,,,
put,b98da958-c907-413e-a8ad-47250d32be8d,S900,USD/CAD,2025-10-23 19:16:52,2025-10-23 19:31:52,1.40014,1.3999,1,0.81,USD,,,,,,,,,,,,,,,,,,,,,,,,,,,,,,,,,,,,,,,
put,3af06006-5b6b-44b0-95dc-afe3be864b25,S900,USD/CHF,2025-10-23 19:17:03,2025-10-23 19:32:03,0.79577,0.79595,1,-1.0,USD,,,,,,,,,,,,,,,,,,,,,,,,,,,,,,,,,,,,,,,
call,49848f86-0596-44dc-ba16-5366d3589f16,S900,AUD/CAD,2025-10-23 19:31:19,2025-10-23 19:46:19,0.91104,0.91187,1,0.76,USD,,,,,,,,,,,,,,,,,,,,,,,,,,,,,,,,,,,,,,,
put,0b977f1d-ff08-4206-9595-c8a8eb19fd4c,S900,AUD/CHF,2025-10-23 19:31:23,2025-10-23 19:46:23,0.5181,0.51858,1,-1.0,USD,,,,,,,,,,,,,,,,,,,,,,,,,,,,,,,,,,,,,,,
put,f3fd401d-2191-4c2f-8398-7a9a11e80cd7,S900,AUD/JPY,2025-10-23 19:31:28,2025-10-23 19:46:28,99.416,99.496,1,-1.0,USD,,,,,,,,,,,,,,,,,,,,,,,,,,,,,,,,,,,,,,,
put,94f37300-2813-4752-8eb1-3259c88f02de,S900,CAD/JPY,2025-10-23 19:31:36,2025-10-23 19:46:36,109.113,109.106,1,0.67,USD,,,,,,,,,,,,,,,,,,,,,,,,,,,,,,,,,,,,,,,
put,ef12478c-77d7-4270-b66a-95a7f38f2800,S900,CAD/CHF,2025-10-23 19:31:41,2025-10-23 19:46:41,0.56865,0.56867,1,-1.0,USD,,,,,,,,,,,,,,,,,,,,,,,,,,,,,,,,,,,,,,,
call,9037d7d5-379c-4c65-bb57-c1cc0440fc5c,S900,CHF/JPY,2025-10-23 19:31:46,2025-10-23 19:46:46,191.856,191.83,1,-1.0,USD,,,,,,,,,,,,,,,,,,,,,,,,,,,,,,,,,,,,,,,
call,2865d3bd-91b6-4443-82d7-ccd7b48d2716,S900,EUR/AUD,2025-10-23 19:31:50,2025-10-23 19:46:50,1.78301,1.78122,1,-1.0,USD,,,,,,,,,,,,,,,,,,,,,,,,,,,,,,,,,,,,,,,
call,5b03fa42-b1aa-4187-843a-b230b8a2e1d7,S900,EUR/CAD,2025-10-23 19:32:04,2025-10-23 19:47:04,1.62453,1.62445,1,-1.0,USD,,,,,,,,,,,,,,,,,,,,,,,,,,,,,,,,,,,,,,,
call,ee707051-520e-45d1-a357-6c20bd0b399e,S900,EUR/GBP,2025-10-23 19:32:16,2025-10-23 19:47:16,0.87167,0.87158,1,-1.0,USD,,,,,,,,,,,,,,,,,,,,,,,,,,,,,,,,,,,,,,,
put,c7dd2287-544f-42f6-ae24-9fe45a248007,S900,EUR/JPY,2025-10-23 19:32:21,2025-10-23 19:47:21,177.272,177.239,1,0.81,USD,,,,,,,,,,,,,,,,,,,,,,,,,,,,,,,,,,,,,,,
call,f11cce0f-2232-4c39-a9b1-e2cee67d5dc6,S900,EUR/USD,2025-10-23 19:32:25,2025-10-23 19:47:25,1.16066,1.16103,1,0.89,USD,,,,,,,,,,,,,,,,,,,,,,,,,,,,,,,,,,,,,,,
put,751e8761-f1b2-428c-b720-44013cccbcea,S900,GBP/AUD,2025-10-23 19:32:30,2025-10-23 19:47:30,2.04514,2.0435,1,0.62,USD,,,,,,,,,,,,,,,,,,,,,,,,,,,,,,,,,,,,,,,
put,ee761e6e-c7bc-474a-8263-016fc55e14bb,S900,GBP/CAD,2025-10-23 19:32:35,2025-10-23 19:47:35,1.86353,1.86357,1,-1.0,USD,,,,,,,,,,,,,,,,,,,,,,,,,,,,,,,,,,,,,,,
call,75932ee7-bbc4-4e0c-b8ea-5e9a17bbbdf1,S900,GBP/CHF,2025-10-23 19:32:39,2025-10-23 19:47:39,1.05975,1.05972,1,-1.0,USD,,,,,,,,,,,,,,,,,,,,,,,,,,,,,,,,,,,,,,,
put,ba5f55f1-c45b-4fe8-9369-9d107e528cec,S900,GBP/JPY,2025-10-23 19:32:44,2025-10-23 19:47:44,203.359,203.309,1,0.69,USD,,,,,,,,,,,,,,,,,,,,,,,,,,,,,,,,,,,,,,,
put,96233296-b316-4f4f-bc57-16234bf86032,S900,GBP/USD,2025-10-23 19:32:48,2025-10-23 19:47:48,1.33147,1.33196,1,-1.0,USD,,,,,,,,,,,,,,,,,,,,,,,,,,,,,,,,,,,,,,,
call,eca4ae57-1587-45c6-a6c4-8d631850c4ee,S900,USD/CAD,2025-10-23 19:32:53,2025-10-23 19:47:53,1.39981,1.3992,1,-1.0,USD,,,,,,,,,,,,,,,,,,,,,,,,,,,,,,,,,,,,,,,
put,a8d7beca-5e4e-4d95-a3ae-490da4e9ca8c,S900,AUD/CAD,2025-10-23 19:47:09,2025-10-23 20:02:09,0.91185,0.91162,1,0.68,USD,,,,,,,,,,,,,,,,,,,,,,,,,,,,,,,,,,,,,,,
call,8e3a42a3-075c-4608-b1f9-5b0ace7f611a,S900,AUD/CHF,2025-10-23 19:47:14,2025-10-23 20:02:14,0.51853,0.51828,1,-1.0,USD,,,,,,,,,,,,,,,,,,,,,,,,,,,,,,,,,,,,,,,
put,2860fcce-0ea0-4ed5-af09-57693fffb347,S900,AUD/JPY,2025-10-23 19:47:19,2025-10-23 20:02:19,99.484,99.426,1,0.8,USD,,,,,,,,,,,,,,,,,,,,,,,,,,,,,,,,,,,,,,,
put,55844c13-1b1f-4795-b5cb-10f87f695d8b,S900,AUD/USD,2025-10-23 19:47:23,2025-10-23 20:02:23,0.65172,0.65149,1,0.84,USD,,,,,,,,,,,,,,,,,,,,,,,,,,,,,,,,,,,,,,,
call,dc571138-d9f7-4666-b4e6-1509cc869de1,S900,CAD/JPY,2025-10-23 19:47:28,2025-10-23 20:02:28,109.097,109.056,1,-1.0,USD,,,,,,,,,,,,,,,,,,,,,,,,,,,,,,,,,,,,,,,
put,cf0b041f-2678-4e80-b5d5-1033041b888d,S900,CAD/CHF,2025-10-23 19:47:33,2025-10-23 20:02:33,0.56862,0.56849,1,0.89,USD,,,,,,,,,,,,,,,,,,,,,,,,,,,,,,,,,,,,,,,
call,d33f5eb4-e9ed-4f0f-b15a-1a71c88efd51,S900,CHF/JPY,2025-10-23 19:47:38,2025-10-23 20:02:38,191.828,191.822,1,-1.0,USD,,,,,,,,,,,,,,,,,,,,,,,,,,,,,,,,,,,,,,,
call,b35e78cd-ced9-4a5a-a1ee-5bd0a171cb67,S900,EUR/AUD,2025-10-23 19:47:42,2025-10-23 20:02:42,1.78142,1.78201,1,0.78,USD,,,,,,,,,,,,,,,,,,,,,,,,,,,,,,,,,,,,,,,
put,420d7aba-dc10-47b9-9e60-e545a5134bc1,S900,EUR/CAD,2025-10-23 19:47:47,2025-10-23 20:02:47,1.62431,1.62463,1,-1.0,USD,,,,,,,,,,,,,,,,,,,,,,,,,,,,,,,,,,,,,,,
call,280f40cf-46b1-43d4-8405-5e66e1d8498b,S900,EUR/CHF,2025-10-23 19:47:52,2025-10-23 20:02:52,0.92377,0.92364,1,-1.0,USD,,,,,,,,,,,,,,,,,,,,,,,,,,,,,,,,,,,,,,,
call,0e7a9449-73f5-45b2-94c9-21e1900f20be,S900,EUR/JPY,2025-10-23 19:47:56,2025-10-23 20:02:56,177.23,177.19,1,-1.0,USD,,,,,,,,,,,,,,,,,,,,,,,,,,,,,,,,,,,,,,,
put,d93d71d4-fd07-472b-b431-10f984fc8713,S900,EUR/USD,2025-10-23 19:48:04,2025-10-23 20:03:04,1.16103,1.16104,1,-1.0,USD,,,,,,,,,,,,,,,,,,,,,,,,,,,,,,,,,,,,,,,
call,f919542f-343d-4ff9-beda-7d6d78e3cfcb,S900,GBP/AUD,2025-10-23 19:48:08,2025-10-23 20:03:08,2.04359,2.04362,1,0.64,USD,,,,,,,,,,,,,,,,,,,,,,,,,,,,,,,,,,,,,,,
call,3a9b2799-6158-41ff-a475-79e39c210f31,S900,GBP/CHF,2025-10-23 19:48:16,2025-10-23 20:03:16,1.05973,1.05929,1,-1.0,USD,,,,,,,,,,,,,,,,,,,,,,,,,,,,,,,,,,,,,,,
call,955779a7-91f9-4621-a69e-2afc438d20e8,S900,GBP/JPY,2025-10-23 19:48:21,2025-10-23 20:03:21,203.323,203.217,1,-1.0,USD,,,,,,,,,,,,,,,,,,,,,,,,,,,,,,,,,,,,,,,
put,88a2bc8c-96f1-4a1f-b61c-50d340de2a9e,S900,GBP/USD,2025-10-23 19:48:26,2025-10-23 20:03:26,1.33195,1.3316,1,0.81,USD,,,,,,,,,,,,,,,,,,,,,,,,,,,,,,,,,,,,,,,
call,2c2d1f8d-92ff-4477-bc50-74d30823db43,S900,USD/CHF,2025-10-23 19:48:35,2025-10-23 20:03:35,0.79561,0.79554,1,-1.0,USD,,,,,,,,,,,,,,,,,,,,,,,,,,,,,,,,,,,,,,,
call,ff14cf7d-5385-4d9f-81ea-d0a884152add,S900,AUD/CAD,2025-10-23 20:02:51,2025-10-23 20:17:51,0.91164,0.91163,1,-1.0,USD,,,,,,,,,,,,,,,,,,,,,,,,,,,,,,,,,,,,,,,
call,2e84e3a2-0c60-4fcf-a7f2-d256d8457c0c,S900,AUD/CHF,2025-10-23 20:02:55,2025-10-23 20:17:55,0.51829,0.51838,1,0.88,USD,,,,,,,,,,,,,,,,,,,,,,,,,,,,,,,,,,,,,,,
call,41446d16-0f8a-4f01-a2e5-668816b71dd1,S900,AUD/JPY,2025-10-23 20:03:00,2025-10-23 20:18:00,99.431,99.462,1,0.69,USD,,,,,,,,,,,,,,,,,,,,,,,,,,,,,,,,,,,,,,,
call,490f3096-c448-471b-a556-b62d228e1db2,S900,AUD/USD,2025-10-23 20:03:05,2025-10-23 20:18:05,0.65151,0.65162,1,0.81,USD,,,,,,,,,,,,,,,,,,,,,,,,,,,,,,,,,,,,,,,
call,6285ee8e-805e-4e74-b0f0-4c16119c8b2a,S900,CAD/JPY,2025-10-23 20:03:10,2025-10-23 20:18:10,109.06,109.101,1,0.63,USD,,,,,,,,,,,,,,,,,,,,,,,,,,,,,,,,,,,,,,,
put,2042d5e5-adb8-4449-b84a-5c88eb673b76,S900,CAD/CHF,2025-10-23 20:03:14,2025-10-23 20:18:14,0.5685,0.56861,1,-1.0,USD,,,,,,,,,,,,,,,,,,,,,,,,,,,,,,,,,,,,,,,
put,87c00d87-c857-4a05-89f1-19ab5f949ba1,S900,CHF/JPY,2025-10-23 20:03:19,2025-10-23 20:18:19,191.825,191.856,1,-1.0,USD,,,,,,,,,,,,,,,,,,,,,,,,,,,,,,,,,,,,,,,
put,731cb367-a504-4e9b-90f9-ed59bc5e4b0c,S900,EUR/AUD,2025-10-23 20:03:24,2025-10-23 20:18:24,1.78193,1.78193,1,0.0,USD,,,,,,,,,,,,,,,,,,,,,,,,,,,,,,,,,,,,,,,
put,104cacdd-dc50-4e19-8daa-ac853804d11c,S900,EUR/CAD,2025-10-23 20:03:28,2025-10-23 20:18:28,1.62456,1.62456,1,0.0,USD,,,,,,,,,,,,,,,,,,,,,,,,,,,,,,,,,,,,,,,
put,d003ca2b-28bc-46b3-9bc4-0f9dabbce48f,S900,EUR/GBP,2025-10-23 20:03:36,2025-10-23 20:18:36,0.87186,0.87169,1,0.71,USD,,,,,,,,,,,,,,,,,,,,,,,,,,,,,,,,,,,,,,,
call,5fbb9b72-cbac-4773-a2a5-7bef301551ec,S900,EUR/JPY,2025-10-23 20:03:40,2025-10-23 20:18:40,177.197,177.249,1,0.76,USD,,,,,,,,,,,,,,,,,,,,,,,,,,,,,,,,,,,,,,,
put,aa7b0888-71c5-42ef-a23d-01be1db3f30a,S900,GBP/AUD,2025-10-23 20:03:45,2025-10-23 20:18:45,2.04368,2.04408,1,-1.0,USD,,,,,,,,,,,,,,,,,,,,,,,,,,,,,,,,,,,,,,,
call,f156bf50-3cca-44ff-b17c-423dddcde19a,S900,GBP/CAD,2025-10-23 20:03:53,2025-10-23 20:18:53,1.86324,1.86352,1,0.81,USD,,,,,,,,,,,,,,,,,,,,,,,,,,,,,,,,,,,,,,,
call,994de023-a0bd-42e3-abb6-867710f8394f,S900,GBP/CHF,2025-10-23 20:03:58,2025-10-23 20:18:58,1.05936,1.05966,1,0.91,USD,,,,,,,,,,,,,,,,,,,,,,,,,,,,,,,,,,,,,,,
call,a8380348-164e-40e7-bd6c-92b0a8c47adf,S900,GBP/JPY,2025-10-23 20:04:02,2025-10-23 20:19:02,203.226,203.307,1,0.71,USD,,,,,,,,,,,,,,,,,,,,,,,,,,,,,,,,,,,,,,,
call,c2192e42-4ae1-48fb-bb43-23edbdf6af6b,S900,GBP/USD,2025-10-23 20:04:07,2025-10-23 20:19:07,1.33164,1.33192,1,0.88,USD,,,,,,,,,,,,,,,,,,,,,,,,,,,,,,,,,,,,,,,
put,07f5f6a9-557e-4faf-b57b-8d50d0da2c4a,S900,USD/CAD,2025-10-23 20:04:12,2025-10-23 20:19:12,1.3994,1.39927,1,0.76,USD,,,,,,,,,,,,,,,,,,,,,,,,,,,,,,,,,,,,,,,
call,b091ea63-332f-4fb9-92ac-3f7c37f903a7,S900,USD/CHF,2025-10-23 20:04:16,2025-10-23 20:19:16,0.79553,0.79559,1,0.86,USD,,,,,,,,,,,,,,,,,,,,,,,,,,,,,,,,,,,,,,,
call,29f2dbd4-cd8d-4f47-af89-b1f8b202c4b7,S900,AUD/CAD,2025-10-23 20:18:32,2025-10-23 20:33:32,0.91167,0.91153,1,-1.0,USD,,,,,,,,,,,,,,,,,,,,,,,,,,,,,,,,,,,,,,,
put,1aff2d2e-01d2-468f-beff-8ba6501ce210,S900,AUD/CHF,2025-10-23 20:18:36,2025-10-23 20:33:36,0.51841,0.51833,1,0.88,USD,,,,,,,,,,,,,,,,,,,,,,,,,,,,,,,,,,,,,,,
put,f147dab3-033f-4c3e-b234-5ba724c97688,S900,AUD/JPY,2025-10-23 20:18:41,2025-10-23 20:33:41,99.464,99.422,1,0.79,USD,,,,,,,,,,,,,,,,,,,,,,,,,,,,,,,,,,,,,,,
call,2ed086e9-57e9-4e31-8e07-0f21d79fef0e,S900,AUD/USD,2025-10-23 20:18:45,2025-10-23 20:33:45,0.65164,0.65157,1,-1.0,USD,,,,,,,,,,,,,,,,,,,,,,,,,,,,,,,,,,,,,,,
put,b811a1f4-e80e-47fe-b6ed-5e7ac8de3c3d,S900,CAD/JPY,2025-10-23 20:18:50,2025-10-23 20:33:50,109.098,109.066,1,0.84,USD,,,,,,,,,,,,,,,,,,,,,,,,,,,,,,,,,,,,,,,
put,6c2ed85f-ab90-4d89-9660-a578059b6bfd,S900,CAD/CHF,2025-10-23 20:18:55,2025-10-23 20:33:55,0.56862,0.56863,1,-1.0,USD,,,,,,,,,,,,,,,,,,,,,,,,,,,,,,,,,,,,,,,
call,0a5d8ec7-6676-4cbe-b27e-37d050efa5a9,S900,EUR/CAD,2025-10-23 20:19:03,2025-10-23 20:34:03,1.6246,1.62487,1,0.91,USD,,,,,,,,,,,,,,,,,,,,,,,,,,,,,,,,,,,,,,,
put,f52c02ec-413c-49fd-a372-1227b58a686b,S900,EUR/CHF,2025-10-23 20:19:07,2025-10-23 20:34:07,0.92388,0.92403,1,-1.0,USD,,,,,,,,,,,,,,,,,,,,,,,,,,,,,,,,,,,,,,,
call,eea35237-69ab-41e4-8d0c-43ec672ed69d,S900,EUR/GBP,2025-10-23 20:19:12,2025-10-23 20:34:12,0.87178,0.87194,1,0.71,USD,,,,,,,,,,,,,,,,,,,,,,,,,,,,,,,,,,,,,,,
put,5ebac628-382c-4625-a19c-046d7bc89974,S900,EUR/JPY,2025-10-23 20:19:17,2025-10-23 20:34:17,177.243,177.233,1,0.76,USD,,,,,,,,,,,,,,,,,,,,,,,,,,,,,,,,,,,,,,,
put,dc7a7808-7591-4495-aa09-dd7304736004,S900,EUR/USD,2025-10-23 20:19:21,2025-10-23 20:34:21,1.16124,1.16145,1,-1.0,USD,,,,,,,,,,,,,,,,,,,,,,,,,,,,,,,,,,,,,,,
call,7339f469-d174-4c5c-bc2a-04e6cd9a9599,S900,GBP/AUD,2025-10-23 20:19:26,2025-10-23 20:34:26,2.04398,2.04399,1,0.76,USD,,,,,,,,,,,,,,,,,,,,,,,,,,,,,,,,,,,,,,,
call,2b3e131f-1c70-480c-8b87-58cd61e2f0a9,S900,GBP/CAD,2025-10-23 20:19:33,2025-10-23 20:34:33,1.86351,1.86345,1,-1.0,USD,,,,,,,,,,,,,,,,,,,,,,,,,,,,,,,,,,,,,,,
put,3d7a9185-11f8-4550-8204-491cc36b42b2,S900,GBP/CHF,2025-10-23 20:19:51,2025-10-23 20:34:51,1.05971,1.05961,1,0.91,USD,,,,,,,,,,,,,,,,,,,,,,,,,,,,,,,,,,,,,,,
put,6b750d2e-2ce7-4f96-aa26-fac7b9e8ff94,S900,GBP/JPY,2025-10-23 20:19:55,2025-10-23 20:34:55,203.315,203.254,1,0.71,USD,,,,,,,,,,,,,,,,,,,,,,,,,,,,,,,,,,,,,,,
put,12548af3-8985-46b6-b82b-5998f1e2859c,S900,GBP/USD,2025-10-23 20:20:00,2025-10-23 20:35:00,1.33197,1.33205,1,-1.0,USD,,,,,,,,,,,,,,,,,,,,,,,,,,,,,,,,,,,,,,,
call,392e52da-4b05-44a3-95f0-db1c96d9ea35,S900,USD/CAD,2025-10-23 20:20:05,2025-10-23 20:35:05,1.39924,1.3992,1,-1.0,USD,,,,,,,,,,,,,,,,,,,,,,,,,,,,,,,,,,,,,,,
put,20400b9c-5ec0-4c4a-8de7-872c857ae1f2,S900,USD/CHF,2025-10-23 20:20:12,2025-10-23 20:35:12,0.79561,0.79549,1,0.86,USD,,,,,,,,,,,,,,,,,,,,,,,,,,,,,,,,,,,,,,,
call,82ddec9d-eac0-457e-a6bd-a917838c9ce3,S900,AUD/CAD,2025-10-23 20:34:27,2025-10-23 20:49:27,0.91159,0.91138,1,-1.0,USD,,,,,,,,,,,,,,,,,,,,,,,,,,,,,,,,,,,,,,,
put,c01de287-c250-4005-abe2-125fde2c9011,S900,AUD/CHF,2025-10-23 20:34:32,2025-10-23 20:49:32,0.51836,0.51826,1,0.88,USD,,,,,,,,,,,,,,,,,,,,,,,,,,,,,,,,,,,,,,,
call,9f884973-89b3-4380-aa25-f9027c3dc1e5,S900,AUD/JPY,2025-10-23 20:34:35,2025-10-23 20:49:35,99.428,99.408,1,-1.0,USD,,,,,,,,,,,,,,,,,,,,,,,,,,,,,,,,,,,,,,,
call,afc4823a-4344-4843-9cbf-873151b7cf41,S900,AUD/USD,2025-10-23 20:34:41,2025-10-23 20:49:41,0.65161,0.65167,1,0.81,USD,,,,,,,,,,,,,,,,,,,,,,,,,,,,,,,,,,,,,,,
call,6cedd511-17c8-4ff3-b2bc-0caec5214f13,S900,CAD/JPY,2025-10-23 20:34:46,2025-10-23 20:49:46,109.067,109.069,1,0.86,USD,,,,,,,,,,,,,,,,,,,,,,,,,,,,,,,,,,,,,,,
call,21e0b3cc-64ca-4ffb-8822-c60ea4b170d2,S900,CHF/JPY,2025-10-23 20:34:53,2025-10-23 20:49:53,191.799,191.778,1,-1.0,USD,,,,,,,,,,,,,,,,,,,,,,,,,,,,,,,,,,,,,,,
put,ae3c0944-a45a-49a3-ab93-6214a8fc2b9e,S900,EUR/AUD,2025-10-23 20:34:58,2025-10-23 20:49:58,1.78241,1.78237,1,0.75,USD,,,,,,,,,,,,,,,,,,,,,,,,,,,,,,,,,,,,,,,
put,781fd502-1678-4647-97ac-4195ac9e09c3,S900,EUR/CAD,2025-10-23 20:35:03,2025-10-23 20:50:03,1.62497,1.62451,1,0.91,USD,,,,,,,,,,,,,,,,,,,,,,,,,,,,,,,,,,,,,,,
put,488ba42f-9bc3-4b92-9ae0-69d9252946f2,S900,EUR/CHF,2025-10-23 20:35:07,2025-10-23 20:50:07,0.92398,0.92388,1,0.71,USD,,,,,,,,,,,,,,,,,,,,,,,,,,,,,,,,,,,,,,,
put,81479c13-31d6-42c8-ae2b-20c211ba3d67,S900,EUR/GBP,2025-10-23 20:35:12,2025-10-23 20:50:12,0.87191,0.87184,1,0.71,USD,,,,,,,,,,,,,,,,,,,,,,,,,,,,,,,,,,,,,,,
put,bbb7b541-035d-4a2c-908e-079eaff8d45c,S900,EUR/JPY,2025-10-23 20:35:16,2025-10-23 20:50:16,177.226,177.195,1,0.76,USD,,,,,,,,,,,,,,,,,,,,,,,,,,,,,,,,,,,,,,,
put,d5745842-c6e8-4b4e-b65a-d0eaa9fc2618,S900,EUR/USD,2025-10-23 20:35:21,2025-10-23 20:50:21,1.16148,1.16158,1,-1.0,USD,,,,,,,,,,,,,,,,,,,,,,,,,,,,,,,,,,,,,,,
put,7d3b47b5-9743-4405-8e5b-20f00d64a441,S900,GBP/AUD,2025-10-23 20:35:26,2025-10-23 20:50:26,2.04417,2.04428,1,-1.0,USD,,,,,,,,,,,,,,,,,,,,,,,,,,,,,,,,,,,,,,,
put,865268ab-ceef-415f-ab5b-2c38304bcaf3,S900,GBP/CAD,2025-10-23 20:35:31,2025-10-23 20:50:31,1.86354,1.86326,1,0.81,USD,,,,,,,,,,,,,,,,,,,,,,,,,,,,,,,,,,,,,,,
put,950593d0-2c2d-49df-8465-b85dbc384c1c,S900,GBP/CHF,2025-10-23 20:35:36,2025-10-23 20:50:36,1.05964,1.05964,1,0.0,USD,,,,,,,,,,,,,,,,,,,,,,,,,,,,,,,,,,,,,,,
call,10f75809-0ff1-4352-9f54-441bbe075035,S900,GBP/JPY,2025-10-23 20:35:40,2025-10-23 20:50:40,203.247,203.231,1,-1.0,USD,,,,,,,,,,,,,,,,,,,,,,,,,,,,,,,,,,,,,,,
put,56ebb444-8993-4cd2-87eb-c64a4aea884a,S900,GBP/USD,2025-10-23 20:35:45,2025-10-23 20:50:45,1.33205,1.33226,1,-1.0,USD,,,,,,,,,,,,,,,,,,,,,,,,,,,,,,,,,,,,,,,
put,e21aa69f-ca8a-49d6-ab74-f56e961b47dd,S900,USD/CAD,2025-10-23 20:35:49,2025-10-23 20:50:49,1.39922,1.39877,1,0.76,USD,,,,,,,,,,,,,,,,,,,,,,,,,,,,,,,,,,,,,,,
call,3103e70b-2147-43e4-9570-869fabfca810,S900,USD/CHF,2025-10-23 20:35:54,2025-10-23 20:50:54,0.79549,0.79537,1,-1.0,USD,,,,,,,,,,,,,,,,,,,,,,,,,,,,,,,,,,,,,,,
put,c30b4a16-ccaf-4695-aa32-84acdaa3b8b2,S900,AUD/CAD,2025-10-23 20:50:09,2025-10-23 21:05:09,0.91138,0.91149,1,-1.0,USD,,,,,,,,,,,,,,,,,,,,,,,,,,,,,,,,,,,,,,,
put,1e8fefa6-c570-43d0-99e1-675f97f2a240,S900,AUD/CHF,2025-10-23 20:50:14,2025-10-23 21:05:14,0.51831,0.51809,1,0.88,USD,,,,,,,,,,,,,,,,,,,,,,,,,,,,,,,,,,,,,,,
call,6e88b678-4689-466e-bcc8-e2d8fdaf1208,S900,AUD/JPY,2025-10-23 20:50:18,2025-10-23 21:05:18,99.406,99.373,1,-1.0,USD,,,,,,,,,,,,,,,,,,,,,,,,,,,,,,,,,,,,,,,
put,3449cf4a-28c5-4ae9-8b83-c1dc6c26bd55,S900,AUD/USD,2025-10-23 20:50:23,2025-10-23 21:05:23,0.65165,0.65163,1,0.81,USD,,,,,,,,,,,,,,,,,,,,,,,,,,,,,,,,,,,,,,,
put,bcacaff9-6037-4367-afee-6e848aa8f0e8,S900,CAD/JPY,2025-10-23 20:50:28,2025-10-23 21:05:28,109.067,109.017,1,0.86,USD,,,,,,,,,,,,,,,,,,,,,,,,,,,,,,,,,,,,,,,
put,c726f29e-ce2b-4528-83d8-815be0ec06b0,S900,CAD/CHF,2025-10-23 20:50:32,2025-10-23 21:05:32,0.56867,0.56832,1,0.91,USD,,,,,,,,,,,,,,,,,,,,,,,,,,,,,,,,,,,,,,,
call,f1879714-4417-4657-85a8-20c166faa4e0,S900,CHF/JPY,2025-10-23 20:50:37,2025-10-23 21:05:37,191.766,191.8,1,0.65,USD,,,,,,,,,,,,,,,,,,,,,,,,,,,,,,,,,,,,,,,
call,12aeacbb-27cb-40c8-b969-b7e327ef1dce,S900,EUR/AUD,2025-10-23 20:50:42,2025-10-23 21:05:42,1.78238,1.78296,1,0.76,USD,,,,,,,,,,,,,,,,,,,,,,,,,,,,,,,,,,,,,,,
call,4f431940-9b2e-4bc6-b1c4-4e2926375ac6,S900,EUR/CAD,2025-10-23 20:50:47,2025-10-23 21:05:47,1.62459,1.62509,1,0.91,USD,,,,,,,,,,,,,,,,,,,,,,,,,,,,,,,,,,,,,,,
call,3628091b-31af-4a8f-a9c2-5707cd37c6b8,S900,EUR/GBP,2025-10-23 20:50:51,2025-10-23 21:05:51,0.87186,0.87186,1,0.0,USD,,,,,,,,,,,,,,,,,,,,,,,,,,,,,,,,,,,,,,,
call,3847720a-7f35-4a2d-8c81-8fa46fb77719,S900,EUR/JPY,2025-10-23 20:50:56,2025-10-23 21:05:56,177.199,177.187,1,-1.0,USD,,,,,,,,,,,,,,,,,,,,,,,,,,,,,,,,,,,,,,,
call,0f0af1d3-157d-465d-bfc6-b1225da8adf2,S900,EUR/USD,2025-10-23 20:51:00,2025-10-23 21:06:00,1.16162,1.16181,1,0.89,USD,,,,,,,,,,,,,,,,,,,,,,,,,,,,,,,,,,,,,,,
call,8e89cf27-4961-4329-9ff3-cc481485a23b,S900,GBP/CAD,2025-10-23 20:51:08,2025-10-23 21:06:08,1.86318,1.86381,1,0.78,USD,,,,,,,,,,,,,,,,,,,,,,,,,,,,,,,,,,,,,,,
call,17950cd5-66b3-4a84-8959-20341b3e68a7,S900,GBP/JPY,2025-10-23 20:51:16,2025-10-23 21:06:16,203.234,203.23,1,-1.0,USD,,,,,,,,,,,,,,,,,,,,,,,,,,,,,,,,,,,,,,,
put,2d741802-8aef-4b8c-8965-91fca9d2b3ff,S900,GBP/USD,2025-10-23 20:51:21,2025-10-23 21:06:21,1.33226,1.33252,1,-1.0,USD,,,,,,,,,,,,,,,,,,,,,,,,,,,,,,,,,,,,,,,
call,dd0f107f-e090-4af6-b501-b07779728383,S900,USD/CAD,2025-10-23 20:51:25,2025-10-23 21:06:25,1.39871,1.39894,1,0.76,USD,,,,,,,,,,,,,,,,,,,,,,,,,,,,,,,,,,,,,,,
put,aff54ee6-475c-4686-88cd-ba2c345862e5,S900,AUD/CAD,2025-10-23 21:05:43,2025-10-23 21:20:43,0.91145,0.91134,1,0.83,USD,,,,,,,,,,,,,,,,,,,,,,,,,,,,,,,,,,,,,,,
call,7ecbeca2-d868-4f19-b8e9-4f96d6b2dc0b,S900,AUD/CHF,2025-10-23 21:05:48,2025-10-23 21:20:48,0.51805,0.51817,1,0.85,USD,,,,,,,,,,,,,,,,,,,,,,,,,,,,,,,,,,,,,,,
call,11562b42-6ebd-44cb-b2c6-c3bf2807c799,S900,AUD/JPY,2025-10-23 21:05:53,2025-10-23 21:20:53,99.377,99.396,1,0.81,USD,,,,,,,,,,,,,,,,,,,,,,,,,,,,,,,,,,,,,,,
call,180d3216-e18b-4efa-b6ea-6fdc41f7a0be,S900,AUD/USD,2025-10-23 21:05:57,2025-10-23 21:20:57,0.6516,0.65162,1,0.78,USD,,,,,,,,,,,,,,,,,,,,,,,,,,,,,,,,,,,,,,,
call,2f91440c-d6bc-452f-aea4-a26f7a273c37,S900,CAD/JPY,2025-10-23 21:06:02,2025-10-23 21:21:02,109.024,109.053,1,0.88,USD,,,,,,,,,,,,,,,,,,,,,,,,,,,,,,,,,,,,,,,
put,78011a9d-55d7-42b7-bb21-c01377d5948d,S900,CHF/JPY,2025-10-23 21:06:10,2025-10-23 21:21:10,191.807,191.799,1,0.63,USD,,,,,,,,,,,,,,,,,,,,,,,,,,,,,,,,,,,,,,,
put,cf9d952a-d6a2-4000-9ccf-e25afffdbda1,S900,EUR/AUD,2025-10-23 21:06:14,2025-10-23 21:21:14,1.78292,1.78261,1,0.58,USD,,,,,,,,,,,,,,,,,,,,,,,,,,,,,,,,,,,,,,,
put,916d54c7-5a33-4466-b38e-890adfe59462,S900,EUR/CAD,2025-10-23 21:06:19,2025-10-23 21:21:19,1.62511,1.62479,1,0.76,USD,,,,,,,,,,,,,,,,,,,,,,,,,,,,,,,,,,,,,,,
call,fd14ab65-244f-4e68-a8f3-3692b1b21528,S900,EUR/CHF,2025-10-23 21:06:23,2025-10-23 21:21:23,0.92373,0.92376,1,0.81,USD,,,,,,,,,,,,,,,,,,,,,,,,,,,,,,,,,,,,,,,
call,748a7f77-5df9-4334-9a14-13bb25f13aa0,S900,EUR/GBP,2025-10-23 21:06:28,2025-10-23 21:21:28,0.87186,0.87178,1,-1.0,USD,,,,,,,,,,,,,,,,,,,,,,,,,,,,,,,,,,,,,,,
call,4cc48bb5-677d-4556-a455-c38358aaaebd,S900,EUR/JPY,2025-10-23 21:06:33,2025-10-23 21:21:33,177.192,177.191,1,-1.0,USD,,,,,,,,,,,,,,,,,,,,,,,,,,,,,,,,,,,,,,,
put,fca7c300-7ab7-4096-a714-1a7c5d0dfbc5,S900,EUR/USD,2025-10-23 21:06:38,2025-10-23 21:21:38,1.16181,1.16165,1,0.89,USD,,,,,,,,,,,,,,,,,,,,,,,,,,,,,,,,,,,,,,,
put,7eecc7c9-f4cb-4f21-bebe-d05d278534e4,S900,GBP/AUD,2025-10-23 21:06:43,2025-10-23 21:21:43,2.04483,2.04462,1,0.58,USD,,,,,,,,,,,,,,,,,,,,,,,,,,,,,,,,,,,,,,,
put,9435a550-d97f-4caf-a46d-b6b6ec6ffe1b,S900,GBP/CAD,2025-10-23 21:06:47,2025-10-23 21:21:47,1.86377,1.86361,1,0.73,USD,,,,,,,,,,,,,,,,,,,,,,,,,,,,,,,,,,,,,,,
call,f156f2a5-e4f7-4671-9f90-f4c2496cc344,S900,GBP/CHF,2025-10-23 21:06:52,2025-10-23 21:21:52,1.05943,1.05955,1,0.58,USD,,,,,,,,,,,,,,,,,,,,,,,,,,,,,,,,,,,,,,,
call,2de519b2-bb15-4129-889a-24a8b7dc830d,S900,GBP/JPY,2025-10-23 21:06:56,2025-10-23 21:21:56,203.221,203.241,1,0.79,USD,,,,,,,,,,,,,,,,,,,,,,,,,,,,,,,,,,,,,,,
put,22a5ca4f-6363-40cf-87b7-57260857046a,S900,GBP/USD,2025-10-23 21:07:01,2025-10-23 21:22:01,1.33247,1.33238,1,0.71,USD,,,,,,,,,,,,,,,,,,,,,,,,,,,,,,,,,,,,,,,
put,bb141524-51cf-4026-aa7c-0680aaf887a3,S900,USD/CAD,2025-10-23 21:07:06,2025-10-23 21:22:06,1.39903,1.39886,1,0.71,USD,,,,,,,,,,,,,,,,,,,,,,,,,,,,,,,,,,,,,,,
call,62b010bd-189b-4467-b75d-41676a055dd6,S900,USD/CHF,2025-10-23 21:07:10,2025-10-23 21:22:10,0.79512,0.79519,1,0.89,USD,,,,,,,,,,,,,,,,,,,,,,,,,,,,,,,,,,,,,,,
put,7e1b4c61-67c1-4e52-9c5f-720dcd8f0876,S900,AUD/CAD,2025-10-23 21:21:22,2025-10-23 21:36:22,0.91141,0.91106,1,0.83,USD,,,,,,,,,,,,,,,,,,,,,,,,,,,,,,,,,,,,,,,
put,69bd5486-72f2-42bc-b911-2282e15f7bc5,S900,AUD/JPY,2025-10-23 21:21:32,2025-10-23 21:36:32,99.394,99.373,1,0.81,USD,,,,,,,,,,,,,,,,,,,,,,,,,,,,,,,,,,,,,,,
put,aa70340f-3ae9-4f48-a47d-bb5ac6f89f4d,S900,CAD/JPY,2025-10-23 21:21:42,2025-10-23 21:36:42,109.053,109.065,1,-1.0,USD,,,,,,,,,,,,,,,,,,,,,,,,,,,,,,,,,,,,,,,
put,9e83408a-1f71-45e3-ba99-c52ca6e2e1f8,S900,CAD/CHF,2025-10-23 21:21:47,2025-10-23 21:36:47,0.56852,0.5685,1,0.76,USD,,,,,,,,,,,,,,,,,,,,,,,,,,,,,,,,,,,,,,,
call,2e059e69-d742-4824-a7d2-ee8a613b4d6f,S900,CHF/JPY,2025-10-23 21:21:52,2025-10-23 21:36:52,191.802,191.833,1,0.59,USD,,,,,,,,,,,,,,,,,,,,,,,,,,,,,,,,,,,,,,,
call,25549ae5-ee66-4439-a557-87a34eb3afb8,S900,EUR/AUD,2025-10-23 21:21:57,2025-10-23 21:36:57,1.7826,1.78313,1,0.58,USD,,,,,,,,,,,,,,,,,,,,,,,,,,,,,,,,,,,,,,,
call,8d1cecb6-90c4-46a9-bc4b-000384822cca,S900,EUR/CAD,2025-10-23 21:22:01,2025-10-23 21:37:01,1.62472,1.62462,1,-1.0,USD,,,,,,,,,,,,,,,,,,,,,,,,,,,,,,,,,,,,,,,
put,e298292f-5687-4a3a-a4dd-fdcad4fd0eff,S900,EUR/CHF,2025-10-23 21:22:06,2025-10-23 21:37:06,0.92375,0.92368,1,0.81,USD,,,,,,,,,,,,,,,,,,,,,,,,,,,,,,,,,,,,,,,
call,7943e7d9-6fb1-4e21-8ed9-fe081714e1cf,S900,EUR/GBP,2025-10-23 21:22:10,2025-10-23 21:37:10,0.87179,0.87179,1,0.0,USD,,,,,,,,,,,,,,,,,,,,,,,,,,,,,,,,,,,,,,,
put,6c3da2eb-898d-4812-a9c2-2ba14f5213bc,S900,EUR/JPY,2025-10-23 21:22:15,2025-10-23 21:37:15,177.188,177.203,1,-1.0,USD,,,,,,,,,,,,,,,,,,,,,,,,,,,,,,,,,,,,,,,
call,97560c35-1505-4f71-93ec-24747031b4d6,S900,EUR/USD,2025-10-23 21:22:20,2025-10-23 21:37:20,1.16161,1.16152,1,-1.0,USD,,,,,,,,,,,,,,,,,,,,,,,,,,,,,,,,,,,,,,,
call,b0e7a277-1967-4bbb-9119-05ae6013d120,S900,GBP/CAD,2025-10-23 21:22:29,2025-10-23 21:37:29,1.8636,1.86346,1,-1.0,USD,,,,,,,,,,,,,,,,,,,,,,,,,,,,,,,,,,,,,,,
put,0119e8ec-08ed-4f6c-934e-812865d7b4a3,S900,GBP/CHF,2025-10-23 21:22:34,2025-10-23 21:37:34,1.05951,1.05942,1,0.58,USD,,,,,,,,,,,,,,,,,,,,,,,,,,,,,,,,,,,,,,,
put,c298c182-7dd9-4d5f-832c-ea5b749aed43,S900,GBP/JPY,2025-10-23 21:22:38,2025-10-23 21:37:38,203.236,203.249,1,-1.0,USD,,,,,,,,,,,,,,,,,,,,,,,,,,,,,,,,,,,,,,,
call,b156b3b4-99f4-4a0b-a91a-d2fc52155878,S900,GBP/USD,2025-10-23 21:22:43,2025-10-23 21:37:43,1.33234,1.33231,1,-1.0,USD,,,,,,,,,,,,,,,,,,,,,,,,,,,,,,,,,,,,,,,
put,08909f55-79b5-465b-8095-fe70de7b39dc,S900,USD/CHF,2025-10-23 21:22:48,2025-10-23 21:37:48,0.79521,0.79518,1,0.67,USD,,,,,,,,,,,,,,,,,,,,,,,,,,,,,,,,,,,,,,,
call,04396b46-2032-4717-a771-55f4e47b6b8c,S900,AUD/CAD,2025-10-24 15:28:31,2025-10-24 15:43:31,0.91331,0.91363,1,0.73,USD,2025-10-24 14:47:07.634515,SELL,"SELL (score=7, HTF=NEUTRAL)",0.91139,BUY,48.36090838521463,HOLD,0.9113957715335544,HOLD,0.9114230616877076,HOLD,0.911644899016959,SELL,-1.81741770802768e-05,SELL,-2.2922758251850788e-05,SELL,78.57142857145124,SELL,80.03663003661791,BUY,0.9115343906373772,0.9112396093626228,HOLD,3.6101083032175056,SELL,13.845045685813464,SELL,-21.42857142854877,HOLD,3.209166830864148e-05,HOLD,,2.0,7.0,6.0,NEUTRAL,NEUTRAL,NEUTRAL
put,8904f4de-0b12-4808-8ba2-cb0ef9c64c52,S900,AUD/JPY,2025-10-24 15:28:36,2025-10-24 15:43:36,99.537,99.514,1,0.92,USD,2025-10-24 15:02:50.167124,BUY,"BUY (score=6, HTF=NEUTRAL)",99.5,BUY,44.12159493371728,HOLD,99.50637477130496,HOLD,99.50764779922112,HOLD,99.4932352985075,SELL,-0.0026463426611229,SELL,-0.001493119223643,BUY,41.176470588240214,BUY,44.1176470588268,BUY,99.52195581056436,99.49484418943564,BUY,-113.82113821143848,HOLD,9.2188947572577,HOLD,-58.823529411759786,BUY,0.0046968611728963,HOLD,,6.0,3.0,6.0,NEUTRAL,NEUTRAL,NEUTRAL
call,8c33cf25-7f4b-47f8-943f-011e7064c2fc,S900,AUD/USD,2025-10-24 15:28:41,2025-10-24 15:43:41,0.65143,0.65155,1,0.78,USD,2025-10-24 15:02:53.664182,SELL,"SELL (score=6, HTF=NEUTRAL)",0.65134,SELL,58.58038268523412,HOLD,0.6512892695021771,HOLD,0.6512669782732929,HOLD,0.6511022315814889,BUY,2.183037023373302e-05,BUY,1.1022865156639028e-05,SELL,80.95238095240865,SELL,87.30158730160576,BUY,0.6513915993311092,0.6511524006688907,SELL,91.39784946245764,BUY,13.552101032749698,SELL,-19.04761904759135,HOLD,2.604311498588773e-05,HOLD,,4.0,6.0,5.0,NEUTRAL,NEUTRAL,NEUTRAL
put,0e51f7f9-260f-4191-bcb2-1d08a1b25604,S900,CAD/JPY,2025-10-24 15:28:45,2025-10-24 15:43:45,108.991,108.911,1,0.68,USD,2025-10-24 15:02:57.444187,BUY,"BUY (score=5, HTF=NEUTRAL)",109.17,BUY,47.8916284617532,HOLD,109.17295584621944,HOLD,109.17146754614184,HOLD,109.13025735938552,SELL,-0.0017800202281961,SELL,-0.0006065001617272,BUY,38.461538461542666,BUY,34.61538461539021,BUY,109.19191429038425,109.15918570961576,HOLD,-51.424600416950824,SELL,12.59329918985192,HOLD,-61.538461538457334,BUY,0.0058496123459793,HOLD,,5.0,4.0,6.0,NEUTRAL,NEUTRAL,NEUTRAL
put,32868ef4-8d61-4353-a303-96a64a478484,S900,CAD/CHF,2025-10-24 15:29:02,2025-10-24 15:44:02,0.56672,0.56643,1,0.92,USD,2025-10-24 15:03:01.442813,SELL,"SELL (score=5, HTF=NEUTRAL)",0.56806,BUY,48.67585992393179,HOLD,0.5680942129718829,HOLD,0.568131124292977,HOLD,0.5680219846127234,SELL,-1.912353919464316e-05,SELL,-2.851451514961334e-05,SELL,82.27848101265609,SELL,87.76371308016462,BUY,0.5685148255127633,0.5676481744872367,HOLD,-10.987607001417352,HOLD,6.481508072007773,SELL,-17.721518987343906,HOLD,0.0001312423930443,HOLD,,2.0,5.0,8.0,NEUTRAL,NEUTRAL,NEUTRAL
put,5fd66c0c-5f39-4dac-8264-dd98362c5dbc,S900,CAD/CHF,2025-10-24 15:29:02,2025-10-24 15:44:02,0.56672,0.56643,1,0.92,USD,2025-10-24 15:03:01.442813,SELL,"SELL (score=5, HTF=NEUTRAL)",0.56806,BUY,48.67585992393179,HOLD,0.5680942129718829,HOLD,0.568131124292977,HOLD,0.5680219846127234,SELL,-1.912353919464316e-05,SELL,-2.851451514961334e-05,SELL,82.27848101265609,SELL,87.76371308016462,BUY,0.5685148255127633,0.5676481744872367,HOLD,-10.987607001417352,HOLD,6.481508072007773,SELL,-17.721518987343906,HOLD,0.0001312423930443,HOLD,,2.0,5.0,8.0,NEUTRAL,NEUTRAL,NEUTRAL
call,e722639e-6576-4c1e-9765-6b5d82353608,S900,EUR/CHF,2025-10-24 15:29:06,2025-10-24 15:44:06,0.9242,0.92416,1,-1.0,USD,2025-10-24 15:03:18.993936,BUY,"BUY (score=5, HTF=NEUTRAL)",0.92504,BUY,50.145783994778704,HOLD,0.9250415369087144,HOLD,0.9250344523309636,HOLD,0.9250097950923978,BUY,7.888886048190713e-06,BUY,5.460043078516129e-06,HOLD,54.54545454543619,SELL,57.57575757572698,BUY,0.9250910000000064,0.9249749999999936,HOLD,19.52580195255493,HOLD,7.181109258214155,HOLD,-45.45454545456381,BUY,2.709956720333214e-05,HOLD,,5.0,2.0,8.0,NEUTRAL,NEUTRAL,NEUTRAL
put,ea255227-92d9-44c8-8150-36bb411507ea,S900,EUR/GBP,2025-10-24 15:29:11,2025-10-24 15:44:11,0.87156,0.87174,1,-1.0,USD,2025-10-24 15:03:23.813164,BUY,"BUY (score=6, HTF=NEUTRAL)",0.87369,BUY,29.380737619312217,HOLD,0.8738429784627729,HOLD,0.8738843383989225,HOLD,0.8738889362976087,SELL,-5.137105697616828e-05,SELL,-2.9096630796079945e-05,BUY,0.0,BUY,0.0,BUY,0.874050099971417,0.8736999000285829,BUY,-168.94977168944874,SELL,18.006235322265486,BUY,-100.0,HOLD,3.182995713599544e-05,HOLD,,6.0,4.0,5.0,NEUTRAL,NEUTRAL,NEUTRAL
put,5b117d07-12b7-4d43-8d9a-432fa912a8e9,S900,EUR/JPY,2025-10-24 15:29:16,2025-10-24 15:44:16,177.73,177.681,1,0.78,USD,2025-10-24 15:03:27.426118,BUY,"BUY (score=6, HTF=NEUTRAL)",177.74899,BUY,51.33597706363078,HOLD,177.74862749652718,HOLD,177.73854235017555,HOLD,177.7062197681985,BUY,0.0042668115953006,BUY,0.0044954412263396,SELL,58.05098418843472,SELL,81.71453156929887,BUY,177.764604710215,177.73399428978502,HOLD,-3.365712686050042,BUY,13.222819791057844,HOLD,-41.94901581156528,BUY,0.0077804402165749,HOLD,,6.0,3.0,6.0,NEUTRAL,NEUTRAL,NEUTRAL
call,907fb5c6-001f-4420-9817-7eadf3e9f22f,S900,GBP/AUD,2025-10-24 15:29:20,2025-10-24 15:44:20,2.04811,2.04798,1,-1.0,USD,2025-10-24 15:03:35.349600,SELL,"SELL (score=6, HTF=NEUTRAL)",2.04446,SELL,75.2711040827798,HOLD,2.0439407793209576,HOLD,2.0436897141909,HOLD,2.0435904097674893,BUY,0.0002309131136866,BUY,0.0001590094194981,SELL,100.0,SELL,100.0,BUY,2.0445044130456793,2.04316758695432,SELL,138.29787234048027,BUY,25.344000182195533,SELL,-0.0,HOLD,9.24592776268421e-05,HOLD,,4.0,6.0,5.0,NEUTRAL,NEUTRAL,NEUTRAL
call,db3fe016-b7db-4e2d-b0f5-d4bc436289e2,S900,GBP/CAD,2025-10-24 15:29:25,2025-10-24 15:44:25,1.87109,1.87125,1,0.91,USD,2025-10-24 15:03:40.908445,SELL,"SELL (score=6, HTF=NEUTRAL)",1.8636,SELL,75.66809507177668,HOLD,1.8630138164634007,HOLD,1.8628133307596264,HOLD,1.863140765058684,BUY,0.0002111568669633,BUY,0.0001368095692431,SELL,100.0,SELL,96.66666666666389,BUY,1.8635700141294855,1.8622429858705143,SELL,161.73984024251698,BUY,26.67009296469795,SELL,-0.0,BUY,9.939395243588673e-05,HOLD,,5.0,6.0,4.0,NEUTRAL,NEUTRAL,NEUTRAL
call,aa54b526-f3b2-43d3-ac97-cb90fab68290,S900,GBP/CHF,2025-10-24 15:29:30,2025-10-24 15:44:30,1.06035,1.05998,1,-1.0,USD,2025-10-24 15:03:44.522039,SELL,"SELL (score=6, HTF=NEUTRAL)",1.05877,SELL,61.41582068235052,HOLD,1.058539658891336,HOLD,1.0584780620717236,HOLD,1.0584475281940238,BUY,7.699859256549146e-05,BUY,4.236095210803293e-05,SELL,100.0,SELL,97.47474747475292,BUY,1.0588258685312606,1.0581471314687396,SELL,133.90010626991062,HOLD,11.689001901098903,SELL,-0.0,HOLD,8.635035475735118e-05,HOLD,,3.0,6.0,6.0,NEUTRAL,NEUTRAL,NEUTRAL
call,ad2d68c2-dd74-41e9-802e-c0f60a7473ea,S900,GBP/JPY,2025-10-24 15:29:35,2025-10-24 15:44:35,203.915,203.769,1,-1.0,USD,2025-10-24 15:03:48.573175,SELL,"SELL (score=6, HTF=NEUTRAL)",203.438,SELL,63.65769921318184,HOLD,203.40383301577828,HOLD,203.3807990658367,HOLD,203.34078678018687,BUY,0.0177501128617052,BUY,0.0131952790138555,SELL,87.95035546448982,SELL,95.98345182149662,BUY,203.447375652226,203.34782534777403,SELL,127.29133140024088,BUY,20.840135694255245,SELL,-12.049644535510184,BUY,0.0116786075538744,HOLD,,5.0,6.0,4.0,NEUTRAL,NEUTRAL,NEUTRAL
call,3c78a3ec-3b0c-49d3-a020-e8731ccb310c,S900,USD/CAD,2025-10-24 15:29:39,2025-10-24 15:44:39,1.40195,1.40233,1,0.78,USD,2025-10-24 15:03:58.294938,SELL,"SELL (score=6, HTF=NEUTRAL)",1.3999,BUY,51.5326007583016,HOLD,1.3998074789089705,HOLD,1.39990682574159,HOLD,1.400363833414438,SELL,-5.342533122121296e-05,SELL,-7.617607494365833e-05,SELL,83.33333333333333,SELL,71.66666666667531,BUY,1.4001922934253082,1.3993877065746916,HOLD,43.39250493099731,HOLD,7.388371916658926,SELL,-16.666666666666668,HOLD,0.0001598312274723,HOLD,,2.0,6.0,7.0,NEUTRAL,NEUTRAL,NEUTRAL
call,df5e39a1-b1c3-467e-b128-1080ede9561a,S900,USD/CHF,2025-10-24 15:29:44,2025-10-24 15:44:44,0.7945,0.79425,1,-1.0,USD,2025-10-24 15:04:01.861410,BUY,"BUY (score=6, HTF=NEUTRAL)",0.79522,BUY,29.73703691812503,HOLD,0.7953469358690533,HOLD,0.7954455685647397,HOLD,0.7955500044193601,SELL,-7.418857682472968e-05,SELL,-6.279837871991711e-05,BUY,0.0,BUY,1.6666666666592558,BUY,0.7955322191577818,0.7951897808422181,BUY,-120.82262210793198,SELL,27.24141323169448,BUY,-100.0,HOLD,3.006889934808832e-05,HOLD,,6.0,4.0,5.0,NEUTRAL,NEUTRAL,NEUTRAL
put,9be42de8-b8fc-410b-a1b3-7d87582a100f,S900,AUD/CAD,2025-10-24 15:44:00,2025-10-24 15:59:00,0.91363,0.91341,1,0.71,USD,2025-10-24 14:47:07.634515,SELL,"SELL (score=7, HTF=NEUTRAL)",0.91139,BUY,48.36090838521463,HOLD,0.9113957715335544,HOLD,0.9114230616877076,HOLD,0.911644899016959,SELL,-1.81741770802768e-05,SELL,-2.2922758251850788e-05,SELL,78.57142857145124,SELL,80.03663003661791,BUY,0.9115343906373772,0.9112396093626228,HOLD,3.6101083032175056,SELL,13.845045685813464,SELL,-21.42857142854877,HOLD,3.209166830864148e-05,HOLD,,2.0,7.0,6.0,NEUTRAL,NEUTRAL,NEUTRAL
call,bd95ec26-3686-4a1d-8a49-32088d98dc96,S900,AUD/CHF,2025-10-24 15:44:05,2025-10-24 15:59:05,0.51752,0.51777,1,0.86,USD,2025-10-24 15:02:45.971036,BUY,"BUY (score=6, HTF=NEUTRAL)",0.51779,BUY,45.141601978388294,HOLD,0.5178380731196986,HOLD,0.5178614141298352,HOLD,0.5178554606219264,SELL,-1.29294760640164e-05,SELL,-9.335830990811948e-06,BUY,0.0,BUY,19.04761904758128,BUY,0.5179032840808789,0.5177877159191212,BUY,-154.48851774535595,HOLD,4.04464917115694,BUY,-100.0,HOLD,4.285509651134839e-05,HOLD,,6.0,3.0,6.0,NEUTRAL,NEUTRAL,NEUTRAL
call,c772aa35-d675-4a14-aad0-2b5790abe952,S900,AUD/JPY,2025-10-24 15:44:09,2025-10-24 15:59:09,99.499,99.545,1,0.92,USD,2025-10-24 15:02:50.167124,BUY,"BUY (score=6, HTF=NEUTRAL)",99.5,BUY,44.12159493371728,HOLD,99.50637477130496,HOLD,99.50764779922112,HOLD,99.4932352985075,SELL,-0.0026463426611229,SELL,-0.001493119223643,BUY,41.176470588240214,BUY,44.1176470588268,BUY,99.52195581056436,99.49484418943564,BUY,-113.82113821143848,HOLD,9.2188947572577,HOLD,-58.823529411759786,BUY,0.0046968611728963,HOLD,,6.0,3.0,6.0,NEUTRAL,NEUTRAL,NEUTRAL
call,76cdbaa8-117f-4352-a27c-aa9ffdfedc5b,S900,CAD/JPY,2025-10-24 15:44:14,2025-10-24 15:59:14,108.9,108.978,1,0.86,USD,2025-10-24 15:02:57.444187,BUY,"BUY (score=5, HTF=NEUTRAL)",109.17,BUY,47.8916284617532,HOLD,109.17295584621944,HOLD,109.17146754614184,HOLD,109.13025735938552,SELL,-0.0017800202281961,SELL,-0.0006065001617272,BUY,38.461538461542666,BUY,34.61538461539021,BUY,109.19191429038425,109.15918570961576,HOLD,-51.424600416950824,SELL,12.59329918985192,HOLD,-61.538461538457334,BUY,0.0058496123459793,HOLD,,5.0,4.0,6.0,NEUTRAL,NEUTRAL,NEUTRAL
call,29365136-ce87-4561-b61c-71a484470713,S900,CAD/CHF,2025-10-24 15:44:19,2025-10-24 15:59:19,0.56641,0.56687,1,0.67,USD,2025-10-24 15:03:01.442813,SELL,"SELL (score=5, HTF=NEUTRAL)",0.56806,BUY,48.67585992393179,HOLD,0.5680942129718829,HOLD,0.568131124292977,HOLD,0.5680219846127234,SELL,-1.912353919464316e-05,SELL,-2.851451514961334e-05,SELL,82.27848101265609,SELL,87.76371308016462,BUY,0.5685148255127633,0.5676481744872367,HOLD,-10.987607001417352,HOLD,6.481508072007773,SELL,-17.721518987343906,HOLD,0.0001312423930443,HOLD,,2.0,5.0,8.0,NEUTRAL,NEUTRAL,NEUTRAL
call,23c7d1d6-ce08-430d-9fae-7b1658ced718,S900,CHF/JPY,2025-10-24 15:44:24,2025-10-24 15:59:24,192.233,192.227,1,-1.0,USD,2025-10-24 15:03:06.109314,SELL,"SELL (score=6, HTF=NEUTRAL)",192.14999,SELL,56.301560349094544,HOLD,192.13638505346916,HOLD,192.12512450143532,HOLD,192.09345902991512,BUY,0.0045487161401922,BUY,0.0043579955175004,SELL,91.40000000003036,SELL,69.17634408602571,BUY,192.1579965031544,192.1190044968456,SELL,93.9784510874105,BUY,13.662914837193172,SELL,-8.59999999996963,BUY,0.0098750957277262,HOLD,,5.0,6.0,4.0,NEUTRAL,NEUTRAL,NEUTRAL
put,ab70a434-f935-4f4d-bd45-27ea4dd63d52,S900,EUR/AUD,2025-10-24 15:44:28,2025-10-24 15:59:28,1.78552,1.78489,1,0.76,USD,2025-10-24 15:03:10.168210,SELL,"SELL (score=6, HTF=NEUTRAL)",1.78643,SELL,65.01845891138635,HOLD,1.7861825560055882,HOLD,1.7860500049937622,HOLD,1.7859769644588412,BUY,9.841187614845204e-05,BUY,7.279109622187959e-05,SELL,100.0,SELL,94.1176470588069,BUY,1.786411534480406,1.7858894655195945,SELL,168.47498493046464,BUY,15.26386185509614,SELL,-0.0,HOLD,7.374233912369177e-05,HOLD,,4.0,6.0,5.0,NEUTRAL,NEUTRAL,NEUTRAL
call,7f8b7a4a-e8f2-411d-961f-9d840e8e0787,S900,EUR/CAD,2025-10-24 15:44:32,2025-10-24 15:59:32,1.63138,1.63038,1,-1.0,USD,2025-10-24 15:03:14.971669,SELL,"SELL (score=6, HTF=NEUTRAL)",1.6282,SELL,60.34264571090183,HOLD,1.6280368692827236,HOLD,1.6279551037511175,HOLD,1.6282556586234962,BUY,7.507575270992994e-05,BUY,5.2243322494650675e-05,SELL,86.48648648651731,SELL,77.78716216217754,BUY,1.6282414609174545,1.6277745390825458,SELL,129.03225806457388,BUY,14.706066517447656,SELL,-13.513513513482696,BUY,7.131112935097326e-05,HOLD,,5.0,6.0,4.0,NEUTRAL,NEUTRAL,NEUTRAL
call,76911701-90c3-4447-9877-d54e52a5e78d,S900,EUR/CHF,2025-10-24 15:44:38,2025-10-24 15:59:38,0.92415,0.92426,1,0.92,USD,2025-10-24 15:03:18.993936,BUY,"BUY (score=5, HTF=NEUTRAL)",0.92504,BUY,50.145783994778704,HOLD,0.9250415369087144,HOLD,0.9250344523309636,HOLD,0.9250097950923978,BUY,7.888886048190713e-06,BUY,5.460043078516129e-06,HOLD,54.54545454543619,SELL,57.57575757572698,BUY,0.9250910000000064,0.9249749999999936,HOLD,19.52580195255493,HOLD,7.181109258214155,HOLD,-45.45454545456381,BUY,2.709956720333214e-05,HOLD,,5.0,2.0,8.0,NEUTRAL,NEUTRAL,NEUTRAL
put,6be769aa-ca92-454d-9a16-d0858612458f,S900,EUR/GBP,2025-10-24 15:44:42,2025-10-24 15:59:42,0.87176,0.87165,1,0.92,USD,2025-10-24 15:03:23.813164,BUY,"BUY (score=6, HTF=NEUTRAL)",0.87369,BUY,29.380737619312217,HOLD,0.8738429784627729,HOLD,0.8738843383989225,HOLD,0.8738889362976087,SELL,-5.137105697616828e-05,SELL,-2.9096630796079945e-05,BUY,0.0,BUY,0.0,BUY,0.874050099971417,0.8736999000285829,BUY,-168.94977168944874,SELL,18.006235322265486,BUY,-100.0,HOLD,3.182995713599544e-05,HOLD,,6.0,4.0,5.0,NEUTRAL,NEUTRAL,NEUTRAL
call,985c9321-7841-49b5-957d-f7aad2d4ccc6,S900,GBP/CHF,2025-10-24 15:45:04,2025-10-24 16:00:04,1.06015,1.0603,1,0.48,USD,2025-10-24 15:03:44.522039,SELL,"SELL (score=6, HTF=NEUTRAL)",1.05877,SELL,61.41582068235052,HOLD,1.058539658891336,HOLD,1.0584780620717236,HOLD,1.0584475281940238,BUY,7.699859256549146e-05,BUY,4.236095210803293e-05,SELL,100.0,SELL,97.47474747475292,BUY,1.0588258685312606,1.0581471314687396,SELL,133.90010626991062,HOLD,11.689001901098903,SELL,-0.0,HOLD,8.635035475735118e-05,HOLD,,3.0,6.0,6.0,NEUTRAL,NEUTRAL,NEUTRAL
put,76dfcebc-a2b4-45a8-95a6-e1f4b8700ee0,S900,GBP/USD,2025-10-24 15:45:09,2025-10-24 16:00:09,1.33348,1.33367,1,-1.0,USD,2025-10-24 15:03:53.618307,SELL,"SELL (score=6, HTF=NEUTRAL)",1.33147,SELL,78.96483597371635,HOLD,1.3310244640754356,HOLD,1.3307743168233737,HOLD,1.3305553927476566,BUY,0.0002258700172823,BUY,0.0001676460312281,SELL,97.61904761903187,SELL,99.20634920634387,BUY,1.3315574224367348,1.3303165775632653,SELL,124.941397093273,BUY,33.228353819461105,SELL,-2.3809523809681155,HOLD,7.08624782750988e-05,HOLD,,3.0,6.0,6.0,NEUTRAL,NEUTRAL,NEUTRAL
put,a706fe99-1a5b-4c8b-bf83-dd37d829c933,S900,USD/CAD,2025-10-24 15:45:13,2025-10-24 16:00:13,1.40263,1.40244,1,0.78,USD,2025-10-24 15:03:58.294938,SELL,"SELL (score=6, HTF=NEUTRAL)",1.3999,BUY,51.5326007583016,HOLD,1.3998074789089705,HOLD,1.39990682574159,HOLD,1.400363833414438,SELL,-5.342533122121296e-05,SELL,-7.617607494365833e-05,SELL,83.33333333333333,SELL,71.66666666667531,BUY,1.4001922934253082,1.3993877065746916,HOLD,43.39250493099731,HOLD,7.388371916658926,SELL,-16.666666666666668,HOLD,0.0001598312274723,HOLD,,2.0,6.0,7.0,NEUTRAL,NEUTRAL,NEUTRAL
call,b8778887-f672-46c5-abd1-c7e4829bfa9c,S900,USD/CHF,2025-10-24 15:45:18,2025-10-24 16:00:18,0.79502,0.79507,1,0.78,USD,2025-10-24 15:04:01.861410,BUY,"BUY (score=6, HTF=NEUTRAL)",0.79522,BUY,29.73703691812503,HOLD,0.7953469358690533,HOLD,0.7954455685647397,HOLD,0.7955500044193601,SELL,-7.418857682472968e-05,SELL,-6.279837871991711e-05,BUY,0.0,BUY,1.6666666666592558,BUY,0.7955322191577818,0.7951897808422181,BUY,-120.82262210793198,SELL,27.24141323169448,BUY,-100.0,HOLD,3.006889934808832e-05,HOLD,,6.0,4.0,5.0,NEUTRAL,NEUTRAL,NEUTRAL
put,c5b38aa5-2587-4b21-b62a-504a336ab6b2,S900,AUD/CAD,2025-10-24 15:59:31,2025-10-24 16:14:31,0.9134,0.91341,1,-1.0,USD,,,,,,,,,,,,,,,,,,,,,,,,,,,,,,,,,,,,,,,
put,3e2df9a4-6b0d-4b39-bae3-e771961667b6,S900,AUD/CHF,2025-10-24 15:59:36,2025-10-24 16:14:36,0.51779,0.51745,1,0.86,USD,2025-10-24 15:02:45.971036,BUY,"BUY (score=6, HTF=NEUTRAL)",0.51779,BUY,45.141601978388294,HOLD,0.5178380731196986,HOLD,0.5178614141298352,HOLD,0.5178554606219264,SELL,-1.29294760640164e-05,SELL,-9.335830990811948e-06,BUY,0.0,BUY,19.04761904758128,BUY,0.5179032840808789,0.5177877159191212,BUY,-154.48851774535595,HOLD,4.04464917115694,BUY,-100.0,HOLD,4.285509651134839e-05,HOLD,,6.0,3.0,6.0,NEUTRAL,NEUTRAL,NEUTRAL
put,9c866cde-e24b-4594-8e5a-3cc131ce2dc6,S900,AUD/JPY,2025-10-24 15:59:40,2025-10-24 16:14:40,99.537,99.426,1,0.75,USD,2025-10-24 15:02:50.167124,BUY,"BUY (score=6, HTF=NEUTRAL)",99.5,BUY,44.12159493371728,HOLD,99.50637477130496,HOLD,99.50764779922112,HOLD,99.4932352985075,SELL,-0.0026463426611229,SELL,-0.001493119223643,BUY,41.176470588240214,BUY,44.1176470588268,BUY,99.52195581056436,99.49484418943564,BUY,-113.82113821143848,HOLD,9.2188947572577,HOLD,-58.823529411759786,BUY,0.0046968611728963,HOLD,,6.0,3.0,6.0,NEUTRAL,NEUTRAL,NEUTRAL
put,4b5747d1-6a47-457b-bb04-b9ec64f5acf0,S900,AUD/USD,2025-10-24 15:59:45,2025-10-24 16:14:45,0.65132,0.65102,1,0.59,USD,2025-10-24 15:02:53.664182,SELL,"SELL (score=6, HTF=NEUTRAL)",0.65134,SELL,58.58038268523412,HOLD,0.6512892695021771,HOLD,0.6512669782732929,HOLD,0.6511022315814889,BUY,2.183037023373302e-05,BUY,1.1022865156639028e-05,SELL,80.95238095240865,SELL,87.30158730160576,BUY,0.6513915993311092,0.6511524006688907,SELL,91.39784946245764,BUY,13.552101032749698,SELL,-19.04761904759135,HOLD,2.604311498588773e-05,HOLD,,4.0,6.0,5.0,NEUTRAL,NEUTRAL,NEUTRAL
call,3ce0f6b0-13f0-4981-b6c4-726d12354d38,S900,CAD/CHF,2025-10-24 16:00:00,2025-10-24 16:15:00,0.5668,0.56643,1,-1.0,USD,2025-10-24 15:03:01.442813,SELL,"SELL (score=5, HTF=NEUTRAL)",0.56806,BUY,48.67585992393179,HOLD,0.5680942129718829,HOLD,0.568131124292977,HOLD,0.5680219846127234,SELL,-1.912353919464316e-05,SELL,-2.851451514961334e-05,SELL,82.27848101265609,SELL,87.76371308016462,BUY,0.5685148255127633,0.5676481744872367,HOLD,-10.987607001417352,HOLD,6.481508072007773,SELL,-17.721518987343906,HOLD,0.0001312423930443,HOLD,,2.0,5.0,8.0,NEUTRAL,NEUTRAL,NEUTRAL
call,c9d4ef7c-722d-4f64-b924-f742c2a857e7,S900,CAD/CHF,2025-10-24 16:00:00,2025-10-24 16:15:00,0.56684,0.56643,1,-1.0,USD,2025-10-24 15:03:01.442813,SELL,"SELL (score=5, HTF=NEUTRAL)",0.56806,BUY,48.67585992393179,HOLD,0.5680942129718829,HOLD,0.568131124292977,HOLD,0.5680219846127234,SELL,-1.912353919464316e-05,SELL,-2.851451514961334e-05,SELL,82.27848101265609,SELL,87.76371308016462,BUY,0.5685148255127633,0.5676481744872367,HOLD,-10.987607001417352,HOLD,6.481508072007773,SELL,-17.721518987343906,HOLD,0.0001312423930443,HOLD,,2.0,5.0,8.0,NEUTRAL,NEUTRAL,NEUTRAL
call,6ec3c787-4fcf-492c-bd50-5aee8ef3e981,S900,EUR/AUD,2025-10-24 16:00:03,2025-10-24 16:15:03,1.78473,1.78683,1,0.78,USD,2025-10-24 15:03:10.168210,SELL,"SELL (score=6, HTF=NEUTRAL)",1.78643,SELL,65.01845891138635,HOLD,1.7861825560055882,HOLD,1.7860500049937622,HOLD,1.7859769644588412,BUY,9.841187614845204e-05,BUY,7.279109622187959e-05,SELL,100.0,SELL,94.1176470588069,BUY,1.786411534480406,1.7858894655195945,SELL,168.47498493046464,BUY,15.26386185509614,SELL,-0.0,HOLD,7.374233912369177e-05,HOLD,,4.0,6.0,5.0,NEUTRAL,NEUTRAL,NEUTRAL
call,26ab3072-db80-4aaa-8e5c-dd2abda5362d,S900,EUR/CAD,2025-10-24 16:00:08,2025-10-24 16:15:08,1.6305,1.63204,1,0.61,USD,2025-10-24 15:03:14.971669,SELL,"SELL (score=6, HTF=NEUTRAL)",1.6282,SELL,60.34264571090183,HOLD,1.6280368692827236,HOLD,1.6279551037511175,HOLD,1.6282556586234962,BUY,7.507575270992994e-05,BUY,5.2243322494650675e-05,SELL,86.48648648651731,SELL,77.78716216217754,BUY,1.6282414609174545,1.6277745390825458,SELL,129.03225806457388,BUY,14.706066517447656,SELL,-13.513513513482696,BUY,7.131112935097326e-05,HOLD,,5.0,6.0,4.0,NEUTRAL,NEUTRAL,NEUTRAL
call,59cdb50a-0134-45b6-b513-2bc7db143d84,S900,EUR/CHF,2025-10-24 16:00:13,2025-10-24 16:15:13,0.92435,0.9246,1,0.92,USD,2025-10-24 15:03:18.993936,BUY,"BUY (score=5, HTF=NEUTRAL)",0.92504,BUY,50.145783994778704,HOLD,0.9250415369087144,HOLD,0.9250344523309636,HOLD,0.9250097950923978,BUY,7.888886048190713e-06,BUY,5.460043078516129e-06,HOLD,54.54545454543619,SELL,57.57575757572698,BUY,0.9250910000000064,0.9249749999999936,HOLD,19.52580195255493,HOLD,7.181109258214155,HOLD,-45.45454545456381,BUY,2.709956720333214e-05,HOLD,,5.0,2.0,8.0,NEUTRAL,NEUTRAL,NEUTRAL
call,c456ad14-cdd5-471f-ac26-c732e8ef68bb,S900,EUR/GBP,2025-10-24 16:00:17,2025-10-24 16:15:17,0.87161,0.87249,1,0.81,USD,2025-10-24 15:03:23.813164,BUY,"BUY (score=6, HTF=NEUTRAL)",0.87369,BUY,29.380737619312217,HOLD,0.8738429784627729,HOLD,0.8738843383989225,HOLD,0.8738889362976087,SELL,-5.137105697616828e-05,SELL,-2.9096630796079945e-05,BUY,0.0,BUY,0.0,BUY,0.874050099971417,0.8736999000285829,BUY,-168.94977168944874,SELL,18.006235322265486,BUY,-100.0,HOLD,3.182995713599544e-05,HOLD,,6.0,4.0,5.0,NEUTRAL,NEUTRAL,NEUTRAL
call,6c6ce73b-cc77-4412-b36c-943e860be49a,S900,EUR/JPY,2025-10-24 16:00:22,2025-10-24 16:15:22,177.657,177.677,1,0.78,USD,2025-10-24 15:03:27.426118,BUY,"BUY (score=6, HTF=NEUTRAL)",177.74899,BUY,51.33597706363078,HOLD,177.74862749652718,HOLD,177.73854235017555,HOLD,177.7062197681985,BUY,0.0042668115953006,BUY,0.0044954412263396,SELL,58.05098418843472,SELL,81.71453156929887,BUY,177.764604710215,177.73399428978502,HOLD,-3.365712686050042,BUY,13.222819791057844,HOLD,-41.94901581156528,BUY,0.0077804402165749,HOLD,,6.0,3.0,6.0,NEUTRAL,NEUTRAL,NEUTRAL
put,dbf9e185-b461-4271-bf8c-04037a127340,S900,EUR/USD,2025-10-24 16:00:27,2025-10-24 16:15:27,1.16265,1.16311,1,-1.0,USD,2025-10-24 15:03:31.107110,SELL,"SELL (score=6, HTF=NEUTRAL)",1.16323,SELL,68.2741216413506,HOLD,1.1630470250672351,HOLD,1.162908278452001,HOLD,1.162751789367466,BUY,0.000109713693178,BUY,9.161130871079598e-05,SELL,100.0,SELL,97.84946236562376,BUY,1.1632839657033724,1.1627810342966274,SELL,119.42554799703184,BUY,25.30480061996202,SELL,-0.0,HOLD,4.809906830219605e-05,HOLD,,4.0,6.0,5.0,NEUTRAL,NEUTRAL,NEUTRAL
call,55ff09a3-d091-46e3-9325-1791200439b3,S900,GBP/AUD,2025-10-24 16:00:31,2025-10-24 16:15:31,2.04766,2.04783,1,0.54,USD,2025-10-24 15:03:35.349600,SELL,"SELL (score=6, HTF=NEUTRAL)",2.04446,SELL,75.2711040827798,HOLD,2.0439407793209576,HOLD,2.0436897141909,HOLD,2.0435904097674893,BUY,0.0002309131136866,BUY,0.0001590094194981,SELL,100.0,SELL,100.0,BUY,2.0445044130456793,2.04316758695432,SELL,138.29787234048027,BUY,25.344000182195533,SELL,-0.0,HOLD,9.24592776268421e-05,HOLD,,4.0,6.0,5.0,NEUTRAL,NEUTRAL,NEUTRAL
call,84615926-42ec-4a87-8556-01ee74e47ad7,S900,GBP/CAD,2025-10-24 16:00:36,2025-10-24 16:15:36,1.87075,1.87039,1,-1.0,USD,2025-10-24 15:03:40.908445,SELL,"SELL (score=6, HTF=NEUTRAL)",1.8636,SELL,75.66809507177668,HOLD,1.8630138164634007,HOLD,1.8628133307596264,HOLD,1.863140765058684,BUY,0.0002111568669633,BUY,0.0001368095692431,SELL,100.0,SELL,96.66666666666389,BUY,1.8635700141294855,1.8622429858705143,SELL,161.73984024251698,BUY,26.67009296469795,SELL,-0.0,BUY,9.939395243588673e-05,HOLD,,5.0,6.0,4.0,NEUTRAL,NEUTRAL,NEUTRAL
call,db193d1a-fdd2-421a-8e50-aba7f00a08fe,S900,GBP/CHF,2025-10-24 16:00:41,2025-10-24 16:15:41,1.06039,1.05951,1,-1.0,USD,2025-10-24 15:03:44.522039,SELL,"SELL (score=6, HTF=NEUTRAL)",1.05877,SELL,61.41582068235052,HOLD,1.058539658891336,HOLD,1.0584780620717236,HOLD,1.0584475281940238,BUY,7.699859256549146e-05,BUY,4.236095210803293e-05,SELL,100.0,SELL,97.47474747475292,BUY,1.0588258685312606,1.0581471314687396,SELL,133.90010626991062,HOLD,11.689001901098903,SELL,-0.0,HOLD,8.635035475735118e-05,HOLD,,3.0,6.0,6.0,NEUTRAL,NEUTRAL,NEUTRAL
call,f070609d-df38-476b-bdd6-3d441cd70212,S900,USD/CHF,2025-10-24 16:01:01,2025-10-24 16:16:01,0.79509,0.79478,1,-1.0,USD,2025-10-24 15:04:01.861410,BUY,"BUY (score=6, HTF=NEUTRAL)",0.79522,BUY,29.73703691812503,HOLD,0.7953469358690533,HOLD,0.7954455685647397,HOLD,0.7955500044193601,SELL,-7.418857682472968e-05,SELL,-6.279837871991711e-05,BUY,0.0,BUY,1.6666666666592558,BUY,0.7955322191577818,0.7951897808422181,BUY,-120.82262210793198,SELL,27.24141323169448,BUY,-100.0,HOLD,3.006889934808832e-05,HOLD,,6.0,4.0,5.0,NEUTRAL,NEUTRAL,NEUTRAL
call,4edb66b7-8a4b-4483-ad82-f6437f434b29,S900,USD/CHF,2025-10-24 16:01:01,2025-10-24 16:16:01,0.79509,0.79478,1,-1.0,USD,2025-10-24 15:04:01.861410,BUY,"BUY (score=6, HTF=NEUTRAL)",0.79522,BUY,29.73703691812503,HOLD,0.7953469358690533,HOLD,0.7954455685647397,HOLD,0.7955500044193601,SELL,-7.418857682472968e-05,SELL,-6.279837871991711e-05,BUY,0.0,BUY,1.6666666666592558,BUY,0.7955322191577818,0.7951897808422181,BUY,-120.82262210793198,SELL,27.24141323169448,BUY,-100.0,HOLD,3.006889934808832e-05,HOLD,,6.0,4.0,5.0,NEUTRAL,NEUTRAL,NEUTRAL
call,10d22462-c4d4-4328-8ab9-fb251155bade,S900,USD/CHF,2025-10-24 16:01:01,2025-10-24 16:16:01,0.79509,0.79478,1,-1.0,USD,2025-10-24 15:04:01.861410,BUY,"BUY (score=6, HTF=NEUTRAL)",0.79522,BUY,29.73703691812503,HOLD,0.7953469358690533,HOLD,0.7954455685647397,HOLD,0.7955500044193601,SELL,-7.418857682472968e-05,SELL,-6.279837871991711e-05,BUY,0.0,BUY,1.6666666666592558,BUY,0.7955322191577818,0.7951897808422181,BUY,-120.82262210793198,SELL,27.24141323169448,BUY,-100.0,HOLD,3.006889934808832e-05,HOLD,,6.0,4.0,5.0,NEUTRAL,NEUTRAL,NEUTRAL
call,0b3917e7-211a-4b21-9a97-7a397f5c65df,S900,USD/CHF,2025-10-24 16:01:01,2025-10-24 16:16:01,0.79509,0.79478,1,-1.0,USD,2025-10-24 15:04:01.861410,BUY,"BUY (score=6, HTF=NEUTRAL)",0.79522,BUY,29.73703691812503,HOLD,0.7953469358690533,HOLD,0.7954455685647397,HOLD,0.7955500044193601,SELL,-7.418857682472968e-05,SELL,-6.279837871991711e-05,BUY,0.0,BUY,1.6666666666592558,BUY,0.7955322191577818,0.7951897808422181,BUY,-120.82262210793198,SELL,27.24141323169448,BUY,-100.0,HOLD,3.006889934808832e-05,HOLD,,6.0,4.0,5.0,NEUTRAL,NEUTRAL,NEUTRAL
put,f37dd3d6-cefb-4bcd-b4a8-f43d2cd34898,S900,AUD/CAD,2025-10-24 16:15:16,2025-10-24 16:30:16,0.91328,0.91229,1,0.9,USD,,,,,,,,,,,,,,,,,,,,,,,,,,,,,,,,,,,,,,,
call,57835770-9164-43c6-93c1-d73392aa31d5,S900,AUD/CHF,2025-10-24 16:15:20,2025-10-24 16:30:20,0.51735,0.51696,1,-1.0,USD,,,,,,,,,,,,,,,,,,,,,,,,,,,,,,,,,,,,,,,
call,69ca0980-c0bc-48bc-8feb-3b5862280867,S900,AUD/JPY,2025-10-24 16:15:25,2025-10-24 16:30:25,99.418,99.293,1,-1.0,USD,,,,,,,,,,,,,,,,,,,,,,,,,,,,,,,,,,,,,,,
call,3a95d840-63e0-4556-8686-2704b47f7125,S900,CAD/JPY,2025-10-24 16:15:30,2025-10-24 16:30:30,108.862,108.837,1,-1.0,USD,,,,,,,,,,,,,,,,,,,,,,,,,,,,,,,,,,,,,,,
call,02a5d215-3223-49b2-80fd-e8ad484891aa,S900,CAD/CHF,2025-10-24 16:15:34,2025-10-24 16:30:34,0.56645,0.56664,1,0.69,USD,,,,,,,,,,,,,,,,,,,,,,,,,,,,,,,,,,,,,,,
call,8614d4b3-c055-4eb2-9a0d-fefdc9f8c933,S900,CHF/JPY,2025-10-24 16:15:39,2025-10-24 16:30:39,192.159,192.049,1,-1.0,USD,,,,,,,,,,,,,,,,,,,,,,,,,,,,,,,,,,,,,,,
put,cda31d8b-a320-4072-89a9-da05ceeda282,S900,EUR/AUD,2025-10-24 16:15:44,2025-10-24 16:30:44,1.78702,1.78843,1,-1.0,USD,,,,,,,,,,,,,,,,,,,,,,,,,,,,,,,,,,,,,,,
put,771bd98a-91b9-457f-9393-efb175082766,S900,EUR/GBP,2025-10-24 16:16:01,2025-10-24 16:31:01,0.87274,0.87292,1,-1.0,USD,,,,,,,,,,,,,,,,,,,,,,,,,,,,,,,,,,,,,,,
put,265ee9e0-09f8-4df9-aa1a-4b52e13f2145,S900,EUR/GBP,2025-10-24 16:16:01,2025-10-24 16:31:01,0.87272,0.87292,1,-1.0,USD,,,,,,,,,,,,,,,,,,,,,,,,,,,,,,,,,,,,,,,
put,1d8fbec4-4116-4bbf-8eb7-796bfab618e6,S900,EUR/GBP,2025-10-24 16:16:01,2025-10-24 16:31:01,0.87272,0.87292,1,-1.0,USD,,,,,,,,,,,,,,,,,,,,,,,,,,,,,,,,,,,,,,,
put,1a332565-1942-4118-8c73-9e6f4d8e8b1d,S900,EUR/USD,2025-10-24 16:16:03,2025-10-24 16:31:03,1.16325,1.16216,1,0.92,USD,,,,,,,,,,,,,,,,,,,,,,,,,,,,,,,,,,,,,,,
call,bb9e9dcb-7ed5-4fbe-85f7-f47159bce94f,S900,GBP/AUD,2025-10-24 16:16:08,2025-10-24 16:31:08,2.04735,2.04967,1,0.34,USD,,,,,,,,,,,,,,,,,,,,,,,,,,,,,,,,,,,,,,,
put,f755685e-f510-4181-9c6d-a60adcf6fce6,S900,GBP/CAD,2025-10-24 16:16:13,2025-10-24 16:31:13,1.87021,1.86866,1,0.62,USD,,,,,,,,,,,,,,,,,,,,,,,,,,,,,,,,,,,,,,,
call,f5fbc6b8-7056-4971-bef6-97af62f110cf,S900,GBP/CHF,2025-10-24 16:16:18,2025-10-24 16:31:18,1.05941,1.05911,1,-1.0,USD,,,,,,,,,,,,,,,,,,,,,,,,,,,,,,,,,,,,,,,
call,070f126b-e70e-4ad1-95e7-388335d0ae4a,S900,GBP/JPY,2025-10-24 16:16:23,2025-10-24 16:31:23,203.606,203.404,1,-1.0,USD,,,,,,,,,,,,,,,,,,,,,,,,,,,,,,,,,,,,,,,
put,2fb02f87-f14e-4339-a03f-d8e8c51ab4ea,S900,GBP/USD,2025-10-24 16:16:27,2025-10-24 16:31:27,1.333,1.33127,1,0.58,USD,,,,,,,,,,,,,,,,,,,,,,,,,,,,,,,,,,,,,,,
call,af0b2774-839d-48fe-90fc-b45035bc18e0,S900,USD/CHF,2025-10-24 16:16:32,2025-10-24 16:31:32,0.79477,0.79559,1,0.43,USD,,,,,,,,,,,,,,,,,,,,,,,,,,,,,,,,,,,,,,,
call,9ad19058-b436-4e8e-9ca4-8f5ab2d40722,S900,CAD/JPY,2025-10-24 16:31:05,2025-10-24 16:46:05,108.837,108.893,1,0.88,USD,,,,,,,,,,,,,,,,,,,,,,,,,,,,,,,,,,,,,,,
call,124b5c8f-f954-4420-bfe3-b96edfe9f639,S900,CHF/JPY,2025-10-24 16:31:10,2025-10-24 16:46:10,192.014,192.056,1,0.74,USD,,,,,,,,,,,,,,,,,,,,,,,,,,,,,,,,,,,,,,,
call,97270de2-83b2-4607-9305-48d3da8b5c93,S900,EUR/CAD,2025-10-24 16:31:15,2025-10-24 16:46:15,1.63127,1.63123,1,-1.0,USD,,,,,,,,,,,,,,,,,,,,,,,,,,,,,,,,,,,,,,,
call,b30db954-5444-4aed-94ca-023154420927,S900,EUR/CHF,2025-10-24 16:31:19,2025-10-24 16:46:19,0.92465,0.92488,1,0.92,USD,,,,,,,,,,,,,,,,,,,,,,,,,,,,,,,,,,,,,,,
call,742b476e-0bed-4b19-8cef-9bb29e0c8092,S900,EUR/GBP,2025-10-24 16:31:24,2025-10-24 16:46:24,0.87294,0.87355,1,0.92,USD,,,,,,,,,,,,,,,,,,,,,,,,,,,,,,,,,,,,,,,
call,f6ed5ee1-841a-42de-93a8-bfe0d86beab5,S900,EUR/JPY,2025-10-24 16:31:29,2025-10-24 16:46:29,177.567,177.645,1,0.78,USD,,,,,,,,,,,,,,,,,,,,,,,,,,,,,,,,,,,,,,,
call,1bd63530-7c87-4fe9-b001-7057bcaee156,S900,EUR/USD,2025-10-24 16:31:34,2025-10-24 16:46:34,1.1622,1.16273,1,0.92,USD,,,,,,,,,,,,,,,,,,,,,,,,,,,,,,,,,,,,,,,
put,92ea981b-cfd9-4fb9-aa44-778681553ddd,S900,GBP/AUD,2025-10-24 16:31:38,2025-10-24 16:46:38,2.04948,2.04598,1,0.37,USD,,,,,,,,,,,,,,,,,,,,,,,,,,,,,,,,,,,,,,,
call,20cb61ae-5ef0-4f16-9522-e210129f1465,S900,GBP/CAD,2025-10-24 16:31:43,2025-10-24 16:46:43,1.86865,1.86731,1,-1.0,USD,,,,,,,,,,,,,,,,,,,,,,,,,,,,,,,,,,,,,,,
put,6c104f6d-1669-4bf4-b206-8d24fa72ee12,S900,USD/CAD,2025-10-24 16:32:00,2025-10-24 16:47:00,1.40369,1.40301,1,0.85,USD,,,,,,,,,,,,,,,,,,,,,,,,,,,,,,,,,,,,,,,
put,977dfde0-8ac0-4818-beb0-915fdd01d131,S900,USD/CAD,2025-10-24 16:32:00,2025-10-24 16:47:00,1.40369,1.40301,1,0.85,USD,,,,,,,,,,,,,,,,,,,,,,,,,,,,,,,,,,,,,,,
put,14fe32e9-ff19-4894-bd50-19727f336c14,S900,USD/CHF,2025-10-24 16:32:03,2025-10-24 16:47:03,0.7955,0.79563,1,-1.0,USD,,,,,,,,,,,,,,,,,,,,,,,,,,,,,,,,,,,,,,,
put,9dc688a2-0571-4163-9468-417fafb04115,S900,AUD/CAD,2025-10-24 16:46:15,2025-10-24 17:01:15,0.91255,0.91158,1,0.92,USD,,,,,,,,,,,,,,,,,,,,,,,,,,,,,,,,,,,,,,,
put,c04f26a4-0748-4f1b-94bf-c322ddb0b9b5,S900,AUD/CHF,2025-10-24 16:46:20,2025-10-24 17:01:20,0.51739,0.51688,1,0.81,USD,,,,,,,,,,,,,,,,,,,,,,,,,,,,,,,,,,,,,,,
put,56234acd-9e31-4fd8-904a-30ac4fa5ce97,S900,AUD/USD,2025-10-24 16:46:26,2025-10-24 17:01:26,0.6504,0.65002,1,0.65,USD,,,,,,,,,,,,,,,,,,,,,,,,,,,,,,,,,,,,,,,
put,fbf34d6f-f6cf-4546-9c48-669fe633dc17,S900,CAD/JPY,2025-10-24 16:46:30,2025-10-24 17:01:30,108.902,108.925,1,-1.0,USD,,,,,,,,,,,,,,,,,,,,,,,,,,,,,,,,,,,,,,,
put,a0911589-e62e-4971-ae88-7ca532152949,S900,CHF/JPY,2025-10-24 16:46:38,2025-10-24 17:01:38,192.044,192.1,1,-1.0,USD,,,,,,,,,,,,,,,,,,,,,,,,,,,,,,,,,,,,,,,
call,a9230a1b-c704-4d77-aca3-d81193fadae1,S900,EUR/AUD,2025-10-24 16:46:42,2025-10-24 17:01:42,1.7873,1.78873,1,0.79,USD,,,,,,,,,,,,,,,,,,,,,,,,,,,,,,,,,,,,,,,
put,ddd2eab8-5dc6-45d0-81f8-74243d63f2de,S900,EUR/USD,2025-10-24 16:47:01,2025-10-24 17:02:01,1.16252,1.16262,1,-1.0,USD,,,,,,,,,,,,,,,,,,,,,,,,,,,,,,,,,,,,,,,
put,b4848ed6-0791-4b7d-bad4-6fea48735e58,S900,EUR/USD,2025-10-24 16:47:01,2025-10-24 17:02:01,1.16252,1.16262,1,-1.0,USD,,,,,,,,,,,,,,,,,,,,,,,,,,,,,,,,,,,,,,,
put,f8ec2234-115c-443a-a301-ebb469368b96,S900,EUR/USD,2025-10-24 16:47:01,2025-10-24 17:02:01,1.16252,1.16262,1,-1.0,USD,,,,,,,,,,,,,,,,,,,,,,,,,,,,,,,,,,,,,,,
call,ac6de56b-a04d-49e0-b92b-396c33a16f51,S900,GBP/AUD,2025-10-24 16:47:04,2025-10-24 17:02:04,2.04616,2.04595,1,-1.0,USD,,,,,,,,,,,,,,,,,,,,,,,,,,,,,,,,,,,,,,,
call,2859916c-9724-43cf-8c62-0ea47f355e16,S900,GBP/CAD,2025-10-24 16:47:09,2025-10-24 17:02:09,1.86707,1.86526,1,-1.0,USD,,,,,,,,,,,,,,,,,,,,,,,,,,,,,,,,,,,,,,,
call,d7ff5210-6109-465e-9906-0505aea2f9e4,S900,GBP/CHF,2025-10-24 16:47:14,2025-10-24 17:02:14,1.05886,1.05753,1,-1.0,USD,,,,,,,,,,,,,,,,,,,,,,,,,,,,,,,,,,,,,,,
call,f30ebd9d-0045-43b8-8d14-13f090bebb12,S900,GBP/JPY,2025-10-24 16:47:18,2025-10-24 17:02:18,203.355,203.183,1,-1.0,USD,,,,,,,,,,,,,,,,,,,,,,,,,,,,,,,,,,,,,,,
call,8bbad9cd-bda8-4d70-9289-2f15cb1d5529,S900,GBP/USD,2025-10-24 16:47:23,2025-10-24 17:02:23,1.33079,1.32993,1,-1.0,USD,,,,,,,,,,,,,,,,,,,,,,,,,,,,,,,,,,,,,,,
call,e9321173-bd18-44c0-ae83-3e172903c53a,S900,USD/CAD,2025-10-24 16:47:28,2025-10-24 17:02:28,1.40315,1.40256,1,-1.0,USD,,,,,,,,,,,,,,,,,,,,,,,,,,,,,,,,,,,,,,,
call,42755927-6ed6-4bd8-a15a-cfb7f114492f,S900,AUD/CAD,2025-10-24 17:01:45,2025-10-24 17:16:45,0.91154,0.91246,1,0.88,USD,,,,,,,,,,,,,,,,,,,,,,,,,,,,,,,,,,,,,,,
call,9e92240a-029c-454c-991a-03e7a405b5db,S900,CAD/CHF,2025-10-24 17:02:07,2025-10-24 17:17:07,0.56696,0.56713,1,0.92,USD,,,,,,,,,,,,,,,,,,,,,,,,,,,,,,,,,,,,,,,
put,9e563c02-8b41-44cf-a6de-cbfbc7889243,S900,EUR/AUD,2025-10-24 17:02:11,2025-10-24 17:17:11,1.78855,1.78735,1,0.92,USD,,,,,,,,,,,,,,,,,,,,,,,,,,,,,,,,,,,,,,,
call,2449cea7-b95f-467e-af31-4fe9b2fd8c4b,S900,EUR/CAD,2025-10-24 17:02:16,2025-10-24 17:17:16,1.63061,1.63072,1,0.89,USD,,,,,,,,,,,,,,,,,,,,,,,,,,,,,,,,,,,,,,,
call,14f42b41-0e27-477d-a5a4-e3daf8ae3d06,S900,EUR/CHF,2025-10-24 17:02:21,2025-10-24 17:17:21,0.92456,0.92498,1,0.74,USD,,,,,,,,,,,,,,,,,,,,,,,,,,,,,,,,,,,,,,,
put,171692e3-bb7f-4bed-81e7-493681e1df0e,S900,EUR/GBP,2025-10-24 17:02:26,2025-10-24 17:17:26,0.87418,0.87412,1,0.89,USD,,,,,,,,,,,,,,,,,,,,,,,,,,,,,,,,,,,,,,,
put,a2958684-b0d2-4695-8207-eca49ad1a928,S900,EUR/JPY,2025-10-24 17:02:30,2025-10-24 17:17:30,177.61,177.694,1,-1.0,USD,,,,,,,,,,,,,,,,,,,,,,,,,,,,,,,,,,,,,,,
put,53f027c9-5b25-4907-aa79-a78f58a926ab,S900,GBP/AUD,2025-10-24 17:02:35,2025-10-24 17:17:35,2.04567,2.04453,1,0.84,USD,,,,,,,,,,,,,,,,,,,,,,,,,,,,,,,,,,,,,,,
call,050b7c11-8901-4ca3-8a94-b5e311c8807b,S900,GBP/CAD,2025-10-24 17:02:40,2025-10-24 17:17:40,1.86526,1.86546,1,0.71,USD,,,,,,,,,,,,,,,,,,,,,,,,,,,,,,,,,,,,,,,
call,c291342c-90f7-4237-b09f-917f62ce12e8,S900,GBP/CHF,2025-10-24 17:02:44,2025-10-24 17:17:44,1.05753,1.05807,1,0.85,USD,,,,,,,,,,,,,,,,,,,,,,,,,,,,,,,,,,,,,,,
call,467910f9-9fa9-4a0f-aca6-bcd159323b5e,S900,USD/CHF,2025-10-24 17:03:00,2025-10-24 17:18:00,0.79523,0.79523,1,0.0,USD,,,,,,,,,,,,,,,,,,,,,,,,,,,,,,,,,,,,,,,
call,c40d3c15-8175-4126-86f0-8b3b77be499e,S900,USD/CHF,2025-10-24 17:03:00,2025-10-24 17:18:00,0.79523,0.79523,1,0.0,USD,,,,,,,,,,,,,,,,,,,,,,,,,,,,,,,,,,,,,,,
put,fdc995e3-7632-47d4-ae8d-a1769e901627,S900,AUD/CAD,2025-10-24 17:17:11,2025-10-24 17:32:11,0.9123,0.91204,1,0.88,USD,,,,,,,,,,,,,,,,,,,,,,,,,,,,,,,,,,,,,,,
put,fad3b9c2-7520-409f-85c3-7b6aba2b321a,S900,AUD/CHF,2025-10-24 17:17:16,2025-10-24 17:32:16,0.51747,0.51749,1,-1.0,USD,,,,,,,,,,,,,,,,,,,,,,,,,,,,,,,,,,,,,,,
put,316692a0-8d0e-4e49-a8f9-4973d51f21c3,S900,AUD/JPY,2025-10-24 17:17:20,2025-10-24 17:32:20,99.417,99.453,1,-1.0,USD,,,,,,,,,,,,,,,,,,,,,,,,,,,,,,,,,,,,,,,
put,e6d3956a-d9f4-4ce9-90c2-87e80e4cb3b1,S900,AUD/USD,2025-10-24 17:17:25,2025-10-24 17:32:25,0.65069,0.65076,1,-1.0,USD,,,,,,,,,,,,,,,,,,,,,,,,,,,,,,,,,,,,,,,
put,a57873ac-5e20-4f36-9736-9b5e782b34fd,S900,CAD/CHF,2025-10-24 17:17:30,2025-10-24 17:32:30,0.56717,0.56738,1,-1.0,USD,,,,,,,,,,,,,,,,,,,,,,,,,,,,,,,,,,,,,,,
put,428a6f08-3a1f-4dc0-a94f-252b4944a87f,S900,CHF/JPY,2025-10-24 17:17:35,2025-10-24 17:32:35,192.093,192.163,1,-1.0,USD,,,,,,,,,,,,,,,,,,,,,,,,,,,,,,,,,,,,,,,
call,6bbcceae-e456-4937-ab1f-9c1de5a81f85,S900,EUR/AUD,2025-10-24 17:17:39,2025-10-24 17:32:39,1.78724,1.78703,1,-1.0,USD,,,,,,,,,,,,,,,,,,,,,,,,,,,,,,,,,,,,,,,
put,a219cc62-bf86-4b7f-9a44-e24c11f00887,S900,EUR/CAD,2025-10-24 17:17:44,2025-10-24 17:32:44,1.63066,1.62993,1,0.79,USD,,,,,,,,,,,,,,,,,,,,,,,,,,,,,,,,,,,,,,,
put,8d51faf8-97b7-4d13-893a-56cdd4b695a0,S900,EUR/JPY,2025-10-24 17:18:00,2025-10-24 17:33:00,177.675,177.761,1,-1.0,USD,,,,,,,,,,,,,,,,,,,,,,,,,,,,,,,,,,,,,,,
put,be20b747-1f29-4787-8a8c-4fd5114e9c4b,S900,EUR/JPY,2025-10-24 17:18:00,2025-10-24 17:33:00,177.675,177.761,1,-1.0,USD,,,,,,,,,,,,,,,,,,,,,,,,,,,,,,,,,,,,,,,
call,2d142606-672b-4a18-9cb2-bd5381e1c72c,S900,GBP/AUD,2025-10-24 17:18:02,2025-10-24 17:33:02,2.04447,2.04359,1,-1.0,USD,,,,,,,,,,,,,,,,,,,,,,,,,,,,,,,,,,,,,,,
put,d2fc771a-b58e-4589-9a3d-c85b3e51eb77,S900,GBP/CAD,2025-10-24 17:18:07,2025-10-24 17:33:07,1.86541,1.864,1,0.88,USD,,,,,,,,,,,,,,,,,,,,,,,,,,,,,,,,,,,,,,,
put,d8e20b5c-630d-409d-a644-dc7747396171,S900,GBP/JPY,2025-10-24 17:18:12,2025-10-24 17:33:12,203.245,203.28,1,-1.0,USD,,,,,,,,,,,,,,,,,,,,,,,,,,,,,,,,,,,,,,,
put,664fc0d9-cf7c-43c4-aefa-739ca5590e4a,S900,GBP/USD,2025-10-24 17:18:17,2025-10-24 17:33:17,1.33048,1.33003,1,0.86,USD,,,,,,,,,,,,,,,,,,,,,,,,,,,,,,,,,,,,,,,
put,28c628bd-6946-4212-87bd-3fcd098d378c,S900,USD/CAD,2025-10-24 17:18:21,2025-10-24 17:33:21,1.40211,1.40156,1,0.83,USD,,,,,,,,,,,,,,,,,,,,,,,,,,,,,,,,,,,,,,,
put,c6ba4474-9258-49be-a5cf-69e2cb7ca40d,S900,USD/CHF,2025-10-24 17:18:26,2025-10-24 17:33:26,0.79526,0.79521,1,0.83,USD,,,,,,,,,,,,,,,,,,,,,,,,,,,,,,,,,,,,,,,
call,2cf9b7a0-a5a4-44ff-a93c-0a8ecd287519,S900,AUD/CAD,2025-10-24 17:32:39,2025-10-24 17:47:39,0.91203,0.91194,1,-1.0,USD,,,,,,,,,,,,,,,,,,,,,,,,,,,,,,,,,,,,,,,
call,6cb3983d-50e0-4b6a-814a-af70ec5e2cfb,S900,AUD/CHF,2025-10-24 17:32:44,2025-10-24 17:47:44,0.51751,0.51781,1,0.72,USD,,,,,,,,,,,,,,,,,,,,,,,,,,,,,,,,,,,,,,,
put,954a844d-8254-4697-a578-90fac1e08ac0,S900,CAD/CHF,2025-10-24 17:33:01,2025-10-24 17:48:01,0.56739,0.5678,1,-1.0,USD,,,,,,,,,,,,,,,,,,,,,,,,,,,,,,,,,,,,,,,
put,5fc731ad-9db3-4c48-b31e-5bd07c2a1891,S900,CAD/CHF,2025-10-24 17:33:01,2025-10-24 17:48:01,0.56739,0.5678,1,-1.0,USD,,,,,,,,,,,,,,,,,,,,,,,,,,,,,,,,,,,,,,,
put,5b809e6c-87a7-485a-8b20-fe85a1724e4d,S900,CAD/CHF,2025-10-24 17:33:01,2025-10-24 17:48:01,0.5674,0.5678,1,-1.0,USD,,,,,,,,,,,,,,,,,,,,,,,,,,,,,,,,,,,,,,,
put,959b02fa-3d0e-449d-8a3a-f79540509df1,S900,CHF/JPY,2025-10-24 17:33:03,2025-10-24 17:48:03,192.172,192.061,1,0.85,USD,,,,,,,,,,,,,,,,,,,,,,,,,,,,,,,,,,,,,,,
put,65a2232d-4f1e-4990-98e9-bd120a9b7776,S900,EUR/AUD,2025-10-24 17:33:08,2025-10-24 17:48:08,1.78705,1.78618,1,0.8,USD,,,,,,,,,,,,,,,,,,,,,,,,,,,,,,,,,,,,,,,
call,babd608d-b0bc-4759-8433-07fb3acde8ea,S900,EUR/CAD,2025-10-24 17:33:13,2025-10-24 17:48:13,1.63002,1.62908,1,-1.0,USD,,,,,,,,,,,,,,,,,,,,,,,,,,,,,,,,,,,,,,,
call,5dfee42c-5690-4023-9257-41bae3eb2c32,S900,EUR/CHF,2025-10-24 17:33:17,2025-10-24 17:48:17,0.92489,0.92507,1,0.89,USD,,,,,,,,,,,,,,,,,,,,,,,,,,,,,,,,,,,,,,,
call,ba907c97-57ab-4beb-b788-19d4eab899cf,S900,EUR/GBP,2025-10-24 17:33:22,2025-10-24 17:48:22,0.87441,0.87427,1,-1.0,USD,,,,,,,,,,,,,,,,,,,,,,,,,,,,,,,,,,,,,,,
call,eb280d4c-ecd3-4ffb-b8f6-c338d73e1c76,S900,EUR/USD,2025-10-24 17:33:27,2025-10-24 17:48:27,1.16305,1.16247,1,-1.0,USD,,,,,,,,,,,,,,,,,,,,,,,,,,,,,,,,,,,,,,,
call,4d48c528-06b7-4f7c-a7d3-5bdbb7654a31,S900,GBP/AUD,2025-10-24 17:33:31,2025-10-24 17:48:31,2.04347,2.0428,1,-1.0,USD,,,,,,,,,,,,,,,,,,,,,,,,,,,,,,,,,,,,,,,
call,5241890b-69f5-4e40-8a5f-32f0722b2e60,S900,GBP/CAD,2025-10-24 17:33:37,2025-10-24 17:48:37,1.86399,1.86308,1,-1.0,USD,,,,,,,,,,,,,,,,,,,,,,,,,,,,,,,,,,,,,,,
put,a7a444d9-ab7a-4d9f-9355-a97e73bc9714,S900,GBP/JPY,2025-10-24 17:33:41,2025-10-24 17:48:41,203.267,203.221,1,0.81,USD,,,,,,,,,,,,,,,,,,,,,,,,,,,,,,,,,,,,,,,
call,1cf3b7df-3254-421e-b940-05de21d5f144,S900,USD/CAD,2025-10-24 17:34:00,2025-10-24 17:49:00,1.40149,1.40138,1,-1.0,USD,,,,,,,,,,,,,,,,,,,,,,,,,,,,,,,,,,,,,,,
call,996c66b8-d91d-4914-9c5c-cc470bd2b618,S900,USD/CAD,2025-10-24 17:34:00,2025-10-24 17:49:00,1.40149,1.40138,1,-1.0,USD,,,,,,,,,,,,,,,,,,,,,,,,,,,,,,,,,,,,,,,
call,61dabf90-6323-4584-af09-6f9d29f7c46d,S900,AUD/CAD,2025-10-24 17:48:07,2025-10-24 18:03:07,0.91198,0.9122,1,0.88,USD,,,,,,,,,,,,,,,,,,,,,,,,,,,,,,,,,,,,,,,
put,d4d7f37d-84f3-4c9f-b424-bcdc0a13a192,S900,AUD/CHF,2025-10-24 17:48:12,2025-10-24 18:03:12,0.51786,0.518,1,-1.0,USD,,,,,,,,,,,,,,,,,,,,,,,,,,,,,,,,,,,,,,,
call,6459628d-47ac-4007-a1ff-9f3e9d25fb9c,S900,AUD/USD,2025-10-24 17:48:17,2025-10-24 18:03:17,0.65077,0.65091,1,0.87,USD,,,,,,,,,,,,,,,,,,,,,,,,,,,,,,,,,,,,,,,
call,40d0c9bd-9dbb-4071-b8f3-0647b5a847eb,S900,CAD/JPY,2025-10-24 17:48:22,2025-10-24 18:03:22,109.059,109.036,1,-1.0,USD,,,,,,,,,,,,,,,,,,,,,,,,,,,,,,,,,,,,,,,
put,72dbabef-8662-4061-8fbc-3fdd88974f62,S900,CAD/CHF,2025-10-24 17:48:27,2025-10-24 18:03:27,0.5678,0.56784,1,-1.0,USD,,,,,,,,,,,,,,,,,,,,,,,,,,,,,,,,,,,,,,,
call,bd4e1052-e05e-4ef4-acd0-bc8acd6d1266,S900,CHF/JPY,2025-10-24 17:48:31,2025-10-24 18:03:31,192.057,192.005,1,-1.0,USD,,,,,,,,,,,,,,,,,,,,,,,,,,,,,,,,,,,,,,,
call,ee7382e3-7762-415d-8055-d3a2dfcbe14d,S900,EUR/CAD,2025-10-24 17:48:36,2025-10-24 18:03:36,1.62891,1.62909,1,0.7,USD,,,,,,,,,,,,,,,,,,,,,,,,,,,,,,,,,,,,,,,
put,2a800c8f-f77e-4ec5-9a6d-e7ce773bfe47,S900,EUR/CHF,2025-10-24 17:48:41,2025-10-24 18:03:41,0.92506,0.92518,1,-1.0,USD,,,,,,,,,,,,,,,,,,,,,,,,,,,,,,,,,,,,,,,
put,1adbd3a4-288d-430b-a958-7b222a82afe2,S900,GBP/CAD,2025-10-24 17:49:03,2025-10-24 18:04:03,1.86273,1.86319,1,-1.0,USD,,,,,,,,,,,,,,,,,,,,,,,,,,,,,,,,,,,,,,,
call,693d2a01-2ea0-4b93-b1a4-5f9d1903b011,S900,GBP/JPY,2025-10-24 17:49:08,2025-10-24 18:04:08,203.188,203.187,1,-1.0,USD,,,,,,,,,,,,,,,,,,,,,,,,,,,,,,,,,,,,,,,
call,0e926a26-bfcd-4148-80f3-24914c8907af,S900,GBP/USD,2025-10-24 17:49:13,2025-10-24 18:04:13,1.32923,1.32961,1,0.39,USD,,,,,,,,,,,,,,,,,,,,,,,,,,,,,,,,,,,,,,,
put,c9dc2d50-2f2d-4f85-9bd3-e0a22ba87c13,S900,USD/CHF,2025-10-24 17:49:18,2025-10-24 18:04:18,0.79579,0.79588,1,-1.0,USD,,,,,,,,,,,,,,,,,,,,,,,,,,,,,,,,,,,,,,,
put,4c21cfda-95d5-4359-b0b8-fbf11aee3c5b,S900,AUD/CAD,2025-10-24 18:03:33,2025-10-24 18:18:33,0.91219,0.91216,1,0.87,USD,,,,,,,,,,,,,,,,,,,,,,,,,,,,,,,,,,,,,,,
put,a747d17c-19b4-4600-9f47-d368c70a3370,S900,AUD/CHF,2025-10-24 18:03:38,2025-10-24 18:18:38,0.51801,0.51809,1,-1.0,USD,,,,,,,,,,,,,,,,,,,,,,,,,,,,,,,,,,,,,,,
call,f54b7e50-c6d3-4f8e-937e-292897ac757e,S900,AUD/JPY,2025-10-24 18:03:42,2025-10-24 18:18:42,99.468,99.462,1,-1.0,USD,,,,,,,,,,,,,,,,,,,,,,,,,,,,,,,,,,,,,,,
call,5f070aab-e63e-40ec-87fe-06589ce3f4cf,S900,CAD/CHF,2025-10-24 18:04:00,2025-10-24 18:19:00,0.56786,0.56791,1,0.92,USD,,,,,,,,,,,,,,,,,,,,,,,,,,,,,,,,,,,,,,,
call,521e3fe1-80f2-4271-b3d7-4cd356783ee1,S900,CAD/CHF,2025-10-24 18:04:01,2025-10-24 18:19:01,0.56786,0.56791,1,0.92,USD,,,,,,,,,,,,,,,,,,,,,,,,,,,,,,,,,,,,,,,
put,8fc931cc-06c0-4814-93f5-c3c478f789d9,S900,EUR/CAD,2025-10-24 18:04:03,2025-10-24 18:19:03,1.629,1.62903,1,-1.0,USD,,,,,,,,,,,,,,,,,,,,,,,,,,,,,,,,,,,,,,,
call,645ec60b-4f7a-410b-b9a1-e7996fdf5684,S900,EUR/CHF,2025-10-24 18:04:08,2025-10-24 18:19:08,0.92516,0.92523,1,0.92,USD,,,,,,,,,,,,,,,,,,,,,,,,,,,,,,,,,,,,,,,
put,0176ea19-32ff-4b78-a047-cc2add9173da,S900,EUR/JPY,2025-10-24 18:04:12,2025-10-24 18:19:12,177.641,177.633,1,0.78,USD,,,,,,,,,,,,,,,,,,,,,,,,,,,,,,,,,,,,,,,
put,e4ad3431-3850-49c2-b131-06161d5f55d3,S900,EUR/USD,2025-10-24 18:04:17,2025-10-24 18:19:17,1.16238,1.16247,1,-1.0,USD,,,,,,,,,,,,,,,,,,,,,,,,,,,,,,,,,,,,,,,
put,cbc1beef-7bd0-4423-aa65-b6ffe0dd327c,S900,GBP/AUD,2025-10-24 18:04:22,2025-10-24 18:19:22,2.04253,2.04252,1,0.73,USD,,,,,,,,,,,,,,,,,,,,,,,,,,,,,,,,,,,,,,,
put,3f2e977a-8925-486c-89e9-d64672eeb326,S900,GBP/CAD,2025-10-24 18:04:27,2025-10-24 18:19:27,1.86332,1.86323,1,0.63,USD,,,,,,,,,,,,,,,,,,,,,,,,,,,,,,,,,,,,,,,
put,6edb2768-d16b-4b60-ae43-9ccf3cd7b3e2,S900,GBP/USD,2025-10-24 18:04:35,2025-10-24 18:19:35,1.32962,1.3296,1,0.4,USD,,,,,,,,,,,,,,,,,,,,,,,,,,,,,,,,,,,,,,,
put,5ada71c2-df17-4211-a8f2-c4c799299716,S900,USD/CAD,2025-10-24 18:04:39,2025-10-24 18:19:39,1.40146,1.40141,1,0.88,USD,,,,,,,,,,,,,,,,,,,,,,,,,,,,,,,,,,,,,,,
call,b7deced7-897c-40e3-bc40-139e6482b3db,S900,USD/CHF,2025-10-24 18:04:44,2025-10-24 18:19:44,0.79588,0.79591,1,0.92,USD,,,,,,,,,,,,,,,,,,,,,,,,,,,,,,,,,,,,,,,
put,30083bda-b398-4ca7-ac19-c95f43c4a7bb,S900,AUD/CHF,2025-10-24 18:19:02,2025-10-24 18:34:02,0.51804,0.51789,1,0.6,USD,,,,,,,,,,,,,,,,,,,,,,,,,,,,,,,,,,,,,,,
put,f6765541-bca6-4665-99bc-612c1cdeb1e6,S900,AUD/CHF,2025-10-24 18:19:02,2025-10-24 18:34:02,0.51805,0.51789,1,0.6,USD,,,,,,,,,,,,,,,,,,,,,,,,,,,,,,,,,,,,,,,
call,060fbbdb-8c14-4c0d-a7d3-dd9e1294f594,S900,AUD/JPY,2025-10-24 18:19:06,2025-10-24 18:34:06,99.458,99.454,1,-1.0,USD,,,,,,,,,,,,,,,,,,,,,,,,,,,,,,,,,,,,,,,
put,7f434c33-bc9c-4843-ad2f-d0591bd1a02b,S900,CAD/CHF,2025-10-24 18:19:14,2025-10-24 18:34:14,0.56791,0.56795,1,-1.0,USD,,,,,,,,,,,,,,,,,,,,,,,,,,,,,,,,,,,,,,,
call,d77e27cf-2d6b-4a93-b675-1a9e9e72fa58,S900,CHF/JPY,2025-10-24 18:19:19,2025-10-24 18:34:19,191.976,192.019,1,0.9,USD,,,,,,,,,,,,,,,,,,,,,,,,,,,,,,,,,,,,,,,
call,3c0c222b-6141-4f52-9ae1-1d546eeb2762,S900,EUR/AUD,2025-10-24 18:19:23,2025-10-24 18:34:23,1.78579,1.78614,1,0.83,USD,,,,,,,,,,,,,,,,,,,,,,,,,,,,,,,,,,,,,,,
put,63860acc-5c92-4123-b9f1-115eb9159d5d,S900,EUR/CHF,2025-10-24 18:19:28,2025-10-24 18:34:28,0.92524,0.9252,1,0.6,USD,,,,,,,,,,,,,,,,,,,,,,,,,,,,,,,,,,,,,,,
call,552785d3-ebbc-4874-8762-179e0d938d65,S900,EUR/GBP,2025-10-24 18:19:32,2025-10-24 18:34:32,0.87424,0.87444,1,0.58,USD,,,,,,,,,,,,,,,,,,,,,,,,,,,,,,,,,,,,,,,
call,4ed4d4d9-82ad-43bb-8348-9cfc92c41a65,S900,EUR/JPY,2025-10-24 18:19:37,2025-10-24 18:34:37,177.637,177.651,1,0.78,USD,,,,,,,,,,,,,,,,,,,,,,,,,,,,,,,,,,,,,,,
call,8c12b6ea-0df7-48c1-88b4-e4ce54b3b5fb,S900,EUR/USD,2025-10-24 18:19:41,2025-10-24 18:34:41,1.16246,1.16249,1,0.92,USD,,,,,,,,,,,,,,,,,,,,,,,,,,,,,,,,,,,,,,,
put,1fb68d43-df47-4db2-9db3-0b450e7a9933,S900,GBP/AUD,2025-10-24 18:19:46,2025-10-24 18:34:46,2.04254,2.04248,1,0.73,USD,,,,,,,,,,,,,,,,,,,,,,,,,,,,,,,,,,,,,,,
call,1768ae4b-4805-41f2-9ec6-6ad993e5cadd,S900,GBP/USD,2025-10-24 18:20:03,2025-10-24 18:35:03,1.32975,1.32921,1,-1.0,USD,,,,,,,,,,,,,,,,,,,,,,,,,,,,,,,,,,,,,,,
put,84e0763b-01f8-42cd-afae-bf33bd09ef2d,S900,USD/CHF,2025-10-24 18:20:07,2025-10-24 18:35:07,0.79585,0.79587,1,-1.0,USD,,,,,,,,,,,,,,,,,,,,,,,,,,,,,,,,,,,,,,,
call,8db9c848-104a-4b59-99c1-6cf0b6d7574a,S900,AUD/CAD,2025-10-24 18:34:20,2025-10-24 18:49:20,0.91185,0.91168,1,-1.0,USD,,,,,,,,,,,,,,,,,,,,,,,,,,,,,,,,,,,,,,,
call,54355573-f934-4fbb-85a5-065fc723a0d5,S900,AUD/CHF,2025-10-24 18:34:25,2025-10-24 18:49:25,0.5179,0.5181,1,0.59,USD,,,,,,,,,,,,,,,,,,,,,,,,,,,,,,,,,,,,,,,
put,beb11a79-1145-4c5f-9fcb-b3badc3c2b7e,S900,AUD/JPY,2025-10-24 18:34:30,2025-10-24 18:49:30,99.448,99.481,1,-1.0,USD,,,,,,,,,,,,,,,,,,,,,,,,,,,,,,,,,,,,,,,
call,5165a633-ba6e-4ea2-9f78-2990ed3d8181,S900,AUD/USD,2025-10-24 18:34:35,2025-10-24 18:49:35,0.65076,0.65086,1,0.84,USD,,,,,,,,,,,,,,,,,,,,,,,,,,,,,,,,,,,,,,,
call,aa52302b-0612-4e4d-8fe0-004df442da59,S900,CAD/CHF,2025-10-24 18:34:39,2025-10-24 18:49:39,0.56793,0.56827,1,0.92,USD,,,,,,,,,,,,,,,,,,,,,,,,,,,,,,,,,,,,,,,
call,1f4fe6ff-99e6-4a4a-8eab-ae9dc0004eb9,S900,EUR/CHF,2025-10-24 18:35:00,2025-10-24 18:50:00,0.92516,0.92537,1,0.55,USD,,,,,,,,,,,,,,,,,,,,,,,,,,,,,,,,,,,,,,,
call,1342d6e3-f9b6-4fc2-bba6-c71e8c61b2b9,S900,EUR/CHF,2025-10-24 18:35:00,2025-10-24 18:50:00,0.92516,0.92537,1,0.55,USD,,,,,,,,,,,,,,,,,,,,,,,,,,,,,,,,,,,,,,,
call,038ee5d3-b1ea-4c31-8ca6-2261ba1da52d,S900,EUR/CHF,2025-10-24 18:35:01,2025-10-24 18:50:01,0.92518,0.92537,1,0.55,USD,,,,,,,,,,,,,,,,,,,,,,,,,,,,,,,,,,,,,,,
call,4f99a390-3b35-4e03-9193-c3a9a5fde7e1,S900,EUR/CHF,2025-10-24 18:35:01,2025-10-24 18:50:01,0.92518,0.92537,1,0.55,USD,,,,,,,,,,,,,,,,,,,,,,,,,,,,,,,,,,,,,,,
put,d130a119-2d34-451e-bbd3-3e6da4c1737f,S900,EUR/JPY,2025-10-24 18:35:06,2025-10-24 18:50:06,177.648,177.674,1,-1.0,USD,,,,,,,,,,,,,,,,,,,,,,,,,,,,,,,,,,,,,,,
call,71bfa0d1-37a2-4f0f-a626-7001c0806d4b,S900,EUR/USD,2025-10-24 18:35:10,2025-10-24 18:50:10,1.16242,1.16247,1,0.92,USD,,,,,,,,,,,,,,,,,,,,,,,,,,,,,,,,,,,,,,,
put,e8154637-5f2a-4e9b-a231-03e090b0374b,S900,GBP/AUD,2025-10-24 18:35:15,2025-10-24 18:50:15,2.04249,2.04227,1,0.73,USD,,,,,,,,,,,,,,,,,,,,,,,,,,,,,,,,,,,,,,,
call,e67c3074-e372-4cf4-a1cc-7de003336342,S900,GBP/CHF,2025-10-24 18:35:20,2025-10-24 18:50:20,1.05788,1.05821,1,0.87,USD,,,,,,,,,,,,,,,,,,,,,,,,,,,,,,,,,,,,,,,
call,838aa22f-da29-4265-9d26-bb7f6dfe8ad4,S900,GBP/JPY,2025-10-24 18:35:24,2025-10-24 18:50:24,203.129,203.187,1,0.59,USD,,,,,,,,,,,,,,,,,,,,,,,,,,,,,,,,,,,,,,,
call,c03acde5-e69e-441e-95b7-479258ff78fd,S900,GBP/USD,2025-10-24 18:35:29,2025-10-24 18:50:29,1.32918,1.32937,1,0.46,USD,,,,,,,,,,,,,,,,,,,,,,,,,,,,,,,,,,,,,,,
put,d043802a-d79a-4601-91b7-0bf378f10d88,S900,USD/CAD,2025-10-24 18:35:34,2025-10-24 18:50:34,1.40126,1.40078,1,0.5,USD,,,,,,,,,,,,,,,,,,,,,,,,,,,,,,,,,,,,,,,
put,d3345d99-accb-4f83-82d3-2bda344b2cca,S900,AUD/CHF,2025-10-24 18:50:01,2025-10-24 19:05:01,0.51809,0.5181,1,-1.0,USD,,,,,,,,,,,,,,,,,,,,,,,,,,,,,,,,,,,,,,,
put,e7584529-cc66-4a58-93e0-93b917e78cae,S900,AUD/JPY,2025-10-24 18:50:04,2025-10-24 19:05:04,99.482,99.502,1,-1.0,USD,,,,,,,,,,,,,,,,,,,,,,,,,,,,,,,,,,,,,,,
put,cda981d3-93c3-4693-bd5c-74e9312ecaee,S900,AUD/USD,2025-10-24 18:50:08,2025-10-24 19:05:08,0.65086,0.65112,1,-1.0,USD,,,,,,,,,,,,,,,,,,,,,,,,,,,,,,,,,,,,,,,
put,e0c0332e-6160-4795-8fb6-d09448a3b30c,S900,CAD/CHF,2025-10-24 18:50:17,2025-10-24 19:05:17,0.56826,0.56814,1,0.92,USD,,,,,,,,,,,,,,,,,,,,,,,,,,,,,,,,,,,,,,,
call,4cccfa29-c7ca-411a-b5a2-174352b7dccb,S900,CHF/JPY,2025-10-24 18:50:22,2025-10-24 19:05:22,191.989,192.042,1,0.66,USD,,,,,,,,,,,,,,,,,,,,,,,,,,,,,,,,,,,,,,,
call,cf91bb88-b342-45aa-986f-0c51cfb20346,S900,EUR/AUD,2025-10-24 18:50:26,2025-10-24 19:05:26,1.78587,1.78565,1,-1.0,USD,,,,,,,,,,,,,,,,,,,,,,,,,,,,,,,,,,,,,,,
call,2b1a27ed-7f13-495e-a32e-122f0993da59,S900,EUR/CAD,2025-10-24 18:50:31,2025-10-24 19:05:31,1.62822,1.62838,1,0.83,USD,,,,,,,,,,,,,,,,,,,,,,,,,,,,,,,,,,,,,,,
put,a40da837-afa9-4f88-8ef3-a6d0a38af61b,S900,EUR/CHF,2025-10-24 18:50:39,2025-10-24 19:05:39,0.92536,0.92522,1,0.53,USD,,,,,,,,,,,,,,,,,,,,,,,,,,,,,,,,,,,,,,,
call,b80ad68a-a5fc-4b8f-9de6-0141ad6100ff,S900,EUR/GBP,2025-10-24 18:50:44,2025-10-24 19:05:44,0.87436,0.87425,1,-1.0,USD,,,,,,,,,,,,,,,,,,,,,,,,,,,,,,,,,,,,,,,
call,23a8e427-cf31-4aa7-b80e-27b2ef82ba7c,S900,GBP/AUD,2025-10-24 18:51:00,2025-10-24 19:06:00,2.04224,2.04238,1,0.68,USD,,,,,,,,,,,,,,,,,,,,,,,,,,,,,,,,,,,,,,,
call,85f731f5-5505-4b43-89e1-8f653003ee75,S900,GBP/AUD,2025-10-24 18:51:00,2025-10-24 19:06:00,2.04224,2.04238,1,0.68,USD,,,,,,,,,,,,,,,,,,,,,,,,,,,,,,,,,,,,,,,
call,a7d2cf0e-015d-4fa0-9585-1960c06b04b5,S900,GBP/AUD,2025-10-24 18:51:00,2025-10-24 19:06:00,2.04224,2.04238,1,0.68,USD,,,,,,,,,,,,,,,,,,,,,,,,,,,,,,,,,,,,,,,
call,60eb0f34-7551-4c3c-a9c5-a416012fcd3f,S900,GBP/CAD,2025-10-24 18:51:03,2025-10-24 19:06:03,1.86198,1.86248,1,0.5,USD,,,,,,,,,,,,,,,,,,,,,,,,,,,,,,,,,,,,,,,
put,b4114db3-decf-4e39-9872-75871374a8d3,S900,GBP/CHF,2025-10-24 18:51:07,2025-10-24 19:06:07,1.05823,1.05819,1,0.87,USD,,,,,,,,,,,,,,,,,,,,,,,,,,,,,,,,,,,,,,,
put,e7f90526-fa73-43ba-a43f-4c75b3804c8f,S900,GBP/USD,2025-10-24 18:51:12,2025-10-24 19:06:12,1.32952,1.32992,1,-1.0,USD,,,,,,,,,,,,,,,,,,,,,,,,,,,,,,,,,,,,,,,
call,2c223bde-13a5-4147-847d-7418e4794eec,S900,USD/CAD,2025-10-24 18:51:17,2025-10-24 19:06:17,1.40057,1.4005,1,-1.0,USD,,,,,,,,,,,,,,,,,,,,,,,,,,,,,,,,,,,,,,,
call,e1a56e84-ade7-4b27-b2f8-8dc1fada2d31,S900,USD/CHF,2025-10-24 18:51:22,2025-10-24 19:06:22,0.79591,0.79565,1,-1.0,USD,,,,,,,,,,,,,,,,,,,,,,,,,,,,,,,,,,,,,,,
put,658c3983-e8bb-4083-9b79-a7ac1264077b,S900,AUD/CAD,2025-10-24 19:05:36,2025-10-24 19:20:36,0.91185,0.91205,1,-1.0,USD,,,,,,,,,,,,,,,,,,,,,,,,,,,,,,,,,,,,,,,
put,90102a4f-f5c1-4c2e-a50c-6b36bb209516,S900,AUD/CHF,2025-10-24 19:05:40,2025-10-24 19:20:40,0.51806,0.51797,1,0.52,USD,,,,,,,,,,,,,,,,,,,,,,,,,,,,,,,,,,,,,,,
put,ad04b545-02f9-4d01-a58c-6a4beb6ed77e,S900,AUD/JPY,2025-10-24 19:05:45,2025-10-24 19:20:45,99.502,99.488,1,0.53,USD,,,,,,,,,,,,,,,,,,,,,,,,,,,,,,,,,,,,,,,
call,f3fb7135-181a-4372-b281-50ef1d2d6833,S900,CAD/CHF,2025-10-24 19:06:01,2025-10-24 19:21:01,0.56812,0.56798,1,-1.0,USD,,,,,,,,,,,,,,,,,,,,,,,,,,,,,,,,,,,,,,,
call,5ab50816-d2ab-44a2-8e62-fcdba5bedf7c,S900,CAD/CHF,2025-10-24 19:06:02,2025-10-24 19:21:02,0.56812,0.56798,1,-1.0,USD,,,,,,,,,,,,,,,,,,,,,,,,,,,,,,,,,,,,,,,
put,64bf70e1-9d35-4fbc-a381-9568a6c68069,S900,CHF/JPY,2025-10-24 19:06:04,2025-10-24 19:21:04,192.046,192.032,1,0.59,USD,,,,,,,,,,,,,,,,,,,,,,,,,,,,,,,,,,,,,,,
call,0dab74bc-bfe5-4aff-92f2-d1bd598427c1,S900,EUR/AUD,2025-10-24 19:06:09,2025-10-24 19:21:09,1.78567,1.78581,1,0.86,USD,,,,,,,,,,,,,,,,,,,,,,,,,,,,,,,,,,,,,,,
put,021cc489-bb0f-46f6-bd1f-90e3033161c3,S900,EUR/CAD,2025-10-24 19:06:13,2025-10-24 19:21:13,1.6284,1.62872,1,-1.0,USD,,,,,,,,,,,,,,,,,,,,,,,,,,,,,,,,,,,,,,,
put,711bb53b-ee44-4ab6-948b-e783687514ae,S900,EUR/CHF,2025-10-24 19:06:18,2025-10-24 19:21:18,0.92518,0.92515,1,0.65,USD,,,,,,,,,,,,,,,,,,,,,,,,,,,,,,,,,,,,,,,
call,c57b303c-c522-41bf-8daf-fc66a93c8677,S900,EUR/GBP,2025-10-24 19:06:23,2025-10-24 19:21:23,0.87427,0.87402,1,-1.0,USD,,,,,,,,,,,,,,,,,,,,,,,,,,,,,,,,,,,,,,,
put,cb817ceb-6cc1-49fa-8b62-521a7153ddf2,S900,EUR/JPY,2025-10-24 19:06:27,2025-10-24 19:21:27,177.694,177.678,1,0.81,USD,,,,,,,,,,,,,,,,,,,,,,,,,,,,,,,,,,,,,,,
put,5ce9bd2a-f626-4b05-a7b3-61ba94136d48,S900,EUR/USD,2025-10-24 19:06:32,2025-10-24 19:21:32,1.16276,1.16275,1,0.89,USD,,,,,,,,,,,,,,,,,,,,,,,,,,,,,,,,,,,,,,,
put,2cd2f406-d133-4459-ab88-acdb8343dce1,S900,GBP/AUD,2025-10-24 19:06:40,2025-10-24 19:21:40,2.04258,2.04313,1,-1.0,USD,,,,,,,,,,,,,,,,,,,,,,,,,,,,,,,,,,,,,,,
put,068d8072-2ed1-410d-8eb3-383411d10c37,S900,GBP/USD,2025-10-24 19:07:00,2025-10-24 19:22:00,1.32999,1.33028,1,-1.0,USD,,,,,,,,,,,,,,,,,,,,,,,,,,,,,,,,,,,,,,,
put,18af63da-ef68-433b-ba17-d7267bc44589,S900,GBP/USD,2025-10-24 19:07:00,2025-10-24 19:22:00,1.32999,1.33028,1,-1.0,USD,,,,,,,,,,,,,,,,,,,,,,,,,,,,,,,,,,,,,,,
put,c315c5ab-0dcc-4fed-8cf6-2b86bd0e20d2,S900,GBP/USD,2025-10-24 19:07:00,2025-10-24 19:22:00,1.32999,1.33028,1,-1.0,USD,,,,,,,,,,,,,,,,,,,,,,,,,,,,,,,,,,,,,,,
call,3e1214fa-6ca2-4308-8251-3a5264a6a2a8,S900,USD/CHF,2025-10-24 19:07:02,2025-10-24 19:22:02,0.79564,0.7957,1,0.46,USD,,,,,,,,,,,,,,,,,,,,,,,,,,,,,,,,,,,,,,,
put,49894838-e74a-4890-9707-ad79f84e6353,S900,AUD/CAD,2025-10-24 19:21:16,2025-10-24 19:36:16,0.91199,0.91198,1,0.76,USD,,,,,,,,,,,,,,,,,,,,,,,,,,,,,,,,,,,,,,,
call,5b5d9b72-0f9d-4287-800f-7084ee2fdb9f,S900,AUD/CHF,2025-10-24 19:21:21,2025-10-24 19:36:21,0.51798,0.51795,1,-1.0,USD,,,,,,,,,,,,,,,,,,,,,,,,,,,,,,,,,,,,,,,
put,65dd5752-db96-4f4e-add3-559b8c63f623,S900,AUD/JPY,2025-10-24 19:21:26,2025-10-24 19:36:26,99.484,99.481,1,0.55,USD,,,,,,,,,,,,,,,,,,,,,,,,,,,,,,,,,,,,,,,
call,a307faae-bdd3-4c9b-92ac-0e8f93df591c,S900,AUD/USD,2025-10-24 19:21:30,2025-10-24 19:36:30,0.65106,0.65112,1,0.62,USD,,,,,,,,,,,,,,,,,,,,,,,,,,,,,,,,,,,,,,,
put,dcd0149e-8a0b-40b1-9ee1-ee771fb50591,S900,CAD/CHF,2025-10-24 19:21:35,2025-10-24 19:36:35,0.56797,0.56793,1,0.89,USD,,,,,,,,,,,,,,,,,,,,,,,,,,,,,,,,,,,,,,,
call,0f174be6-d0cc-4253-903f-57be072b04b8,S900,EUR/AUD,2025-10-24 19:21:43,2025-10-24 19:36:43,1.78584,1.78598,1,0.86,USD,,,,,,,,,,,,,,,,,,,,,,,,,,,,,,,,,,,,,,,
call,21da4687-5981-4b61-9920-2d0de2392d5c,S900,EUR/USD,2025-10-24 19:22:04,2025-10-24 19:37:04,1.16274,1.16307,1,0.89,USD,,,,,,,,,,,,,,,,,,,,,,,,,,,,,,,,,,,,,,,
put,31e94ad7-d8b6-4f03-a00e-04e6281271b5,S900,GBP/AUD,2025-10-24 19:22:09,2025-10-24 19:37:09,2.04324,2.0432,1,0.67,USD,,,,,,,,,,,,,,,,,,,,,,,,,,,,,,,,,,,,,,,
put,7c1ccf14-ef71-4d30-aefd-0f27b8620b17,S900,GBP/CHF,2025-10-24 19:22:13,2025-10-24 19:37:13,1.05851,1.05841,1,0.81,USD,,,,,,,,,,,,,,,,,,,,,,,,,,,,,,,,,,,,,,,
put,71cbb148-f2db-4a13-bf36-6278d5cfbf8e,S900,GBP/JPY,2025-10-24 19:22:18,2025-10-24 19:37:18,203.287,203.283,1,0.66,USD,,,,,,,,,,,,,,,,,,,,,,,,,,,,,,,,,,,,,,,
call,0879c817-9eab-437d-a1ed-aee31318076f,S900,GBP/USD,2025-10-24 19:22:23,2025-10-24 19:37:23,1.33031,1.33052,1,0.81,USD,,,,,,,,,,,,,,,,,,,,,,,,,,,,,,,,,,,,,,,
put,df1b0ad8-1d1c-478a-a805-484dce97bc70,S900,USD/CAD,2025-10-24 19:22:28,2025-10-24 19:37:28,1.4008,1.40068,1,0.81,USD,,,,,,,,,,,,,,,,,,,,,,,,,,,,,,,,,,,,,,,
put,68c6c160-3343-45d9-8328-7fcbf4e09a34,S900,USD/CHF,2025-10-24 19:22:32,2025-10-24 19:37:32,0.79569,0.79548,1,0.45,USD,,,,,,,,,,,,,,,,,,,,,,,,,,,,,,,,,,,,,,,
put,206b16d8-e501-48ab-b99d-7082c552f8e4,S900,AUD/CAD,2025-10-24 19:36:46,2025-10-24 19:51:46,0.91198,0.91202,1,-1.0,USD,,,,,,,,,,,,,,,,,,,,,,,,,,,,,,,,,,,,,,,
call,2b461fac-73fd-4367-a0db-3de0024b27af,S900,AUD/USD,2025-10-24 19:37:01,2025-10-24 19:52:01,0.65113,0.65105,1,-1.0,USD,,,,,,,,,,,,,,,,,,,,,,,,,,,,,,,,,,,,,,,
call,949ae073-61e6-4a07-8db3-b46652073416,S900,AUD/USD,2025-10-24 19:37:01,2025-10-24 19:52:01,0.65113,0.65105,1,-1.0,USD,,,,,,,,,,,,,,,,,,,,,,,,,,,,,,,,,,,,,,,
call,e11c7157-e152-4f91-a6d7-72cc71cd73f7,S900,AUD/USD,2025-10-24 19:37:01,2025-10-24 19:52:01,0.65113,0.65105,1,-1.0,USD,,,,,,,,,,,,,,,,,,,,,,,,,,,,,,,,,,,,,,,
put,af98d5a9-4a00-425d-9efb-1332525eefc2,S900,CAD/JPY,2025-10-24 19:37:04,2025-10-24 19:52:04,109.076,109.06,1,0.91,USD,,,,,,,,,,,,,,,,,,,,,,,,,,,,,,,,,,,,,,,
put,5f6d79e6-3cbc-4c34-82bc-5802efe86dc3,S900,CAD/CHF,2025-10-24 19:37:08,2025-10-24 19:52:08,0.56791,0.56792,1,-1.0,USD,,,,,,,,,,,,,,,,,,,,,,,,,,,,,,,,,,,,,,,
put,9442c645-6910-42bf-b4cc-b8a189ecc834,S900,CHF/JPY,2025-10-24 19:37:14,2025-10-24 19:52:14,192.047,192.019,1,0.91,USD,,,,,,,,,,,,,,,,,,,,,,,,,,,,,,,,,,,,,,,
put,2d1fb774-63ce-4fac-a3a1-c79a9225d10b,S900,EUR/CAD,2025-10-24 19:37:19,2025-10-24 19:52:19,1.62899,1.6286,1,0.81,USD,,,,,,,,,,,,,,,,,,,,,,,,,,,,,,,,,,,,,,,
put,d8364042-fd3e-4781-a1b0-13a0336eb9f3,S900,EUR/CHF,2025-10-24 19:37:23,2025-10-24 19:52:23,0.92523,0.925,1,0.71,USD,,,,,,,,,,,,,,,,,,,,,,,,,,,,,,,,,,,,,,,
put,089122be-facd-4b33-b3ff-5befc4f5e826,S900,EUR/GBP,2025-10-24 19:37:28,2025-10-24 19:52:28,0.87409,0.87397,1,0.75,USD,,,,,,,,,,,,,,,,,,,,,,,,,,,,,,,,,,,,,,,
put,8d95fb3b-e3b9-4d8a-a272-a85317d54258,S900,EUR/JPY,2025-10-24 19:37:33,2025-10-24 19:52:33,177.701,177.633,1,0.81,USD,,,,,,,,,,,,,,,,,,,,,,,,,,,,,,,,,,,,,,,
put,b94fd2dc-f980-4d28-9435-d578c62eeec9,S900,EUR/USD,2025-10-24 19:37:37,2025-10-24 19:52:37,1.16307,1.16264,1,0.89,USD,,,,,,,,,,,,,,,,,,,,,,,,,,,,,,,,,,,,,,,
put,12be4035-70b4-4110-9361-16725b51053d,S900,GBP/CAD,2025-10-24 19:37:42,2025-10-24 19:52:42,1.86364,1.86341,1,0.62,USD,,,,,,,,,,,,,,,,,,,,,,,,,,,,,,,,,,,,,,,
call,b1032832-ea24-4e36-a0fc-d0bb5a9492d2,S900,USD/CAD,2025-10-24 19:38:02,2025-10-24 19:53:02,1.4006,1.40089,1,0.81,USD,,,,,,,,,,,,,,,,,,,,,,,,,,,,,,,,,,,,,,,
call,934b00a6-8723-4fcc-ae27-f0c15bbf3b13,S900,USD/CHF,2025-10-24 19:38:08,2025-10-24 19:53:08,0.79549,0.7956,1,0.44,USD,,,,,,,,,,,,,,,,,,,,,,,,,,,,,,,,,,,,,,,
put,18ff0b97-03d9-4f3c-9abb-7d6534fceba4,S900,AUD/CAD,2025-10-24 19:52:19,2025-10-24 20:07:19,0.91201,0.91162,1,0.68,USD,,,,,,,,,,,,,,,,,,,,,,,,,,,,,,,,,,,,,,,
put,528b71f6-d30a-42f7-897a-2bac6a732470,S900,AUD/CHF,2025-10-24 19:52:23,2025-10-24 20:07:23,0.51797,0.51773,1,0.82,USD,,,,,,,,,,,,,,,,,,,,,,,,,,,,,,,,,,,,,,,
call,d2e24e79-8191-44f5-a0ae-5af8be66dd0a,S900,AUD/USD,2025-10-24 19:52:30,2025-10-24 20:07:30,0.65105,0.65088,1,-1.0,USD,,,,,,,,,,,,,,,,,,,,,,,,,,,,,,,,,,,,,,,
call,de1fb445-a593-4c5f-9b31-bc5646d23363,S900,CAD/JPY,2025-10-24 19:52:35,2025-10-24 20:07:35,109.061,109.104,1,0.91,USD,,,,,,,,,,,,,,,,,,,,,,,,,,,,,,,,,,,,,,,
call,2410ac18-7d04-47e3-9940-8fac1a31b62f,S900,CAD/CHF,2025-10-24 19:52:49,2025-10-24 20:07:49,0.5679,0.56792,1,0.89,USD,,,,,,,,,,,,,,,,,,,,,,,,,,,,,,,,,,,,,,,
call,51f921a6-b016-44af-913d-d5fd2b1983a8,S900,EUR/AUD,2025-10-24 19:53:00,2025-10-24 20:08:00,1.78562,1.78587,1,0.86,USD,,,,,,,,,,,,,,,,,,,,,,,,,,,,,,,,,,,,,,,
call,edc82a21-7e20-45c4-ac74-dec254236095,S900,EUR/AUD,2025-10-24 19:53:00,2025-10-24 20:08:00,1.78562,1.78587,1,0.86,USD,,,,,,,,,,,,,,,,,,,,,,,,,,,,,,,,,,,,,,,
call,5ca0cab8-e7be-4024-a2c7-f1f9af107434,S900,EUR/CAD,2025-10-24 19:53:03,2025-10-24 20:08:03,1.62863,1.62822,1,-1.0,USD,,,,,,,,,,,,,,,,,,,,,,,,,,,,,,,,,,,,,,,
call,f0f88815-33c6-46bd-b91c-57eee81cdb33,S900,EUR/CHF,2025-10-24 19:53:08,2025-10-24 20:08:08,0.92498,0.9248,1,-1.0,USD,,,,,,,,,,,,,,,,,,,,,,,,,,,,,,,,,,,,,,,
call,02f3de75-7a91-47e7-a18e-40280bd6bc96,S900,EUR/GBP,2025-10-24 19:53:12,2025-10-24 20:08:12,0.87396,0.87379,1,-1.0,USD,,,,,,,,,,,,,,,,,,,,,,,,,,,,,,,,,,,,,,,
call,0cd67ca4-42be-420c-b096-cef20cd392f2,S900,EUR/JPY,2025-10-24 19:53:17,2025-10-24 20:08:17,177.644,177.664,1,0.81,USD,,,,,,,,,,,,,,,,,,,,,,,,,,,,,,,,,,,,,,,
call,dcf8649a-c63b-4d89-8ecd-b5da4b8f8e61,S900,EUR/USD,2025-10-24 19:53:21,2025-10-24 20:08:21,1.16258,1.16261,1,0.89,USD,,,,,,,,,,,,,,,,,,,,,,,,,,,,,,,,,,,,,,,
call,1ec78998-843b-4a9d-a046-a5d724c4b354,S900,GBP/AUD,2025-10-24 19:53:26,2025-10-24 20:08:26,2.04304,2.04374,1,0.65,USD,,,,,,,,,,,,,,,,,,,,,,,,,,,,,,,,,,,,,,,
call,924aa1c9-cb41-4567-8b79-7a9d1067791d,S900,GBP/CAD,2025-10-24 19:53:31,2025-10-24 20:08:31,1.86339,1.86334,1,-1.0,USD,,,,,,,,,,,,,,,,,,,,,,,,,,,,,,,,,,,,,,,
call,5b85181e-2308-492b-adf3-7c8d0d7f227c,S900,GBP/CHF,2025-10-24 19:53:36,2025-10-24 20:08:36,1.05828,1.05832,1,0.81,USD,,,,,,,,,,,,,,,,,,,,,,,,,,,,,,,,,,,,,,,
call,35b8f2e2-a657-48c5-ad02-3d16d00d7585,S900,GBP/USD,2025-10-24 19:53:40,2025-10-24 20:08:40,1.33011,1.33048,1,0.55,USD,,,,,,,,,,,,,,,,,,,,,,,,,,,,,,,,,,,,,,,
call,2df4204d-f062-449e-9589-c214655e5b45,S900,USD/CHF,2025-10-24 19:54:00,2025-10-24 20:09:00,0.79566,0.79537,1,-1.0,USD,,,,,,,,,,,,,,,,,,,,,,,,,,,,,,,,,,,,,,,
call,753aaad3-bbfa-4f1b-b842-134aeda51fc5,S900,USD/CHF,2025-10-24 19:54:00,2025-10-24 20:09:00,0.79566,0.79537,1,-1.0,USD,,,,,,,,,,,,,,,,,,,,,,,,,,,,,,,,,,,,,,,
put,7814e721-6d03-4b9a-b5d8-c9bc875002d1,S900,AUD/JPY,2025-10-24 20:26:22,2025-10-24 20:41:22,99.513,99.516,1,-1.0,USD,,,,,,,,,,,,,,,,,,,,,,,,,,,,,,,,,,,,,,,
put,8193fdf5-4de9-4fd2-b67b-89ad30c2f190,S900,AUD/USD,2025-10-24 20:26:27,2025-10-24 20:41:27,0.65103,0.65102,1,0.81,USD,,,,,,,,,,,,,,,,,,,,,,,,,,,,,,,,,,,,,,,
put,50570d7f-db98-406b-a615-1676d8c35499,S900,CAD/JPY,2025-10-24 20:26:32,2025-10-24 20:41:32,109.16,109.187,1,-1.0,USD,,,,,,,,,,,,,,,,,,,,,,,,,,,,,,,,,,,,,,,
put,f7dc7833-0ba2-48d7-aafe-f33337ddb173,S900,CHF/JPY,2025-10-24 20:26:36,2025-10-24 20:41:36,192.11,192.084,1,0.81,USD,,,,,,,,,,,,,,,,,,,,,,,,,,,,,,,,,,,,,,,
call,d25c4d65-0b7c-4e7d-9093-7ac64ed60913,S900,EUR/AUD,2025-10-24 20:26:40,2025-10-24 20:41:40,1.78562,1.78558,1,-1.0,USD,,,,,,,,,,,,,,,,,,,,,,,,,,,,,,,,,,,,,,,
put,0f83eea7-aeaa-4da8-972f-a25ed630eeb1,S900,EUR/JPY,2025-10-24 20:27:00,2025-10-24 20:42:00,177.705,177.709,1,-1.0,USD,,,,,,,,,,,,,,,,,,,,,,,,,,,,,,,,,,,,,,,
put,7b953d1e-82b8-4b27-9b2f-2c121551b171,S900,EUR/JPY,2025-10-24 20:27:00,2025-10-24 20:42:00,177.705,177.709,1,-1.0,USD,,,,,,,,,,,,,,,,,,,,,,,,,,,,,,,,,,,,,,,
put,f34efddd-4f90-45f0-be39-9d98bdaa0a82,S900,EUR/JPY,2025-10-24 20:27:00,2025-10-24 20:42:00,177.705,177.709,1,-1.0,USD,,,,,,,,,,,,,,,,,,,,,,,,,,,,,,,,,,,,,,,
call,deabec33-ece9-46d8-94a5-b232bd437f36,S900,EUR/USD,2025-10-24 20:27:05,2025-10-24 20:42:05,1.16259,1.16254,1,-1.0,USD,,,,,,,,,,,,,,,,,,,,,,,,,,,,,,,,,,,,,,,
call,caa97e53-58ca-42d1-8b51-c19fd902a1fb,S900,GBP/AUD,2025-10-24 20:27:10,2025-10-24 20:42:10,2.04344,2.04322,1,-1.0,USD,,,,,,,,,,,,,,,,,,,,,,,,,,,,,,,,,,,,,,,
call,f3429c23-5b93-4803-a0fb-caf49478f757,S900,GBP/CAD,2025-10-24 20:27:15,2025-10-24 20:42:15,1.86276,1.86224,1,-1.0,USD,,,,,,,,,,,,,,,,,,,,,,,,,,,,,,,,,,,,,,,
put,7fae207f-5dbd-4d4f-8ba3-a19fb7689d2a,S900,GBP/CHF,2025-10-24 20:27:19,2025-10-24 20:42:19,1.05847,1.05851,1,-1.0,USD,,,,,,,,,,,,,,,,,,,,,,,,,,,,,,,,,,,,,,,
put,3f404c11-4fe2-4cc2-80ff-e77dc2c4bb1e,S900,GBP/JPY,2025-10-24 20:27:24,2025-10-24 20:42:24,203.37,203.35,1,0.71,USD,,,,,,,,,,,,,,,,,,,,,,,,,,,,,,,,,,,,,,,
call,c18a06c5-de7a-4959-9436-413ae7881d71,S900,GBP/USD,2025-10-24 20:27:29,2025-10-24 20:42:29,1.33048,1.33027,1,-1.0,USD,,,,,,,,,,,,,,,,,,,,,,,,,,,,,,,,,,,,,,,
put,9b981c79-1288-4a2b-a946-952c05c0096b,S900,USD/CHF,2025-10-24 20:27:33,2025-10-24 20:42:33,0.79556,0.79573,1,-1.0,USD,,,,,,,,,,,,,,,,,,,,,,,,,,,,,,,,,,,,,,,
put,38307d60-d16f-4a04-be3c-7a7bcfe307d0,S900,AUD/JPY,2025-10-24 20:42:00,2025-10-24 20:57:00,99.516,99.509,1,0.9,USD,,,,,,,,,,,,,,,,,,,,,,,,,,,,,,,,,,,,,,,
put,98a6dd36-0aff-49dd-a8cd-3429ef3c86f9,S900,AUD/JPY,2025-10-24 20:42:00,2025-10-24 20:57:00,99.516,99.509,1,0.9,USD,,,,,,,,,,,,,,,,,,,,,,,,,,,,,,,,,,,,,,,
put,be3bbd78-8175-4a41-9e21-294b4cfe11ef,S900,AUD/JPY,2025-10-24 20:42:00,2025-10-24 20:57:00,99.516,99.509,1,0.9,USD,,,,,,,,,,,,,,,,,,,,,,,,,,,,,,,,,,,,,,,
put,5b0340ef-6081-4961-be23-b76491934060,S900,AUD/USD,2025-10-24 20:42:03,2025-10-24 20:57:03,0.65102,0.65097,1,0.81,USD,,,,,,,,,,,,,,,,,,,,,,,,,,,,,,,,,,,,,,,
put,e61431d2-c2ea-4476-ac18-fb980e8287aa,S900,CAD/CHF,2025-10-24 20:42:08,2025-10-24 20:57:08,0.56838,0.56835,1,0.72,USD,,,,,,,,,,,,,,,,,,,,,,,,,,,,,,,,,,,,,,,
call,df59c059-4ee2-42b7-b51c-83e4dd09828f,S900,CHF/JPY,2025-10-24 20:42:16,2025-10-24 20:57:16,192.085,192.094,1,0.86,USD,,,,,,,,,,,,,,,,,,,,,,,,,,,,,,,,,,,,,,,
call,14a1cc35-7b99-4b58-bb41-1b43edc6067e,S900,EUR/AUD,2025-10-24 20:42:20,2025-10-24 20:57:20,1.7856,1.78587,1,0.67,USD,,,,,,,,,,,,,,,,,,,,,,,,,,,,,,,,,,,,,,,
call,896ffdb5-0927-4cee-a155-b65a560dcbb4,S900,EUR/CAD,2025-10-24 20:42:25,2025-10-24 20:57:25,1.62744,1.62757,1,0.62,USD,,,,,,,,,,,,,,,,,,,,,,,,,,,,,,,,,,,,,,,
put,4c759e2f-c56f-4f08-a26c-2fc4f156ce3d,S900,EUR/CHF,2025-10-24 20:42:29,2025-10-24 20:57:29,0.92508,0.92512,1,-1.0,USD,,,,,,,,,,,,,,,,,,,,,,,,,,,,,,,,,,,,,,,
put,ae4b233e-4871-4fb7-b079-c6152504cf4c,S900,EUR/GBP,2025-10-24 20:42:34,2025-10-24 20:57:34,0.87384,0.87392,1,-1.0,USD,,,,,,,,,,,,,,,,,,,,,,,,,,,,,,,,,,,,,,,
call,01c0276a-c6d7-4f60-a9a8-8587990b2226,S900,EUR/JPY,2025-10-24 20:42:39,2025-10-24 20:57:39,177.706,177.729,1,0.76,USD,,,,,,,,,,,,,,,,,,,,,,,,,,,,,,,,,,,,,,,
call,c142424d-a594-4655-a45d-f88e459d1360,S900,EUR/USD,2025-10-24 20:42:44,2025-10-24 20:57:44,1.16252,1.1627,1,0.9,USD,,,,,,,,,,,,,,,,,,,,,,,,,,,,,,,,,,,,,,,
call,71a961d7-66ce-4c87-98e5-a2843e0bd770,S900,GBP/CHF,2025-10-24 20:43:00,2025-10-24 20:58:00,1.05852,1.05844,1,-1.0,USD,,,,,,,,,,,,,,,,,,,,,,,,,,,,,,,,,,,,,,,
call,a0024ba7-47e1-4f83-b51e-d2d1b707551c,S900,GBP/CHF,2025-10-24 20:43:00,2025-10-24 20:58:00,1.05852,1.05844,1,-1.0,USD,,,,,,,,,,,,,,,,,,,,,,,,,,,,,,,,,,,,,,,
call,f9f11c10-0010-4f24-80dc-eb537455d8fd,S900,GBP/CHF,2025-10-24 20:43:00,2025-10-24 20:58:00,1.05852,1.05844,1,-1.0,USD,,,,,,,,,,,,,,,,,,,,,,,,,,,,,,,,,,,,,,,
call,32ab4efe-916f-4f48-88f6-e0471901f75a,S900,GBP/JPY,2025-10-24 20:43:02,2025-10-24 20:58:02,203.361,203.349,1,-1.0,USD,,,,,,,,,,,,,,,,,,,,,,,,,,,,,,,,,,,,,,,
call,bd59452e-edd0-40ff-b892-70edd5fb6ab7,S900,GBP/USD,2025-10-24 20:43:07,2025-10-24 20:58:07,1.33028,1.33038,1,0.45,USD,,,,,,,,,,,,,,,,,,,,,,,,,,,,,,,,,,,,,,,
put,d2731003-0428-4a43-8c0d-dfbb0c555c92,S900,USD/CAD,2025-10-24 20:43:12,2025-10-24 20:58:12,1.39998,1.39997,1,0.76,USD,,,,,,,,,,,,,,,,,,,,,,,,,,,,,,,,,,,,,,,
put,6ee44749-adcb-431f-901d-1c37366274fc,S900,USD/CHF,2025-10-24 20:43:16,2025-10-24 20:58:16,0.79573,0.79569,1,0.81,USD,,,,,,,,,,,,,,,,,,,,,,,,,,,,,,,,,,,,,,,
put,71c0831a-9b3d-4ed4-8fec-26772113c5e8,S900,AUD/USD,2025-10-24 21:00:34,2025-10-24 21:15:34,0.65107,0.65105,1,0.78,USD,,,,,,,,,,,,,,,,,,,,,,,,,,,,,,,,,,,,,,,
call,86e84f2e-2ceb-4b1f-b36f-c3171c460ea0,S900,CAD/JPY,2025-10-24 21:00:39,2025-10-24 21:15:39,109.182,109.152,1,-1.0,USD,,,,,,,,,,,,,,,,,,,,,,,,,,,,,,,,,,,,,,,
call,03203d0a-522f-439a-9c5d-9cc23d650743,S900,CAD/CHF,2025-10-24 21:00:43,2025-10-24 21:15:43,0.5683,0.56818,1,-1.0,USD,,,,,,,,,,,,,,,,,,,,,,,,,,,,,,,,,,,,,,,
put,8fa50c4b-246c-4909-8d82-dd2951cb1aa4,S900,EUR/CAD,2025-10-24 21:01:00,2025-10-24 21:16:00,1.62769,1.628,1,-1.0,USD,,,,,,,,,,,,,,,,,,,,,,,,,,,,,,,,,,,,,,,
put,4d55d424-a9c3-405b-88f8-a842a522d2ff,S900,EUR/CAD,2025-10-24 21:01:00,2025-10-24 21:16:00,1.62769,1.628,1,-1.0,USD,,,,,,,,,,,,,,,,,,,,,,,,,,,,,,,,,,,,,,,
put,7226c2ea-3715-4b7b-a0d0-64e6c5a52ce6,S900,EUR/CAD,2025-10-24 21:01:00,2025-10-24 21:16:00,1.62769,1.628,1,-1.0,USD,,,,,,,,,,,,,,,,,,,,,,,,,,,,,,,,,,,,,,,
call,f9eb428f-5773-4d02-8862-2b85daff90a0,S900,EUR/CHF,2025-10-24 21:01:02,2025-10-24 21:16:02,0.92509,0.92508,1,-1.0,USD,,,,,,,,,,,,,,,,,,,,,,,,,,,,,,,,,,,,,,,
call,a3340ce9-ae81-4a21-aa4d-53d45fd8350e,S900,EUR/GBP,2025-10-24 21:01:07,2025-10-24 21:16:07,0.87386,0.87401,1,0.76,USD,,,,,,,,,,,,,,,,,,,,,,,,,,,,,,,,,,,,,,,
call,bb690d11-04c4-4011-83a3-3a7693b61832,S900,EUR/USD,2025-10-24 21:01:11,2025-10-24 21:16:11,1.16269,1.16287,1,0.89,USD,,,,,,,,,,,,,,,,,,,,,,,,,,,,,,,,,,,,,,,
call,31e0fae4-4be6-4a66-9126-a65162a477ed,S900,GBP/AUD,2025-10-24 21:01:16,2025-10-24 21:16:16,2.04344,2.0433,1,-1.0,USD,,,,,,,,,,,,,,,,,,,,,,,,,,,,,,,,,,,,,,,
put,7b34e1a1-83bc-4c68-9ce2-3fda1e29dbd8,S900,GBP/CAD,2025-10-24 21:01:21,2025-10-24 21:16:21,1.86256,1.86253,1,0.81,USD,,,,,,,,,,,,,,,,,,,,,,,,,,,,,,,,,,,,,,,
call,017576cd-9045-4a02-891e-1345cf4285d2,S900,GBP/JPY,2025-10-24 21:01:25,2025-10-24 21:16:25,203.345,203.308,1,-1.0,USD,,,,,,,,,,,,,,,,,,,,,,,,,,,,,,,,,,,,,,,
put,f453505e-134c-42ab-8b05-c5dfc90f00ed,S900,GBP/USD,2025-10-24 21:01:30,2025-10-24 21:16:30,1.3304,1.33037,1,0.38,USD,,,,,,,,,,,,,,,,,,,,,,,,,,,,,,,,,,,,,,,
put,9962d05a-0153-47a9-b1fb-e1b4e79b9b47,S900,USD/CAD,2025-10-24 21:01:35,2025-10-24 21:16:35,1.40001,1.40015,1,-1.0,USD,,,,,,,,,,,,,,,,,,,,,,,,,,,,,,,,,,,,,,,
call,0e8fb746-197c-4c54-8098-d1c0840ece50,S900,AUD/JPY,2025-10-24 21:16:02,2025-10-24 21:31:02,99.494,99.505,1,0.81,USD,,,,,,,,,,,,,,,,,,,,,,,,,,,,,,,,,,,,,,,
call,032a5e62-dfad-4c6d-95ef-0c6bb7d88f8c,S900,CAD/JPY,2025-10-24 21:16:07,2025-10-24 21:31:07,109.15,109.17,1,0.88,USD,,,,,,,,,,,,,,,,,,,,,,,,,,,,,,,,,,,,,,,
put,f88de9fd-9d06-4fc6-abcd-2f64d1c10ddf,S900,CAD/CHF,2025-10-24 21:16:12,2025-10-24 21:31:12,0.56818,0.56821,1,-1.0,USD,,,,,,,,,,,,,,,,,,,,,,,,,,,,,,,,,,,,,,,
put,5911799c-d01c-4660-93e1-a1507893e1ed,S900,CHF/JPY,2025-10-24 21:16:16,2025-10-24 21:31:16,192.079,192.115,1,-1.0,USD,,,,,,,,,,,,,,,,,,,,,,,,,,,,,,,,,,,,,,,
put,93c0cebf-c53c-4f9b-bcb8-9c0f6a2d2391,S900,EUR/AUD,2025-10-24 21:16:21,2025-10-24 21:31:21,1.78602,1.78592,1,0.58,USD,,,,,,,,,,,,,,,,,,,,,,,,,,,,,,,,,,,,,,,
put,e5fa815c-1b38-4c98-9f87-2ca9629997f1,S900,EUR/CAD,2025-10-24 21:16:26,2025-10-24 21:31:26,1.62801,1.62775,1,0.76,USD,,,,,,,,,,,,,,,,,,,,,,,,,,,,,,,,,,,,,,,
call,c2e56c8d-a537-47e7-a90c-18fb23bc5920,S900,EUR/CHF,2025-10-24 21:16:30,2025-10-24 21:31:30,0.92509,0.92507,1,-1.0,USD,,,,,,,,,,,,,,,,,,,,,,,,,,,,,,,,,,,,,,,
put,9e4fb776-162c-46c9-84f6-d8250a274bf2,S900,EUR/GBP,2025-10-24 21:16:35,2025-10-24 21:31:35,0.874,0.87394,1,0.51,USD,,,,,,,,,,,,,,,,,,,,,,,,,,,,,,,,,,,,,,,
put,e06d5914-eadb-49a5-9357-ed7c9c195131,S900,EUR/USD,2025-10-24 21:16:39,2025-10-24 21:31:39,1.16275,1.16266,1,0.78,USD,,,,,,,,,,,,,,,,,,,,,,,,,,,,,,,,,,,,,,,
put,dcf46ef0-e676-4226-9de8-ed707b6e05c1,S900,GBP/AUD,2025-10-24 21:16:44,2025-10-24 21:31:44,2.04325,2.04345,1,-1.0,USD,,,,,,,,,,,,,,,,,,,,,,,,,,,,,,,,,,,,,,,
call,dd0e905a-aac6-4dcb-9e2d-60c26d914164,S900,GBP/USD,2025-10-24 21:17:00,2025-10-24 21:32:00,1.33031,1.33029,1,-1.0,USD,,,,,,,,,,,,,,,,,,,,,,,,,,,,,,,,,,,,,,,
call,0ffb2866-bd62-4e71-8b6c-705808fc9091,S900,GBP/USD,2025-10-24 21:17:00,2025-10-24 21:32:00,1.33031,1.33029,1,-1.0,USD,,,,,,,,,,,,,,,,,,,,,,,,,,,,,,,,,,,,,,,
call,fadbf679-ca90-42ea-8bab-5ec5438f315b,S900,GBP/USD,2025-10-24 21:17:00,2025-10-24 21:32:00,1.33031,1.33029,1,-1.0,USD,,,,,,,,,,,,,,,,,,,,,,,,,,,,,,,,,,,,,,,
call,218cf64c-d129-4812-a38b-54e5e586c283,S900,USD/CAD,2025-10-24 21:17:03,2025-10-24 21:32:03,1.40013,1.40008,1,-1.0,USD,,,,,,,,,,,,,,,,,,,,,,,,,,,,,,,,,,,,,,,
call,c462239b-5855-4b43-9d12-b67ab2243439,S900,USD/CHF,2025-10-24 21:17:08,2025-10-24 21:32:08,0.79554,0.79564,1,0.89,USD,,,,,,,,,,,,,,,,,,,,,,,,,,,,,,,,,,,,,,,
call,75dc0874-2917-445e-880f-9720b2836ac2,S900,AUD/CAD,2025-10-24 21:31:21,2025-10-24 21:46:21,0.91136,0.91134,1,-1.0,USD,,,,,,,,,,,,,,,,,,,,,,,,,,,,,,,,,,,,,,,
call,1afdd76e-22f5-4a54-9c0a-7a30c07aecbd,S900,AUD/CHF,2025-10-24 21:31:26,2025-10-24 21:46:26,0.5179,0.51785,1,-1.0,USD,,,,,,,,,,,,,,,,,,,,,,,,,,,,,,,,,,,,,,,
put,a5344377-8645-4d52-84bf-0bfe5dde7260,S900,AUD/JPY,2025-10-24 21:31:31,2025-10-24 21:46:31,99.508,99.509,1,-1.0,USD,,,,,,,,,,,,,,,,,,,,,,,,,,,,,,,,,,,,,,,
call,54a29d98-bc17-4378-a867-84ff819542de,S900,AUD/USD,2025-10-24 21:31:35,2025-10-24 21:46:35,0.65096,0.65103,1,0.65,USD,,,,,,,,,,,,,,,,,,,,,,,,,,,,,,,,,,,,,,,
put,648a558e-d5e8-4265-99f9-12594d1eeff1,S900,CAD/JPY,2025-10-24 21:31:40,2025-10-24 21:46:40,109.182,109.182,1,0.0,USD,,,,,,,,,,,,,,,,,,,,,,,,,,,,,,,,,,,,,,,
put,8a240a59-22f4-4e12-9d92-98576b7a6da1,S900,CAD/CHF,2025-10-24 21:31:45,2025-10-24 21:46:45,0.56825,0.56819,1,0.44,USD,,,,,,,,,,,,,,,,,,,,,,,,,,,,,,,,,,,,,,,
put,2ccb375d-eb88-470d-a415-9d4156920f31,S900,EUR/CHF,2025-10-24 21:32:00,2025-10-24 21:47:00,0.92505,0.92505,1,0.0,USD,,,,,,,,,,,,,,,,,,,,,,,,,,,,,,,,,,,,,,,
put,82d211c0-e10d-40e0-9132-a4a70252a0e9,S900,EUR/CHF,2025-10-24 21:32:00,2025-10-24 21:47:00,0.92505,0.92505,1,0.0,USD,,,,,,,,,,,,,,,,,,,,,,,,,,,,,,,,,,,,,,,
put,a92cef68-2651-40f3-9bce-f8a231e6dd4b,S900,EUR/CHF,2025-10-24 21:32:00,2025-10-24 21:47:00,0.92505,0.92505,1,0.0,USD,,,,,,,,,,,,,,,,,,,,,,,,,,,,,,,,,,,,,,,
call,c3becb4c-1fd1-4d2e-8a39-3acc0c7ebb54,S900,EUR/GBP,2025-10-24 21:32:03,2025-10-24 21:47:03,0.8739,0.87393,1,0.46,USD,,,,,,,,,,,,,,,,,,,,,,,,,,,,,,,,,,,,,,,
put,afcc652a-8a49-4f70-b90d-b30533caa8f4,S900,EUR/JPY,2025-10-24 21:32:08,2025-10-24 21:47:08,177.742,177.747,1,-1.0,USD,,,,,,,,,,,,,,,,,,,,,,,,,,,,,,,,,,,,,,,
call,187217c0-cd05-41ad-8b5c-40e60379cc36,S900,EUR/USD,2025-10-24 21:32:13,2025-10-24 21:47:13,1.16261,1.16291,1,0.72,USD,,,,,,,,,,,,,,,,,,,,,,,,,,,,,,,,,,,,,,,
call,d778af65-53f9-4f41-a468-d45092bccb90,S900,GBP/AUD,2025-10-24 21:32:17,2025-10-24 21:47:17,2.04346,2.04354,1,0.58,USD,,,,,,,,,,,,,,,,,,,,,,,,,,,,,,,,,,,,,,,
call,f52ab827-b5f7-402a-bdf2-19831fa57e00,S900,GBP/CHF,2025-10-24 21:32:22,2025-10-24 21:47:22,1.05842,1.05836,1,-1.0,USD,,,,,,,,,,,,,,,,,,,,,,,,,,,,,,,,,,,,,,,
put,87920c97-aced-4a51-956a-e2f940f7d757,S900,GBP/JPY,2025-10-24 21:32:27,2025-10-24 21:47:27,203.376,203.369,1,0.44,USD,,,,,,,,,,,,,,,,,,,,,,,,,,,,,,,,,,,,,,,
call,39340658-9d39-4871-b8aa-5071730ba9c4,S900,GBP/USD,2025-10-24 21:32:31,2025-10-24 21:47:31,1.33027,1.33056,1,0.54,USD,,,,,,,,,,,,,,,,,,,,,,,,,,,,,,,,,,,,,,,
call,93a5e8d8-85a2-4d43-bc2f-68b708b9adca,S900,USD/CAD,2025-10-24 21:32:36,2025-10-24 21:47:36,1.40017,1.39988,1,-1.0,USD,,,,,,,,,,,,,,,,,,,,,,,,,,,,,,,,,,,,,,,
put,745341ac-f21e-4d51-84b3-4b67ee3c1153,S900,USD/CHF,2025-10-24 21:32:41,2025-10-24 21:47:41,0.79564,0.79543,1,0.89,USD,,,,,,,,,,,,,,,,,,,,,,,,,,,,,,,,,,,,,,,
call,dc334aab-0e1a-4372-bf72-bd14190c7eb8,S900,AUD/JPY,2025-10-24 21:47:02,2025-10-24 22:02:02,99.511,99.494,1,-1.0,USD,,,,,,,,,,,,,,,,,,,,,,,,,,,,,,,,,,,,,,,
put,f8be789e-af56-4e9e-93e7-b8d41a9a5052,S900,AUD/USD,2025-10-24 21:47:07,2025-10-24 22:02:07,0.65105,0.65114,1,-1.0,USD,,,,,,,,,,,,,,,,,,,,,,,,,,,,,,,,,,,,,,,
call,00de38fb-876a-4040-ae58-4fce085cfa05,S900,CAD/JPY,2025-10-24 21:47:12,2025-10-24 22:02:12,109.181,109.156,1,-1.0,USD,,,,,,,,,,,,,,,,,,,,,,,,,,,,,,,,,,,,,,,
call,14f04358-15bf-4d23-8c2c-2a171eb8123b,S900,CAD/CHF,2025-10-24 21:47:16,2025-10-24 22:02:16,0.56818,0.56809,1,-1.0,USD,,,,,,,,,,,,,,,,,,,,,,,,,,,,,,,,,,,,,,,
put,b1c9cf49-cc7d-4a22-a2d0-3de602074575,S900,CHF/JPY,2025-10-24 21:47:21,2025-10-24 22:02:21,192.133,192.128,1,0.61,USD,,,,,,,,,,,,,,,,,,,,,,,,,,,,,,,,,,,,,,,
put,d98ed402-1812-473c-bf5a-096874c2ee91,S900,EUR/AUD,2025-10-24 21:47:26,2025-10-24 22:02:26,1.78611,1.78622,1,-1.0,USD,,,,,,,,,,,,,,,,,,,,,,,,,,,,,,,,,,,,,,,
put,7760cef7-5625-4d6d-bf26-e2184dbe4020,S900,EUR/CAD,2025-10-24 21:47:30,2025-10-24 22:02:30,1.62785,1.62829,1,-1.0,USD,,,,,,,,,,,,,,,,,,,,,,,,,,,,,,,,,,,,,,,
call,ba8e9565-dc1b-44e6-8886-3a47e66e8414,S900,EUR/CHF,2025-10-24 21:47:35,2025-10-24 22:02:35,0.92505,0.92512,1,0.81,USD,,,,,,,,,,,,,,,,,,,,,,,,,,,,,,,,,,,,,,,
call,4a4a29d9-36e9-4f87-bf75-c494cdacdffe,S900,EUR/JPY,2025-10-24 21:47:39,2025-10-24 22:02:39,177.753,177.76,1,0.8,USD,,,,,,,,,,,,,,,,,,,,,,,,,,,,,,,,,,,,,,,
put,1899ac4c-b55d-415a-9f73-59dd8d676a46,S900,EUR/USD,2025-10-24 21:47:44,2025-10-24 22:02:44,1.16291,1.1633,1,-1.0,USD,,,,,,,,,,,,,,,,,,,,,,,,,,,,,,,,,,,,,,,
call,04c95a2a-d7de-45cc-8ea7-81644ecd9447,S900,GBP/CHF,2025-10-24 21:48:00,2025-10-24 22:03:00,1.05833,1.05877,1,0.58,USD,,,,,,,,,,,,,,,,,,,,,,,,,,,,,,,,,,,,,,,
call,3de7aef4-cd02-442b-95de-e574b7abc41a,S900,GBP/CHF,2025-10-24 21:48:00,2025-10-24 22:03:00,1.05833,1.05877,1,0.58,USD,,,,,,,,,,,,,,,,,,,,,,,,,,,,,,,,,,,,,,,
call,9377c380-d9cd-4e45-8f53-af818ce36dda,S900,GBP/JPY,2025-10-24 21:48:03,2025-10-24 22:03:03,203.37,203.445,1,0.42,USD,,,,,,,,,,,,,,,,,,,,,,,,,,,,,,,,,,,,,,,
put,9c3484ff-cd66-44a7-8e95-1902994e5188,S900,GBP/USD,2025-10-24 21:48:07,2025-10-24 22:03:07,1.33051,1.33136,1,-1.0,USD,,,,,,,,,,,,,,,,,,,,,,,,,,,,,,,,,,,,,,,
call,84d0f83a-5c16-4edd-86a7-be21b76da6aa,S900,USD/CAD,2025-10-24 21:48:12,2025-10-24 22:03:12,1.39988,1.39989,1,0.71,USD,,,,,,,,,,,,,,,,,,,,,,,,,,,,,,,,,,,,,,,
call,3ae7baab-5c69-4a55-bb6b-478f85d8d077,S900,USD/CHF,2025-10-24 21:48:17,2025-10-24 22:03:17,0.79544,0.79524,1,-1.0,USD,,,,,,,,,,,,,,,,,,,,,,,,,,,,,,,,,,,,,,,
call,b4f65fb8-afaa-47ac-9221-0e256cf0119e,S300,AUD/CHF,2025-10-24 22:02:32,2025-10-24 22:07:32,0.5178,0.51777,1,-1.0,USD,,,,,,,,,,,,,,,,,,,,,,,,,,,,,,,,,,,,,,,
call,a113c0b3-3e9c-47e5-8771-8fc2675a4c03,S300,AUD/JPY,2025-10-24 22:02:37,2025-10-24 22:07:37,99.497,99.502,1,0.78,USD,,,,,,,,,,,,,,,,,,,,,,,,,,,,,,,,,,,,,,,
call,d05a2bc3-1869-464d-afa2-934c8abb31fa,S300,CAD/JPY,2025-10-24 22:02:42,2025-10-24 22:07:42,109.152,109.173,1,0.78,USD,,,,,,,,,,,,,,,,,,,,,,,,,,,,,,,,,,,,,,,
put,800a3dfb-58f8-429d-96af-2b40da65dd5c,S300,EUR/CAD,2025-10-24 22:03:04,2025-10-24 22:08:04,1.62835,1.62801,1,0.78,USD,,,,,,,,,,,,,,,,,,,,,,,,,,,,,,,,,,,,,,,
call,4fb76e02-6983-448d-a078-1688489de963,S300,EUR/GBP,2025-10-24 22:03:08,2025-10-24 22:08:08,0.87369,0.87374,1,0.43,USD,,,,,,,,,,,,,,,,,,,,,,,,,,,,,,,,,,,,,,,
call,ccd2ca7b-e977-46e4-98cb-3e5edbff32c8,S300,EUR/JPY,2025-10-24 22:03:13,2025-10-24 22:08:13,177.758,177.75,1,-1.0,USD,,,,,,,,,,,,,,,,,,,,,,,,,,,,,,,,,,,,,,,
put,e10fe411-3cdb-4bf8-9b7e-c8bc60a62b8e,S300,EUR/USD,2025-10-24 22:03:17,2025-10-24 22:08:17,1.16326,1.16333,1,-1.0,USD,,,,,,,,,,,,,,,,,,,,,,,,,,,,,,,,,,,,,,,
put,98839f0f-4c19-4a4f-ac87-d7b91610671b,S300,GBP/AUD,2025-10-24 22:03:22,2025-10-24 22:08:22,2.04446,2.04428,1,0.71,USD,,,,,,,,,,,,,,,,,,,,,,,,,,,,,,,,,,,,,,,
put,0dbd4eef-1eb9-4c83-ad23-b5ad017df70d,S300,GBP/CAD,2025-10-24 22:03:26,2025-10-24 22:08:26,1.86369,1.86315,1,0.66,USD,,,,,,,,,,,,,,,,,,,,,,,,,,,,,,,,,,,,,,,
put,c81a6982-b478-46ca-8b3e-48677213e663,S300,GBP/CHF,2025-10-24 22:03:31,2025-10-24 22:08:31,1.05877,1.0586,1,0.55,USD,,,,,,,,,,,,,,,,,,,,,,,,,,,,,,,,,,,,,,,
put,2fd65cac-ef5e-406d-a4e3-2ead0e709e8c,S300,GBP/JPY,2025-10-24 22:03:36,2025-10-24 22:08:36,203.446,203.426,1,0.54,USD,,,,,,,,,,,,,,,,,,,,,,,,,,,,,,,,,,,,,,,
put,fb757b86-abcc-4f2d-beb3-643a29944d4f,S300,GBP/USD,2025-10-24 22:03:41,2025-10-24 22:08:41,1.33138,1.33136,1,0.76,USD,,,,,,,,,,,,,,,,,,,,,,,,,,,,,,,,,,,,,,,
put,e6800ffe-fbdf-4759-b52e-4574a70c5f36,S300,USD/CAD,2025-10-24 22:03:45,2025-10-24 22:08:45,1.39989,1.39954,1,0.76,USD,,,,,,,,,,,,,,,,,,,,,,,,,,,,,,,,,,,,,,,
call,3f0dd8c2-1a07-49c3-a10b-5728b7743cf8,S300,USD/CHF,2025-10-24 22:04:00,2025-10-24 22:09:00,0.79526,0.79511,1,-1.0,USD,,,,,,,,,,,,,,,,,,,,,,,,,,,,,,,,,,,,,,,
